# Made in Blockbench 5.1.6
mtllib komeiji_koishi_2.mtl

o head
v 0.25 1.625 0.25
v 0.25 1.625 -0.25
v 0.25 1.125 0.25
v 0.25 1.125 -0.25
v -0.25 1.625 -0.25
v -0.25 1.625 0.25
v -0.25 1.125 -0.25
v -0.25 1.125 0.25
vt 0.34375 0.71875
vt 0.40625 0.71875
vt 0.40625 0.65625
vt 0.34375 0.65625
vt 0.28125 0.71875
vt 0.34375 0.71875
vt 0.34375 0.65625
vt 0.28125 0.65625
vt 0.46875 0.71875
vt 0.53125 0.71875
vt 0.53125 0.65625
vt 0.46875 0.65625
vt 0.40625 0.71875
vt 0.46875 0.71875
vt 0.46875 0.65625
vt 0.40625 0.65625
vt 0.40625 0.71875
vt 0.34375 0.71875
vt 0.34375 0.78125
vt 0.40625 0.78125
vt 0.46875 0.78125
vt 0.40625 0.78125
vt 0.40625 0.71875
vt 0.46875 0.71875
vn 0 0 -1
vn 1 0 0
vn 0 0 1
vn -1 0 0
vn 0 1 0
vn 0 -1 0
usemtl m_fcbb2569-01e4-80e6-ac45-7ae0272003ad
f 4/4/1 7/3/1 5/2/1 2/1/1
f 3/8/2 4/7/2 2/6/2 1/5/2
f 8/12/3 3/11/3 1/10/3 6/9/3
f 7/16/4 8/15/4 6/14/4 5/13/4
f 6/20/5 1/19/5 2/18/5 5/17/5
f 7/24/6 4/23/6 3/22/6 8/21/6
o head
v 0.265625 1.640625 0.265625
v 0.265625 1.640625 -0.265625
v 0.265625 1.109375 0.265625
v 0.265625 1.109375 -0.265625
v -0.265625 1.640625 -0.265625
v -0.265625 1.640625 0.265625
v -0.265625 1.109375 -0.265625
v -0.265625 1.109375 0.265625
vt 0.0625 0.6171875
vt 0.125 0.6171875
vt 0.125 0.5546875
vt 0.0625 0.5546875
vt 0 0.6171875
vt 0.0625 0.6171875
vt 0.0625 0.5546875
vt 0 0.5546875
vt 0.1875 0.6171875
vt 0.25 0.6171875
vt 0.25 0.5546875
vt 0.1875 0.5546875
vt 0.125 0.6171875
vt 0.1875 0.6171875
vt 0.1875 0.5546875
vt 0.125 0.5546875
vt 0.125 0.6171875
vt 0.0625 0.6171875
vt 0.0625 0.6796875
vt 0.125 0.6796875
vt 0.1875 0.6796875
vt 0.125 0.6796875
vt 0.125 0.6171875
vt 0.1875 0.6171875
vn 0 0 -1
vn 1 0 0
vn 0 0 1
vn -1 0 0
vn 0 1 0
vn 0 -1 0
usemtl m_fcbb2569-01e4-80e6-ac45-7ae0272003ad
f 12/28/7 15/27/7 13/26/7 10/25/7
f 11/32/8 12/31/8 10/30/8 9/29/8
f 16/36/9 11/35/9 9/34/9 14/33/9
f 15/40/10 16/39/10 14/38/10 13/37/10
f 14/44/11 9/43/11 10/42/11 13/41/11
f 15/48/12 12/47/12 11/46/12 16/45/12
o hat
v 0.28125 1.6545789042210388 0.33871081415675275
v 0.28125 1.8237259164421924 -0.1977549706391249
v 0.28125 1.4757569759557463 0.28232847674970163
v 0.28125 1.6449039881768999 -0.25413730804617607
v -0.28125 1.8237259164421924 -0.1977549706391249
v -0.28125 1.6545789042210388 0.33871081415675275
v -0.28125 1.6449039881768999 -0.25413730804617607
v -0.28125 1.4757569759557463 0.28232847674970163
vt 0.0703125 0.7109375
vt 0.140625 0.7109375
vt 0.140625 0.6875
vt 0.0703125 0.6875
vt 0 0.7109375
vt 0.0703125 0.7109375
vt 0.0703125 0.6875
vt 0 0.6875
vt 0.2109375 0.7109375
vt 0.28125 0.7109375
vt 0.28125 0.6875
vt 0.2109375 0.6875
vt 0.140625 0.7109375
vt 0.2109375 0.7109375
vt 0.2109375 0.6875
vt 0.140625 0.6875
vt 0.140625 0.7109375
vt 0.0703125 0.7109375
vt 0.0703125 0.78125
vt 0.140625 0.78125
vt 0.2109375 0.78125
vt 0.140625 0.78125
vt 0.140625 0.7109375
vt 0.2109375 0.7109375
vn 0 0.30070579950427306 -0.9537169507482269
vn 1 0 0
vn 0 -0.30070579950427306 0.9537169507482269
vn -1 0 0
vn 0 0.9537169507482269 0.30070579950427306
vn 0 -0.9537169507482269 -0.30070579950427306
usemtl m_fcbb2569-01e4-80e6-ac45-7ae0272003ad
f 20/52/13 23/51/13 21/50/13 18/49/13
f 19/56/14 20/55/14 18/54/14 17/53/14
f 24/60/15 19/59/15 17/58/15 22/57/15
f 23/64/16 24/63/16 22/62/16 21/61/16
f 22/68/17 17/67/17 18/66/17 21/65/17
f 23/72/18 20/71/18 19/70/18 24/69/18
o hat
v 0.40625 1.4381687510177121 0.40154309559323
v 0.40625 1.682492213114934 -0.3733519268897044
v 0.40625 1.378561441595948 0.382748983124213
v 0.40625 1.6228849036931698 -0.39214603935872144
v -0.40625 1.682492213114934 -0.3733519268897044
v -0.40625 1.4381687510177121 0.40154309559323
v -0.40625 1.6228849036931698 -0.39214603935872144
v -0.40625 1.378561441595948 0.382748983124213
vt 0.1015625 0.8984375
vt 0.203125 0.8984375
vt 0.203125 0.890625
vt 0.1015625 0.890625
vt 0 0.8984375
vt 0.1015625 0.8984375
vt 0.1015625 0.890625
vt 0 0.890625
vt 0.3046875 0.8984375
vt 0.40625 0.8984375
vt 0.40625 0.890625
vt 0.3046875 0.890625
vt 0.203125 0.8984375
vt 0.3046875 0.8984375
vt 0.3046875 0.890625
vt 0.203125 0.890625
vt 0.203125 0.8984375
vt 0.1015625 0.8984375
vt 0.1015625 1
vt 0.203125 1
vt 0.3046875 1
vt 0.203125 1
vt 0.203125 0.8984375
vt 0.3046875 0.8984375
vn 0 0.30070579950427306 -0.9537169507482269
vn 1 0 0
vn 0 -0.30070579950427306 0.9537169507482269
vn -1 0 0
vn 0 0.9537169507482269 0.30070579950427306
vn 0 -0.9537169507482269 -0.30070579950427306
usemtl m_fcbb2569-01e4-80e6-ac45-7ae0272003ad
f 28/76/19 31/75/19 29/74/19 26/73/19
f 27/80/20 28/79/20 26/78/20 25/77/20
f 32/84/21 27/83/21 25/82/21 30/81/21
f 31/88/22 32/87/22 30/86/22 29/85/22
f 30/92/23 25/91/23 26/90/23 29/89/23
f 31/96/24 28/95/24 27/94/24 32/93/24
o hat
v -0.3044874558265177 1.8576424018857716 -0.07790791249273896
v -0.3044874558265177 1.8576424018857716 -0.07790791249273896
v -0.2691627715281341 1.5682884154148495 -0.1905253498308574
v -0.2691627715281341 1.5682884154148495 -0.1905253498308574
v -0.5728050897602366 1.7721575028719865 0.05756986930491893
v -0.5728050897602366 1.7721575028719865 0.05756986930491893
v -0.5374804054618529 1.4828035164010644 -0.05504756803319951
v -0.5374804054618529 1.4828035164010644 -0.05504756803319951
vt 0.359375 0.46875
vt 0.3984375 0.46875
vt 0.3984375 0.4296875
vt 0.359375 0.4296875
vt 0.359375 0.46875
vt 0.359375 0.46875
vt 0.359375 0.4296875
vt 0.359375 0.4296875
vt 0.3984375 0.46875
vt 0.4375 0.46875
vt 0.4375 0.4296875
vt 0.3984375 0.4296875
vt 0.3984375 0.46875
vt 0.3984375 0.46875
vt 0.3984375 0.4296875
vt 0.3984375 0.4296875
vt 0.3984375 0.46875
vt 0.359375 0.46875
vt 0.359375 0.46875
vt 0.3984375 0.46875
vt 0.4375 0.46875
vt 0.3984375 0.46875
vt 0.3984375 0.46875
vt 0.4375 0.46875
vn -0.5000000153541668 0.2604189128171032 -0.8259430818724686
vn 0.8586164285879003 0.2735516768441122 -0.43352890175250525
vn 0.5000000153541668 -0.2604189128171032 0.8259430818724686
vn -0.8586164285879003 -0.2735516768441122 0.43352890175250525
vn -0.11303898975482747 0.9259327567069504 0.3603757994819791
vn 0.11303898975482747 -0.9259327567069504 -0.3603757994819791
usemtl m_fcbb2569-01e4-80e6-ac45-7ae0272003ad
f 36/100/25 39/99/25 37/98/25 34/97/25
f 35/104/26 36/103/26 34/102/26 33/101/26
f 40/108/27 35/107/27 33/106/27 38/105/27
f 39/112/28 40/111/28 38/110/28 37/109/28
f 38/116/29 33/115/29 34/114/29 37/113/29
f 39/120/30 36/119/30 35/118/30 40/117/30
o hat
v -0.23634835591155245 1.8083677210805265 -0.17308786492043898
v -0.23634835591155245 1.8083677210805265 -0.17308786492043898
v -0.33365882572065747 1.5146993314121955 -0.12897664894150113
v -0.33365882572065747 1.5146993314121955 -0.12897664894150113
v -0.38340613436669096 1.8963496584294501 0.08823461497015421
v -0.38340613436669096 1.8963496584294501 0.08823461497015421
v -0.480716604175796 1.602681268761119 0.13234583094909208
v -0.480716604175796 1.602681268761119 0.13234583094909208
vt 0.3046875 1
vt 0.34375 1
vt 0.34375 0.9609375
vt 0.3046875 0.9609375
vt 0.3046875 1
vt 0.3046875 1
vt 0.3046875 0.9609375
vt 0.3046875 0.9609375
vt 0.34375 1
vt 0.3828125 1
vt 0.3828125 0.9609375
vt 0.34375 0.9609375
vt 0.34375 1
vt 0.34375 1
vt 0.34375 0.9609375
vt 0.34375 0.9609375
vt 0.34375 1
vt 0.3046875 1
vt 0.3046875 1
vt 0.34375 1
vt 0.3828125 1
vt 0.34375 1
vt 0.34375 1
vt 0.3828125 1
vn -0.8255809750451106 0.1939713624372901 -0.52989731476748
vn 0.4705848910564432 -0.2815421995165557 -0.8362319356498982
vn 0.8255809750451106 -0.1939713624372901 0.52989731476748
vn -0.4705848910564432 0.2815421995165557 0.8362319356498982
vn 0.311393503389136 0.9397388469386597 -0.14115589113260119
vn -0.311393503389136 -0.9397388469386597 0.14115589113260119
usemtl m_fcbb2569-01e4-80e6-ac45-7ae0272003ad
f 44/124/31 47/123/31 45/122/31 42/121/31
f 43/128/32 44/127/32 42/126/32 41/125/32
f 48/132/33 43/131/33 41/130/33 46/129/33
f 47/136/34 48/135/34 46/134/34 45/133/34
f 46/140/35 41/139/35 42/138/35 45/137/35
f 47/144/36 44/143/36 43/142/36 48/141/36
o blink
v 0.25 1.625 -0.2500625
v 0.25 1.625 -0.2500625
v 0.25 1.125 -0.2500625
v 0.25 1.125 -0.2500625
v -0.25 1.625 -0.2500625
v -0.25 1.625 -0.2500625
v -0.25 1.125 -0.2500625
v -0.25 1.125 -0.2500625
vt 0.515625 0.3984375
vt 0.578125 0.3984375
vt 0.578125 0.3359375
vt 0.515625 0.3359375
vt 0.515625 0.3984375
vt 0.515625 0.3984375
vt 0.515625 0.3359375
vt 0.515625 0.3359375
vt 0.578125 0.3984375
vt 0.640625 0.3984375
vt 0.640625 0.3359375
vt 0.578125 0.3359375
vt 0.578125 0.3984375
vt 0.578125 0.3984375
vt 0.578125 0.3359375
vt 0.578125 0.3359375
vt 0.578125 0.3984375
vt 0.515625 0.3984375
vt 0.515625 0.3984375
vt 0.578125 0.3984375
vt 0.640625 0.3984375
vt 0.578125 0.3984375
vt 0.578125 0.3984375
vt 0.640625 0.3984375
vn 0 0 -1
vn 1 0 0
vn 0 0 1
vn -1 0 0
vn 0 1 0
vn 0 -1 0
usemtl m_fcbb2569-01e4-80e6-ac45-7ae0272003ad
f 52/148/37 55/147/37 53/146/37 50/145/37
f 51/152/38 52/151/38 50/150/38 49/149/38
f 56/156/39 51/155/39 49/154/39 54/153/39
f 55/160/40 56/159/40 54/158/40 53/157/40
f 54/164/41 49/163/41 50/162/41 53/161/41
f 55/168/42 52/167/42 51/166/42 56/165/42
o armRight
v 0.2837645515583153 1.09769731235972 0.0625
v 0.2837645515583153 1.09769731235972 -0.0625
v 0.495073682428665 0.644543418841395 0.0625
v 0.495073682428665 0.644543418841395 -0.0625
v 0.17047607817873411 1.0448700296421325 -0.0625
v 0.17047607817873411 1.0448700296421325 0.0625
v 0.3817852090490838 0.5917161361238076 -0.0625
v 0.3817852090490838 0.5917161361238076 0.0625
vt 0.65625 0.3828125
vt 0.671875 0.3828125
vt 0.671875 0.3203125
vt 0.65625 0.3203125
vt 0.640625 0.3828125
vt 0.65625 0.3828125
vt 0.65625 0.3203125
vt 0.640625 0.3203125
vt 0.6875 0.3828125
vt 0.703125 0.3828125
vt 0.703125 0.3203125
vt 0.6875 0.3203125
vt 0.671875 0.3828125
vt 0.6875 0.3828125
vt 0.6875 0.3203125
vt 0.671875 0.3203125
vt 0.671875 0.3828125
vt 0.65625 0.3828125
vt 0.65625 0.3984375
vt 0.671875 0.3984375
vt 0.6875 0.3984375
vt 0.671875 0.3984375
vt 0.671875 0.3828125
vt 0.6875 0.3828125
vn 0 0 -1
vn 0.9063077870366499 0.42261826174069944 0
vn 0 0 1
vn -0.9063077870366499 -0.42261826174069944 0
vn -0.42261826174069944 0.9063077870366499 0
vn 0.42261826174069944 -0.9063077870366499 0
usemtl m_fcbb2569-01e4-80e6-ac45-7ae0272003ad
f 60/172/43 63/171/43 61/170/43 58/169/43
f 59/176/44 60/175/44 58/174/44 57/173/44
f 64/180/45 59/179/45 57/178/45 62/177/45
f 63/184/46 64/183/46 62/182/46 61/181/46
f 62/188/47 57/187/47 58/186/47 61/185/47
f 63/192/48 60/191/48 59/190/48 64/189/48
o armRight
v 0.29528424659488356 1.1099651463683975 0.078125
v 0.29528424659488356 1.1099651463683975 -0.078125
v 0.3771665348071441 0.9343680126300465 0.078125
v 0.3771665348071441 0.9343680126300465 -0.078125
v 0.15367365487040702 1.0439310429714133 -0.078125
v 0.15367365487040702 1.0439310429714133 0.078125
v 0.23555594308266758 0.8683339092330622 -0.078125
v 0.23555594308266758 0.8683339092330622 0.078125
vt 0.265625 0.3203125
vt 0.28125 0.3203125
vt 0.28125 0.296875
vt 0.265625 0.296875
vt 0.25 0.3203125
vt 0.265625 0.3203125
vt 0.265625 0.296875
vt 0.25 0.296875
vt 0.296875 0.3203125
vt 0.3125 0.3203125
vt 0.3125 0.296875
vt 0.296875 0.296875
vt 0.28125 0.3203125
vt 0.296875 0.3203125
vt 0.296875 0.296875
vt 0.28125 0.296875
vt 0.28125 0.3203125
vt 0.265625 0.3203125
vt 0.265625 0.3359375
vt 0.28125 0.3359375
vt 0.296875 0.3359375
vt 0.28125 0.3359375
vt 0.28125 0.3203125
vt 0.296875 0.3203125
vn 0 0 -1
vn 0.9063077870366499 0.42261826174069944 0
vn 0 0 1
vn -0.9063077870366499 -0.42261826174069944 0
vn -0.42261826174069944 0.9063077870366499 0
vn 0.42261826174069944 -0.9063077870366499 0
usemtl m_fcbb2569-01e4-80e6-ac45-7ae0272003ad
f 68/196/49 71/195/49 69/194/49 66/193/49
f 67/200/50 68/199/50 66/198/50 65/197/50
f 72/204/51 67/203/51 65/202/51 70/201/51
f 71/208/52 72/207/52 70/206/52 69/205/52
f 70/212/53 65/211/53 66/210/53 69/209/53
f 71/216/54 68/215/54 67/214/54 72/213/54
o armRight
v 0.42155814930063773 0.9615291297529517 0.125
v 0.42155814930063773 0.9615291297529517 -0.125
v 0.5007990733770189 0.7915964196835797 0.125
v 0.5007990733770189 0.7915964196835797 -0.125
v 0.19498120254147522 0.8558745643177769 -0.125
v 0.19498120254147522 0.8558745643177769 0.125
v 0.2742221266178564 0.6859418542484049 -0.125
v 0.2742221266178564 0.6859418542484049 0.125
vt 0.65625 0.875
vt 0.6875 0.875
vt 0.6875 0.8515625
vt 0.65625 0.8515625
vt 0.625 0.875
vt 0.65625 0.875
vt 0.65625 0.8515625
vt 0.625 0.8515625
vt 0.71875 0.875
vt 0.75 0.875
vt 0.75 0.8515625
vt 0.71875 0.8515625
vt 0.6875 0.875
vt 0.71875 0.875
vt 0.71875 0.8515625
vt 0.6875 0.8515625
vt 0.6875 0.875
vt 0.65625 0.875
vt 0.65625 0.90625
vt 0.6875 0.90625
vt 0.71875 0.90625
vt 0.6875 0.90625
vt 0.6875 0.875
vt 0.71875 0.875
vn 0 0 -1
vn 0.9063077870366499 0.42261826174069944 0
vn 0 0 1
vn -0.9063077870366499 -0.42261826174069944 0
vn -0.42261826174069944 0.9063077870366499 0
vn 0.42261826174069944 -0.9063077870366499 0
usemtl m_fcbb2569-01e4-80e6-ac45-7ae0272003ad
f 76/220/55 79/219/55 77/218/55 74/217/55
f 75/224/56 76/223/56 74/222/56 73/221/56
f 80/228/57 75/227/57 73/226/57 78/225/57
f 79/232/58 80/231/58 78/230/58 77/229/58
f 78/236/59 73/235/59 74/234/59 77/233/59
f 79/240/60 76/239/60 75/238/60 80/237/60
o armRight
v 0.5291211917219142 0.8048032403629766 0.15625
v 0.5291211917219142 0.8048032403629766 -0.15625
v 0.6083621157982954 0.6348705302936049 0.15625
v 0.6083621157982954 0.6348705302936049 -0.15625
v 0.2459000082729611 0.6727350335690081 -0.15625
v 0.2459000082729611 0.6727350335690081 0.15625
v 0.32514093234934227 0.5028023234996362 -0.15625
v 0.32514093234934227 0.5028023234996362 0.15625
vt 0.5703125 0.6796875
vt 0.609375 0.6796875
vt 0.609375 0.65625
vt 0.5703125 0.65625
vt 0.53125 0.6796875
vt 0.5703125 0.6796875
vt 0.5703125 0.65625
vt 0.53125 0.65625
vt 0.6484375 0.6796875
vt 0.6875 0.6796875
vt 0.6875 0.65625
vt 0.6484375 0.65625
vt 0.609375 0.6796875
vt 0.6484375 0.6796875
vt 0.6484375 0.65625
vt 0.609375 0.65625
vt 0.609375 0.6796875
vt 0.5703125 0.6796875
vt 0.5703125 0.71875
vt 0.609375 0.71875
vt 0.6484375 0.71875
vt 0.609375 0.71875
vt 0.609375 0.6796875
vt 0.6484375 0.6796875
vn 0 0 -1
vn 0.9063077870366499 0.42261826174069944 0
vn 0 0 1
vn -0.9063077870366499 -0.42261826174069944 0
vn -0.42261826174069944 0.9063077870366499 0
vn 0.42261826174069944 -0.9063077870366499 0
usemtl m_fcbb2569-01e4-80e6-ac45-7ae0272003ad
f 84/244/61 87/243/61 85/242/61 82/241/61
f 83/248/62 84/247/62 82/246/62 81/245/62
f 88/252/63 83/251/63 81/250/63 86/249/63
f 87/256/64 88/255/64 86/254/64 85/253/64
f 86/260/65 81/259/65 82/258/65 85/257/65
f 87/264/66 84/263/66 83/262/66 88/261/66
o armLeft
v -0.17047607817873411 1.0448700296421325 0.0625
v -0.17047607817873411 1.0448700296421325 -0.0625
v -0.3817852090490838 0.5917161361238076 0.0625
v -0.3817852090490838 0.5917161361238076 -0.0625
v -0.2837645515583153 1.09769731235972 -0.0625
v -0.2837645515583153 1.09769731235972 0.0625
v -0.495073682428665 0.644543418841395 -0.0625
v -0.495073682428665 0.644543418841395 0.0625
vt 0.671875 0.5234375
vt 0.6875 0.5234375
vt 0.6875 0.4609375
vt 0.671875 0.4609375
vt 0.65625 0.5234375
vt 0.671875 0.5234375
vt 0.671875 0.4609375
vt 0.65625 0.4609375
vt 0.703125 0.5234375
vt 0.71875 0.5234375
vt 0.71875 0.4609375
vt 0.703125 0.4609375
vt 0.6875 0.5234375
vt 0.703125 0.5234375
vt 0.703125 0.4609375
vt 0.6875 0.4609375
vt 0.6875 0.5234375
vt 0.671875 0.5234375
vt 0.671875 0.5390625
vt 0.6875 0.5390625
vt 0.703125 0.5390625
vt 0.6875 0.5390625
vt 0.6875 0.5234375
vt 0.703125 0.5234375
vn 0 0 -1
vn 0.9063077870366499 -0.42261826174069944 0
vn 0 0 1
vn -0.9063077870366499 0.42261826174069944 0
vn 0.42261826174069944 0.9063077870366499 0
vn -0.42261826174069944 -0.9063077870366499 0
usemtl m_fcbb2569-01e4-80e6-ac45-7ae0272003ad
f 92/268/67 95/267/67 93/266/67 90/265/67
f 91/272/68 92/271/68 90/270/68 89/269/68
f 96/276/69 91/275/69 89/274/69 94/273/69
f 95/280/70 96/279/70 94/278/70 93/277/70
f 94/284/71 89/283/71 90/282/71 93/281/71
f 95/288/72 92/287/72 91/286/72 96/285/72
o armLeft
v -0.15367365487040702 1.0439310429714133 0.078125
v -0.15367365487040702 1.0439310429714133 -0.078125
v -0.23555594308266758 0.8683339092330622 0.078125
v -0.23555594308266758 0.8683339092330622 -0.078125
v -0.29528424659488356 1.1099651463683975 -0.078125
v -0.29528424659488356 1.1099651463683975 0.078125
v -0.3771665348071441 0.9343680126300465 -0.078125
v -0.3771665348071441 0.9343680126300465 0.078125
vt 0.328125 0.3203125
vt 0.34375 0.3203125
vt 0.34375 0.296875
vt 0.328125 0.296875
vt 0.3125 0.3203125
vt 0.328125 0.3203125
vt 0.328125 0.296875
vt 0.3125 0.296875
vt 0.359375 0.3203125
vt 0.375 0.3203125
vt 0.375 0.296875
vt 0.359375 0.296875
vt 0.34375 0.3203125
vt 0.359375 0.3203125
vt 0.359375 0.296875
vt 0.34375 0.296875
vt 0.34375 0.3203125
vt 0.328125 0.3203125
vt 0.328125 0.3359375
vt 0.34375 0.3359375
vt 0.359375 0.3359375
vt 0.34375 0.3359375
vt 0.34375 0.3203125
vt 0.359375 0.3203125
vn 0 0 -1
vn 0.9063077870366499 -0.42261826174069944 0
vn 0 0 1
vn -0.9063077870366499 0.42261826174069944 0
vn 0.42261826174069944 0.9063077870366499 0
vn -0.42261826174069944 -0.9063077870366499 0
usemtl m_fcbb2569-01e4-80e6-ac45-7ae0272003ad
f 100/292/73 103/291/73 101/290/73 98/289/73
f 99/296/74 100/295/74 98/294/74 97/293/74
f 104/300/75 99/299/75 97/298/75 102/297/75
f 103/304/76 104/303/76 102/302/76 101/301/76
f 102/308/77 97/307/77 98/306/77 101/305/77
f 103/312/78 100/311/78 99/310/78 104/309/78
o armLeft
v -0.19498120254147522 0.8558745643177769 0.125
v -0.19498120254147522 0.8558745643177769 -0.125
v -0.2742221266178564 0.6859418542484049 0.125
v -0.2742221266178564 0.6859418542484049 -0.125
v -0.42155814930063773 0.9615291297529517 -0.125
v -0.42155814930063773 0.9615291297529517 0.125
v -0.5007990733770189 0.7915964196835797 -0.125
v -0.5007990733770189 0.7915964196835797 0.125
vt 0.671875 0.5625
vt 0.703125 0.5625
vt 0.703125 0.5390625
vt 0.671875 0.5390625
vt 0.640625 0.5625
vt 0.671875 0.5625
vt 0.671875 0.5390625
vt 0.640625 0.5390625
vt 0.734375 0.5625
vt 0.765625 0.5625
vt 0.765625 0.5390625
vt 0.734375 0.5390625
vt 0.703125 0.5625
vt 0.734375 0.5625
vt 0.734375 0.5390625
vt 0.703125 0.5390625
vt 0.703125 0.5625
vt 0.671875 0.5625
vt 0.671875 0.59375
vt 0.703125 0.59375
vt 0.734375 0.59375
vt 0.703125 0.59375
vt 0.703125 0.5625
vt 0.734375 0.5625
vn 0 0 -1
vn 0.9063077870366499 -0.42261826174069944 0
vn 0 0 1
vn -0.9063077870366499 0.42261826174069944 0
vn 0.42261826174069944 0.9063077870366499 0
vn -0.42261826174069944 -0.9063077870366499 0
usemtl m_fcbb2569-01e4-80e6-ac45-7ae0272003ad
f 108/316/79 111/315/79 109/314/79 106/313/79
f 107/320/80 108/319/80 106/318/80 105/317/80
f 112/324/81 107/323/81 105/322/81 110/321/81
f 111/328/82 112/327/82 110/326/82 109/325/82
f 110/332/83 105/331/83 106/330/83 109/329/83
f 111/336/84 108/335/84 107/334/84 112/333/84
o armLeft
v -0.2459000082729611 0.6727350335690081 0.15625
v -0.2459000082729611 0.6727350335690081 -0.15625
v -0.32514093234934227 0.5028023234996362 0.15625
v -0.32514093234934227 0.5028023234996362 -0.15625
v -0.5291211917219142 0.8048032403629766 -0.15625
v -0.5291211917219142 0.8048032403629766 0.15625
v -0.6083621157982954 0.6348705302936049 -0.15625
v -0.6083621157982954 0.6348705302936049 0.15625
vt 0.3984375 0.359375
vt 0.4375 0.359375
vt 0.4375 0.3359375
vt 0.3984375 0.3359375
vt 0.359375 0.359375
vt 0.3984375 0.359375
vt 0.3984375 0.3359375
vt 0.359375 0.3359375
vt 0.4765625 0.359375
vt 0.515625 0.359375
vt 0.515625 0.3359375
vt 0.4765625 0.3359375
vt 0.4375 0.359375
vt 0.4765625 0.359375
vt 0.4765625 0.3359375
vt 0.4375 0.3359375
vt 0.4375 0.359375
vt 0.3984375 0.359375
vt 0.3984375 0.3984375
vt 0.4375 0.3984375
vt 0.4765625 0.3984375
vt 0.4375 0.3984375
vt 0.4375 0.359375
vt 0.4765625 0.359375
vn 0 0 -1
vn 0.9063077870366499 -0.42261826174069944 0
vn 0 0 1
vn -0.9063077870366499 0.42261826174069944 0
vn 0.42261826174069944 0.9063077870366499 0
vn -0.42261826174069944 -0.9063077870366499 0
usemtl m_fcbb2569-01e4-80e6-ac45-7ae0272003ad
f 116/340/85 119/339/85 117/338/85 114/337/85
f 115/344/86 116/343/86 114/342/86 113/341/86
f 120/348/87 115/347/87 113/346/87 118/345/87
f 119/352/88 120/351/88 118/350/88 117/349/88
f 118/356/89 113/355/89 114/354/89 117/353/89
f 119/360/90 116/359/90 115/358/90 120/357/90
o body
v 0.1875 1.1249375000000001 0.1875
v 0.1875 1.1249375000000001 -0.1875
v 0.1875 0.5624375000000001 0.1875
v 0.1875 0.5624375000000001 -0.1875
v -0.1875 1.1249375000000001 -0.1875
v -0.1875 1.1249375000000001 0.1875
v -0.1875 0.5624375000000001 -0.1875
v -0.1875 0.5624375000000001 0.1875
vt 0.296875 0.5390625
vt 0.34375 0.5390625
vt 0.34375 0.46875
vt 0.296875 0.46875
vt 0.25 0.5390625
vt 0.296875 0.5390625
vt 0.296875 0.46875
vt 0.25 0.46875
vt 0.390625 0.5390625
vt 0.4375 0.5390625
vt 0.4375 0.46875
vt 0.390625 0.46875
vt 0.34375 0.5390625
vt 0.390625 0.5390625
vt 0.390625 0.46875
vt 0.34375 0.46875
vt 0.34375 0.5390625
vt 0.296875 0.5390625
vt 0.296875 0.5859375
vt 0.34375 0.5859375
vt 0.390625 0.5859375
vt 0.34375 0.5859375
vt 0.34375 0.5390625
vt 0.390625 0.5390625
vn 0 0 -1
vn 1 0 0
vn 0 0 1
vn -1 0 0
vn 0 1 0
vn 0 -1 0
usemtl m_fcbb2569-01e4-80e6-ac45-7ae0272003ad
f 124/364/91 127/363/91 125/362/91 122/361/91
f 123/368/92 124/367/92 122/366/92 121/365/92
f 128/372/93 123/371/93 121/370/93 126/369/93
f 127/376/94 128/375/94 126/374/94 125/373/94
f 126/380/95 121/379/95 122/378/95 125/377/95
f 127/384/96 124/383/96 123/382/96 128/381/96
o bone
v 0.046875 1.0625 -0.19374999999999998
v 0.046875 1.0625 -0.19374999999999998
v 0.046875 0.96875 -0.19374999999999998
v 0.046875 0.96875 -0.19374999999999998
v -0.046875 1.0625 -0.19374999999999998
v -0.046875 1.0625 -0.19374999999999998
v -0.046875 0.96875 -0.19374999999999998
v -0.046875 0.96875 -0.19374999999999998
vt 0.453125 0.953125
vt 0.5078125 0.953125
vt 0.5078125 0.8984375
vt 0.453125 0.8984375
vt 0.40625 0.953125
vt 0.453125 0.953125
vt 0.453125 0.8984375
vt 0.40625 0.8984375
vt 0.5546875 0.953125
vt 0.609375 0.953125
vt 0.609375 0.8984375
vt 0.5546875 0.8984375
vt 0.5078125 0.953125
vt 0.5546875 0.953125
vt 0.5546875 0.8984375
vt 0.5078125 0.8984375
vt 0.5078125 0.953125
vt 0.453125 0.953125
vt 0.453125 1
vt 0.5078125 1
vt 0.5625 1
vt 0.5078125 1
vt 0.5078125 0.953125
vt 0.5625 0.953125
vn 0 0 -1
vn 1 0 0
vn 0 0 1
vn -1 0 0
vn 0 1 0
vn 0 -1 0
usemtl m_fcbb2569-01e4-80e6-ac45-7ae0272003ad
f 132/388/97 135/387/97 133/386/97 130/385/97
f 131/392/98 132/391/98 130/390/98 129/389/98
f 136/396/99 131/395/99 129/394/99 134/393/99
f 135/400/100 136/399/100 134/398/100 133/397/100
f 134/404/101 129/403/101 130/402/101 133/401/101
f 135/408/102 132/407/102 131/406/102 136/405/102
o bone
v 0.046875 0.953125 -0.19374999999999998
v 0.046875 0.953125 -0.19374999999999998
v 0.046875 0.859375 -0.19374999999999998
v 0.046875 0.859375 -0.19374999999999998
v -0.046875 0.953125 -0.19374999999999998
v -0.046875 0.953125 -0.19374999999999998
v -0.046875 0.859375 -0.19374999999999998
v -0.046875 0.859375 -0.19374999999999998
vt 0.484375 0.5390625
vt 0.5390625 0.5390625
vt 0.5390625 0.484375
vt 0.484375 0.484375
vt 0.4375 0.5390625
vt 0.484375 0.5390625
vt 0.484375 0.484375
vt 0.4375 0.484375
vt 0.5859375 0.5390625
vt 0.640625 0.5390625
vt 0.640625 0.484375
vt 0.5859375 0.484375
vt 0.5390625 0.5390625
vt 0.5859375 0.5390625
vt 0.5859375 0.484375
vt 0.5390625 0.484375
vt 0.5390625 0.5390625
vt 0.484375 0.5390625
vt 0.484375 0.5859375
vt 0.5390625 0.5859375
vt 0.59375 0.5859375
vt 0.5390625 0.5859375
vt 0.5390625 0.5390625
vt 0.59375 0.5390625
vn 0 0 -1
vn 1 0 0
vn 0 0 1
vn -1 0 0
vn 0 1 0
vn 0 -1 0
usemtl m_fcbb2569-01e4-80e6-ac45-7ae0272003ad
f 140/412/103 143/411/103 141/410/103 138/409/103
f 139/416/104 140/415/104 138/414/104 137/413/104
f 144/420/105 139/419/105 137/418/105 142/417/105
f 143/424/106 144/423/106 142/422/106 141/421/106
f 142/428/107 137/427/107 138/426/107 141/425/107
f 143/432/108 140/431/108 139/430/108 144/429/108
o bone
v 0.046875 0.84375 -0.19374999999999998
v 0.046875 0.84375 -0.19374999999999998
v 0.046875 0.75 -0.19374999999999998
v 0.046875 0.75 -0.19374999999999998
v -0.046875 0.84375 -0.19374999999999998
v -0.046875 0.84375 -0.19374999999999998
v -0.046875 0.75 -0.19374999999999998
v -0.046875 0.75 -0.19374999999999998
vt 0.046875 0.5078125
vt 0.1015625 0.5078125
vt 0.1015625 0.453125
vt 0.046875 0.453125
vt 0 0.5078125
vt 0.046875 0.5078125
vt 0.046875 0.453125
vt 0 0.453125
vt 0.1484375 0.5078125
vt 0.203125 0.5078125
vt 0.203125 0.453125
vt 0.1484375 0.453125
vt 0.1015625 0.5078125
vt 0.1484375 0.5078125
vt 0.1484375 0.453125
vt 0.1015625 0.453125
vt 0.1015625 0.5078125
vt 0.046875 0.5078125
vt 0.046875 0.5546875
vt 0.1015625 0.5546875
vt 0.15625 0.5546875
vt 0.1015625 0.5546875
vt 0.1015625 0.5078125
vt 0.15625 0.5078125
vn 0 0 -1
vn 1 0 0
vn 0 0 1
vn -1 0 0
vn 0 1 0
vn 0 -1 0
usemtl m_fcbb2569-01e4-80e6-ac45-7ae0272003ad
f 148/436/109 151/435/109 149/434/109 146/433/109
f 147/440/110 148/439/110 146/438/110 145/437/110
f 152/444/111 147/443/111 145/442/111 150/441/111
f 151/448/112 152/447/112 150/446/112 149/445/112
f 150/452/113 145/451/113 146/450/113 149/449/113
f 151/456/114 148/455/114 147/454/114 152/453/114
o clothRight
v 0.18047204004865636 0.9324425020249393 0.188125
v 0.18047204004865636 0.9324425020249393 -0.188125
v 0.22932413481175715 0.7501240023128776 0.188125
v 0.22932413481175715 0.7501240023128776 -0.188125
v -0.18295755209260556 0.8350618363051158 -0.188125
v -0.18295755209260556 0.8350618363051158 0.188125
v -0.1341054573295048 0.6527433365930541 -0.188125
v -0.1341054573295048 0.6527433365930541 0.188125
vt 0.4921875 0.4296875
vt 0.546875 0.4296875
vt 0.546875 0.3984375
vt 0.4921875 0.3984375
vt 0.4375 0.4296875
vt 0.4921875 0.4296875
vt 0.4921875 0.3984375
vt 0.4375 0.3984375
vt 0.6015625 0.4296875
vt 0.65625 0.4296875
vt 0.65625 0.3984375
vt 0.6015625 0.3984375
vt 0.546875 0.4296875
vt 0.6015625 0.4296875
vt 0.6015625 0.3984375
vt 0.546875 0.3984375
vt 0.546875 0.4296875
vt 0.4921875 0.4296875
vt 0.4921875 0.484375
vt 0.546875 0.484375
vt 0.6015625 0.484375
vt 0.546875 0.484375
vt 0.546875 0.4296875
vt 0.6015625 0.4296875
vn 0 0 -1
vn 0.9659258262890683 0.25881904510252074 0
vn 0 0 1
vn -0.9659258262890683 -0.25881904510252074 0
vn -0.25881904510252074 0.9659258262890683 0
vn 0.25881904510252074 -0.9659258262890683 0
usemtl m_fcbb2569-01e4-80e6-ac45-7ae0272003ad
f 156/460/115 159/459/115 157/458/115 154/457/115
f 155/464/116 156/463/116 154/462/116 153/461/116
f 160/468/117 155/467/117 153/466/117 158/465/117
f 159/472/118 160/471/118 158/470/118 157/469/118
f 158/476/119 153/475/119 154/474/119 157/473/119
f 159/480/120 156/479/120 155/478/120 160/477/120
o clothLeft
v 0.18257481932029568 0.834840865435995 0.1878125
v 0.18257481932029568 0.834840865435995 -0.1878125
v 0.13388448646038398 0.6531260693653639 0.1878125
v 0.13388448646038398 0.6531260693653639 -0.1878125
v -0.18025106917953557 0.9320597692526295 -0.1878125
v -0.18025106917953557 0.9320597692526295 0.1878125
v -0.2289414020394473 0.7503449731819983 -0.1878125
v -0.2289414020394473 0.7503449731819983 0.1878125
vt 0.5859375 0.75
vt 0.640625 0.75
vt 0.640625 0.71875
vt 0.5859375 0.71875
vt 0.53125 0.75
vt 0.5859375 0.75
vt 0.5859375 0.71875
vt 0.53125 0.71875
vt 0.6953125 0.75
vt 0.75 0.75
vt 0.75 0.71875
vt 0.6953125 0.71875
vt 0.640625 0.75
vt 0.6953125 0.75
vt 0.6953125 0.71875
vt 0.640625 0.71875
vt 0.640625 0.75
vt 0.5859375 0.75
vt 0.5859375 0.8046875
vt 0.640625 0.8046875
vt 0.6953125 0.8046875
vt 0.640625 0.8046875
vt 0.640625 0.75
vt 0.6953125 0.75
vn 0 0 -1
vn 0.9659258262890683 -0.25881904510252074 0
vn 0 0 1
vn -0.9659258262890683 0.25881904510252074 0
vn 0.25881904510252074 0.9659258262890683 0
vn -0.25881904510252074 -0.9659258262890683 0
usemtl m_fcbb2569-01e4-80e6-ac45-7ae0272003ad
f 164/484/121 167/483/121 165/482/121 162/481/121
f 163/488/122 164/487/122 162/486/122 161/485/122
f 168/492/123 163/491/123 161/490/123 166/489/123
f 167/496/124 168/495/124 166/494/124 165/493/124
f 166/500/125 161/499/125 162/498/125 165/497/125
f 167/504/126 164/503/126 163/502/126 168/501/126
o sittingRotationSkirt
v 0.28125 0.59375 0.28125
v 0.28125 0.59375 -0.28125
v 0.28125 0.46875 0.28125
v 0.28125 0.46875 -0.28125
v -0.28125 0.59375 -0.28125
v -0.28125 0.59375 0.28125
v -0.28125 0.46875 -0.28125
v -0.28125 0.46875 0.28125
vt 0.4140625 0.8203125
vt 0.484375 0.8203125
vt 0.484375 0.8046875
vt 0.4140625 0.8046875
vt 0.34375 0.8203125
vt 0.4140625 0.8203125
vt 0.4140625 0.8046875
vt 0.34375 0.8046875
vt 0.5546875 0.8203125
vt 0.625 0.8203125
vt 0.625 0.8046875
vt 0.5546875 0.8046875
vt 0.484375 0.8203125
vt 0.5546875 0.8203125
vt 0.5546875 0.8046875
vt 0.484375 0.8046875
vt 0.484375 0.8203125
vt 0.4140625 0.8203125
vt 0.4140625 0.890625
vt 0.484375 0.890625
vt 0.5546875 0.890625
vt 0.484375 0.890625
vt 0.484375 0.8203125
vt 0.5546875 0.8203125
vn 0 0 -1
vn 1 0 0
vn 0 0 1
vn -1 0 0
vn 0 1 0
vn 0 -1 0
usemtl m_fcbb2569-01e4-80e6-ac45-7ae0272003ad
f 172/508/127 175/507/127 173/506/127 170/505/127
f 171/512/128 172/511/128 170/510/128 169/509/128
f 176/516/129 171/515/129 169/514/129 174/513/129
f 175/520/130 176/519/130 174/518/130 173/517/130
f 174/524/131 169/523/131 170/522/131 173/521/131
f 175/528/132 172/527/132 171/526/132 176/525/132
o sittingRotationSkirt
v 0.34375 0.46875 0.34375
v 0.34375 0.46875 -0.34375
v 0.34375 0.28125 0.34375
v 0.34375 0.28125 -0.34375
v -0.34375 0.46875 -0.34375
v -0.34375 0.46875 0.34375
v -0.34375 0.28125 -0.34375
v -0.34375 0.28125 0.34375
vt 0.0859375 0.8046875
vt 0.171875 0.8046875
vt 0.171875 0.78125
vt 0.0859375 0.78125
vt 0 0.8046875
vt 0.0859375 0.8046875
vt 0.0859375 0.78125
vt 0 0.78125
vt 0.2578125 0.8046875
vt 0.34375 0.8046875
vt 0.34375 0.78125
vt 0.2578125 0.78125
vt 0.171875 0.8046875
vt 0.2578125 0.8046875
vt 0.2578125 0.78125
vt 0.171875 0.78125
vt 0.171875 0.8046875
vt 0.0859375 0.8046875
vt 0.0859375 0.890625
vt 0.171875 0.890625
vt 0.2578125 0.890625
vt 0.171875 0.890625
vt 0.171875 0.8046875
vt 0.2578125 0.8046875
vn 0 0 -1
vn 1 0 0
vn 0 0 1
vn -1 0 0
vn 0 1 0
vn 0 -1 0
usemtl m_fcbb2569-01e4-80e6-ac45-7ae0272003ad
f 180/532/133 183/531/133 181/530/133 178/529/133
f 179/536/134 180/535/134 178/534/134 177/533/134
f 184/540/135 179/539/135 177/538/135 182/537/135
f 183/544/136 184/543/136 182/542/136 181/541/136
f 182/548/137 177/547/137 178/546/137 181/545/137
f 183/552/138 180/551/138 179/550/138 184/549/138
o sittingRotationSkirt
v 0.25 0.6875 0.25
v 0.25 0.6875 -0.25
v 0.25 0.59375 0.25
v 0.25 0.59375 -0.25
v -0.25 0.6875 -0.25
v -0.25 0.6875 0.25
v -0.25 0.59375 -0.25
v -0.25 0.59375 0.25
vt 0.3125 0.59375
vt 0.375 0.59375
vt 0.375 0.5859375
vt 0.3125 0.5859375
vt 0.25 0.59375
vt 0.3125 0.59375
vt 0.3125 0.5859375
vt 0.25 0.5859375
vt 0.4375 0.59375
vt 0.5 0.59375
vt 0.5 0.5859375
vt 0.4375 0.5859375
vt 0.375 0.59375
vt 0.4375 0.59375
vt 0.4375 0.5859375
vt 0.375 0.5859375
vt 0.375 0.59375
vt 0.3125 0.59375
vt 0.3125 0.65625
vt 0.375 0.65625
vt 0.4375 0.65625
vt 0.375 0.65625
vt 0.375 0.59375
vt 0.4375 0.59375
vn 0 0 -1
vn 1 0 0
vn 0 0 1
vn -1 0 0
vn 0 1 0
vn 0 -1 0
usemtl m_fcbb2569-01e4-80e6-ac45-7ae0272003ad
f 188/556/139 191/555/139 189/554/139 186/553/139
f 187/560/140 188/559/140 186/558/140 185/557/140
f 192/564/141 187/563/141 185/562/141 190/561/141
f 191/568/142 192/567/142 190/566/142 189/565/142
f 190/572/143 185/571/143 186/570/143 189/569/143
f 191/576/144 188/575/144 187/574/144 192/573/144
o sittingRotationSkirt
v 0.21875 0.75 0.21875
v 0.21875 0.75 -0.21875
v 0.21875 0.6875 0.21875
v 0.21875 0.6875 -0.21875
v -0.21875 0.75 -0.21875
v -0.21875 0.75 0.21875
v -0.21875 0.6875 -0.21875
v -0.21875 0.6875 0.21875
vt 0.5546875 0.6015625
vt 0.609375 0.6015625
vt 0.609375 0.59375
vt 0.5546875 0.59375
vt 0.5 0.6015625
vt 0.5546875 0.6015625
vt 0.5546875 0.59375
vt 0.5 0.59375
vt 0.6640625 0.6015625
vt 0.71875 0.6015625
vt 0.71875 0.59375
vt 0.6640625 0.59375
vt 0.609375 0.6015625
vt 0.6640625 0.6015625
vt 0.6640625 0.59375
vt 0.609375 0.59375
vt 0.609375 0.6015625
vt 0.5546875 0.6015625
vt 0.5546875 0.65625
vt 0.609375 0.65625
vt 0.6640625 0.65625
vt 0.609375 0.65625
vt 0.609375 0.6015625
vt 0.6640625 0.6015625
vn 0 0 -1
vn 1 0 0
vn 0 0 1
vn -1 0 0
vn 0 1 0
vn 0 -1 0
usemtl m_fcbb2569-01e4-80e6-ac45-7ae0272003ad
f 196/580/145 199/579/145 197/578/145 194/577/145
f 195/584/146 196/583/146 194/582/146 193/581/146
f 200/588/147 195/587/147 193/586/147 198/585/147
f 199/592/148 200/591/148 198/590/148 197/589/148
f 198/596/149 193/595/149 194/594/149 197/593/149
f 199/600/150 196/599/150 195/598/150 200/597/150
o bone68
v 0.07230455021287907 1.168654596056046 -0.1703804418615676
v 0.07230455021287907 1.168654596056046 -0.1703804418615676
v 0.15799719825124026 1.0882314879972386 -0.2129702735392689
v 0.15799719825124026 1.0882314879972386 -0.2129702735392689
v -0.015747453087465724 1.0806025927557013 -0.18127490970502486
v -0.015747453087465724 1.0806025927557013 -0.18127490970502486
v 0.06994519495089546 1.0001794846968939 -0.22386474138272616
v 0.06994519495089546 1.0001794846968939 -0.22386474138272616
vt 0.234375 0.4375
vt 0.28125 0.4375
vt 0.28125 0.390625
vt 0.234375 0.390625
vt 0.203125 0.4375
vt 0.234375 0.4375
vt 0.234375 0.390625
vt 0.203125 0.390625
vt 0.3125 0.4375
vt 0.359375 0.4375
vt 0.359375 0.390625
vt 0.3125 0.390625
vt 0.28125 0.4375
vt 0.3125 0.4375
vt 0.3125 0.390625
vt 0.28125 0.390625
vt 0.28125 0.4375
vt 0.234375 0.4375
vt 0.234375 0.46875
vt 0.28125 0.46875
vt 0.328125 0.46875
vt 0.28125 0.46875
vt 0.28125 0.4375
vt 0.328125 0.4375
vn -0.18393299422902504 0.29975653106692546 -0.9361168066628593
vn 0.7044160264027588 0.7044160264027587 0.0871557427476582
vn 0.18393299422902504 -0.29975653106692546 0.9361168066628593
vn -0.7044160264027588 -0.7044160264027587 -0.0871557427476582
vn -0.6855411843068902 0.6433848644704593 0.34071865342161006
vn 0.6855411843068902 -0.6433848644704593 -0.34071865342161006
usemtl m_fcbb2569-01e4-80e6-ac45-7ae0272003ad
f 204/604/151 207/603/151 205/602/151 202/601/151
f 203/608/152 204/607/152 202/606/152 201/605/152
f 208/612/153 203/611/153 201/610/153 206/609/153
f 207/616/154 208/615/154 206/614/154 205/613/154
f 206/620/155 201/619/155 202/618/155 205/617/155
f 207/624/156 204/623/156 203/622/156 208/621/156
o bone2
v 0.01287350005263721 1.0759188969577806 -0.18227308460091768
v 0.01287350005263721 1.0759188969577806 -0.18227308460091768
v -0.07281914798572398 0.9954957888989732 -0.22486291627861899
v -0.07281914798572398 0.9954957888989732 -0.22486291627861899
v -0.07517850324770758 1.1639709002581253 -0.1713786167574604
v -0.07517850324770758 1.1639709002581253 -0.1713786167574604
v -0.16087115128606877 1.083547792199318 -0.21396844843516172
v -0.16087115128606877 1.083547792199318 -0.21396844843516172
vt 0.03125 0.421875
vt 0.078125 0.421875
vt 0.078125 0.375
vt 0.03125 0.375
vt 0 0.421875
vt 0.03125 0.421875
vt 0.03125 0.375
vt 0 0.375
vt 0.109375 0.421875
vt 0.15625 0.421875
vt 0.15625 0.375
vt 0.109375 0.375
vt 0.078125 0.421875
vt 0.109375 0.421875
vt 0.109375 0.375
vt 0.078125 0.375
vt 0.078125 0.421875
vt 0.03125 0.421875
vt 0.03125 0.453125
vt 0.078125 0.453125
vt 0.125 0.453125
vt 0.078125 0.453125
vt 0.078125 0.421875
vt 0.125 0.421875
vn 0.18393299422902504 0.29975653106692546 -0.9361168066628593
vn 0.7044160264027588 -0.7044160264027587 -0.0871557427476582
vn -0.18393299422902504 -0.29975653106692546 0.9361168066628593
vn -0.7044160264027588 0.7044160264027587 0.0871557427476582
vn 0.6855411843068902 0.6433848644704593 0.34071865342161006
vn -0.6855411843068902 -0.6433848644704593 -0.34071865342161006
usemtl m_fcbb2569-01e4-80e6-ac45-7ae0272003ad
f 212/628/157 215/627/157 213/626/157 210/625/157
f 211/632/158 212/631/158 210/630/158 209/629/158
f 216/636/159 211/635/159 209/634/159 214/633/159
f 215/640/160 216/639/160 214/638/160 213/637/160
f 214/644/161 209/643/161 210/642/161 213/641/161
f 215/648/162 212/647/162 211/646/162 216/645/162
o legLeft
v -0.031187500000000007 0.5625 0.09375
v -0.031187500000000007 0.5625 -0.09375
v -0.031187500000000007 0 0.09375
v -0.031187500000000007 0 -0.09375
v -0.2186875 0.5625 -0.09375
v -0.2186875 0.5625 0.09375
v -0.2186875 0 -0.09375
v -0.2186875 0 0.09375
vt 0.6328125 0.9765625
vt 0.65625 0.9765625
vt 0.65625 0.90625
vt 0.6328125 0.90625
vt 0.609375 0.9765625
vt 0.6328125 0.9765625
vt 0.6328125 0.90625
vt 0.609375 0.90625
vt 0.6796875 0.9765625
vt 0.703125 0.9765625
vt 0.703125 0.90625
vt 0.6796875 0.90625
vt 0.65625 0.9765625
vt 0.6796875 0.9765625
vt 0.6796875 0.90625
vt 0.65625 0.90625
vt 0.65625 0.9765625
vt 0.6328125 0.9765625
vt 0.6328125 1
vt 0.65625 1
vt 0.6796875 1
vt 0.65625 1
vt 0.65625 0.9765625
vt 0.6796875 0.9765625
vn 0 0 -1
vn 1 0 0
vn 0 0 1
vn -1 0 0
vn 0 1 0
vn 0 -1 0
usemtl m_fcbb2569-01e4-80e6-ac45-7ae0272003ad
f 220/652/163 223/651/163 221/650/163 218/649/163
f 219/656/164 220/655/164 218/654/164 217/653/164
f 224/660/165 219/659/165 217/658/165 222/657/165
f 223/664/166 224/663/166 222/662/166 221/661/166
f 222/668/167 217/667/167 218/666/167 221/665/167
f 223/672/168 220/671/168 219/670/168 224/669/168
o hearty2
v -0.08080582617584076 0.16475243558256697 -0.0625
v -0.08080582617584076 0.16475243558256697 -0.125
v -0.03661165235168151 0.12055826175840775 -0.0625
v -0.03661165235168151 0.12055826175840775 -0.125
v -0.12499999999999989 0.12055826175840778 -0.125
v -0.12499999999999989 0.12055826175840778 -0.0625
v -0.0808058261758407 0.07636408793424856 -0.125
v -0.0808058261758407 0.07636408793424856 -0.0625
vt 0.2109375 0.515625
vt 0.21875 0.515625
vt 0.21875 0.5078125
vt 0.2109375 0.5078125
vt 0.203125 0.515625
vt 0.2109375 0.515625
vt 0.2109375 0.5078125
vt 0.203125 0.5078125
vt 0.2265625 0.515625
vt 0.234375 0.515625
vt 0.234375 0.5078125
vt 0.2265625 0.5078125
vt 0.21875 0.515625
vt 0.2265625 0.515625
vt 0.2265625 0.5078125
vt 0.21875 0.5078125
vt 0.21875 0.515625
vt 0.2109375 0.515625
vt 0.2109375 0.5234375
vt 0.21875 0.5234375
vt 0.2265625 0.5234375
vt 0.21875 0.5234375
vt 0.21875 0.515625
vt 0.2265625 0.515625
vn 0 0 -1
vn 0.7071067811865475 0.7071067811865476 0
vn 0 0 1
vn -0.7071067811865475 -0.7071067811865476 0
vn -0.7071067811865476 0.7071067811865475 0
vn 0.7071067811865476 -0.7071067811865475 0
usemtl m_fcbb2569-01e4-80e6-ac45-7ae0272003ad
f 228/676/169 231/675/169 229/674/169 226/673/169
f 227/680/170 228/679/170 226/678/170 225/677/170
f 232/684/171 227/683/171 225/682/171 230/681/171
f 231/688/172 232/687/172 230/686/172 229/685/172
f 230/692/173 225/691/173 226/690/173 229/689/173
f 231/696/174 228/695/174 227/694/174 232/693/174
o hearty2
v -0.16919417382415913 0.164752435582567 -0.0625
v -0.16919417382415913 0.164752435582567 -0.125
v -0.0808058261758407 0.07636408793424856 -0.0625
v -0.0808058261758407 0.07636408793424856 -0.125
v -0.21338834764831838 0.12055826175840775 -0.125
v -0.21338834764831838 0.12055826175840775 -0.0625
v -0.12499999999999994 0.03216991411008932 -0.125
v -0.12499999999999994 0.03216991411008932 -0.0625
vt 0.2578125 0.671875
vt 0.265625 0.671875
vt 0.265625 0.65625
vt 0.2578125 0.65625
vt 0.25 0.671875
vt 0.2578125 0.671875
vt 0.2578125 0.65625
vt 0.25 0.65625
vt 0.2734375 0.671875
vt 0.28125 0.671875
vt 0.28125 0.65625
vt 0.2734375 0.65625
vt 0.265625 0.671875
vt 0.2734375 0.671875
vt 0.2734375 0.65625
vt 0.265625 0.65625
vt 0.265625 0.671875
vt 0.2578125 0.671875
vt 0.2578125 0.6796875
vt 0.265625 0.6796875
vt 0.2734375 0.6796875
vt 0.265625 0.6796875
vt 0.265625 0.671875
vt 0.2734375 0.671875
vn 0 0 -1
vn 0.7071067811865475 0.7071067811865476 0
vn 0 0 1
vn -0.7071067811865475 -0.7071067811865476 0
vn -0.7071067811865476 0.7071067811865475 0
vn 0.7071067811865476 -0.7071067811865475 0
usemtl m_fcbb2569-01e4-80e6-ac45-7ae0272003ad
f 236/700/175 239/699/175 237/698/175 234/697/175
f 235/704/176 236/703/176 234/702/176 233/701/176
f 240/708/177 235/707/177 233/706/177 238/705/177
f 239/712/178 240/711/178 238/710/178 237/709/178
f 238/716/179 233/715/179 234/714/179 237/713/179
f 239/720/180 236/719/180 235/718/180 240/717/180
o legRight
v 0.2186875 0.5625 0.09375
v 0.2186875 0.5625 -0.09375
v 0.2186875 0 0.09375
v 0.2186875 0 -0.09375
v 0.031187500000000007 0.5625 -0.09375
v 0.031187500000000007 0.5625 0.09375
v 0.031187500000000007 0 -0.09375
v 0.031187500000000007 0 0.09375
vt 0.1796875 0.3671875
vt 0.203125 0.3671875
vt 0.203125 0.296875
vt 0.1796875 0.296875
vt 0.15625 0.3671875
vt 0.1796875 0.3671875
vt 0.1796875 0.296875
vt 0.15625 0.296875
vt 0.2265625 0.3671875
vt 0.25 0.3671875
vt 0.25 0.296875
vt 0.2265625 0.296875
vt 0.203125 0.3671875
vt 0.2265625 0.3671875
vt 0.2265625 0.296875
vt 0.203125 0.296875
vt 0.203125 0.3671875
vt 0.1796875 0.3671875
vt 0.1796875 0.390625
vt 0.203125 0.390625
vt 0.2265625 0.390625
vt 0.203125 0.390625
vt 0.203125 0.3671875
vt 0.2265625 0.3671875
vn 0 0 -1
vn 1 0 0
vn 0 0 1
vn -1 0 0
vn 0 1 0
vn 0 -1 0
usemtl m_fcbb2569-01e4-80e6-ac45-7ae0272003ad
f 244/724/181 247/723/181 245/722/181 242/721/181
f 243/728/182 244/727/182 242/726/182 241/725/182
f 248/732/183 243/731/183 241/730/183 246/729/183
f 247/736/184 248/735/184 246/734/184 245/733/184
f 246/740/185 241/739/185 242/738/185 245/737/185
f 247/744/186 244/743/186 243/742/186 248/741/186
o hearty3
v 0.12499999999999989 0.12055826175840778 -0.0625
v 0.12499999999999989 0.12055826175840778 -0.125
v 0.0808058261758407 0.07636408793424856 -0.0625
v 0.0808058261758407 0.07636408793424856 -0.125
v 0.08080582617584076 0.16475243558256697 -0.125
v 0.08080582617584076 0.16475243558256697 -0.0625
v 0.03661165235168151 0.12055826175840775 -0.125
v 0.03661165235168151 0.12055826175840775 -0.0625
vt 0.2109375 0.5
vt 0.21875 0.5
vt 0.21875 0.4921875
vt 0.2109375 0.4921875
vt 0.203125 0.5
vt 0.2109375 0.5
vt 0.2109375 0.4921875
vt 0.203125 0.4921875
vt 0.2265625 0.5
vt 0.234375 0.5
vt 0.234375 0.4921875
vt 0.2265625 0.4921875
vt 0.21875 0.5
vt 0.2265625 0.5
vt 0.2265625 0.4921875
vt 0.21875 0.4921875
vt 0.21875 0.5
vt 0.2109375 0.5
vt 0.2109375 0.5078125
vt 0.21875 0.5078125
vt 0.2265625 0.5078125
vt 0.21875 0.5078125
vt 0.21875 0.5
vt 0.2265625 0.5
vn 0 0 -1
vn 0.7071067811865475 -0.7071067811865476 0
vn 0 0 1
vn -0.7071067811865475 0.7071067811865476 0
vn 0.7071067811865476 0.7071067811865475 0
vn -0.7071067811865476 -0.7071067811865475 0
usemtl m_fcbb2569-01e4-80e6-ac45-7ae0272003ad
f 252/748/187 255/747/187 253/746/187 250/745/187
f 251/752/188 252/751/188 250/750/188 249/749/188
f 256/756/189 251/755/189 249/754/189 254/753/189
f 255/760/190 256/759/190 254/758/190 253/757/190
f 254/764/191 249/763/191 250/762/191 253/761/191
f 255/768/192 252/767/192 251/766/192 256/765/192
o hearty3
v 0.21338834764831838 0.12055826175840775 -0.0625
v 0.21338834764831838 0.12055826175840775 -0.125
v 0.12499999999999994 0.03216991411008932 -0.0625
v 0.12499999999999994 0.03216991411008932 -0.125
v 0.16919417382415913 0.164752435582567 -0.125
v 0.16919417382415913 0.164752435582567 -0.0625
v 0.0808058261758407 0.07636408793424856 -0.125
v 0.0808058261758407 0.07636408793424856 -0.0625
vt 0.2109375 0.546875
vt 0.21875 0.546875
vt 0.21875 0.53125
vt 0.2109375 0.53125
vt 0.203125 0.546875
vt 0.2109375 0.546875
vt 0.2109375 0.53125
vt 0.203125 0.53125
vt 0.2265625 0.546875
vt 0.234375 0.546875
vt 0.234375 0.53125
vt 0.2265625 0.53125
vt 0.21875 0.546875
vt 0.2265625 0.546875
vt 0.2265625 0.53125
vt 0.21875 0.53125
vt 0.21875 0.546875
vt 0.2109375 0.546875
vt 0.2109375 0.5546875
vt 0.21875 0.5546875
vt 0.2265625 0.5546875
vt 0.21875 0.5546875
vt 0.21875 0.546875
vt 0.2265625 0.546875
vn 0 0 -1
vn 0.7071067811865475 -0.7071067811865476 0
vn 0 0 1
vn -0.7071067811865475 0.7071067811865476 0
vn 0.7071067811865476 0.7071067811865475 0
vn -0.7071067811865476 -0.7071067811865475 0
usemtl m_fcbb2569-01e4-80e6-ac45-7ae0272003ad
f 260/772/193 263/771/193 261/770/193 258/769/193
f 259/776/194 260/775/194 258/774/194 257/773/194
f 264/780/195 259/779/195 257/778/195 262/777/195
f 263/784/196 264/783/196 262/782/196 261/781/196
f 262/788/197 257/787/197 258/786/197 261/785/197
f 263/792/198 260/791/198 259/790/198 264/789/198
o eye
v -0.8166670655334274 1.058690567036654 -0.11527988610519069
v -0.6456436808433594 1.0313114089800204 -0.18709655264759495
v -0.8197819381116997 0.8811655866477408 -0.05501854769707748
v -0.6487585534216317 0.8537864285911072 -0.12683521423948174
v -0.7224391849954523 0.9775386180721097 -0.3494763158571772
v -0.8934625696855205 1.0049177761287433 -0.27765964931477294
v -0.7255540575737247 0.8000136376831966 -0.289214977449064
v -0.8965774422637927 0.8273927957398302 -0.21739831090665973
vt 0.0390625 0.3359375
vt 0.078125 0.3359375
vt 0.078125 0.296875
vt 0.0390625 0.296875
vt 0 0.3359375
vt 0.0390625 0.3359375
vt 0.0390625 0.296875
vt 0 0.296875
vt 0.1171875 0.3359375
vt 0.15625 0.3359375
vt 0.15625 0.296875
vt 0.1171875 0.296875
vt 0.078125 0.3359375
vt 0.1171875 0.3359375
vt 0.1171875 0.296875
vt 0.078125 0.296875
vt 0.078125 0.3359375
vt 0.0390625 0.3359375
vt 0.0390625 0.375
vt 0.078125 0.375
vt 0.1171875 0.375
vt 0.078125 0.375
vt 0.078125 0.3359375
vt 0.1171875 0.3359375
vn 0.9121247183470295 -0.146022176302046 -0.38302222155948906
vn 0.40957602214449595 0.28678821817552325 0.8660254037844386
vn -0.9121247183470295 0.146022176302046 0.38302222155948906
vn -0.40957602214449595 -0.28678821817552325 -0.8660254037844386
vn 0.016612653750785536 0.946799895407537 -0.32139380484326985
vn -0.016612653750785536 -0.946799895407537 0.32139380484326985
usemtl m_fcbb2569-01e4-80e6-ac45-7ae0272003ad
f 268/796/199 271/795/199 269/794/199 266/793/199
f 267/800/200 268/799/200 266/798/200 265/797/200
f 272/804/201 267/803/201 265/802/201 270/801/201
f 271/808/202 272/807/202 270/806/202 269/805/202
f 270/812/203 265/811/203 266/810/203 269/809/203
f 271/816/204 268/815/204 267/814/204 272/813/204
o heart
v -0.5415520509724873 1.3548368474321901 0.18796696032949978
v -0.5415520509724873 1.3548368474321901 0.18796696032949978
v -0.5467435052696077 1.0589618801173348 0.2884025243430217
v -0.5467435052696077 1.0589618801173348 0.2884025243430217
v -0.6695445578926422 1.265215529252339 -0.08266597835313716
v -0.6695445578926422 1.265215529252339 -0.08266597835313716
v -0.6747360121897628 0.9693405619374837 0.017769585660384557
v -0.6747360121897628 0.9693405619374837 0.017769585660384557
vt 0.65625 0.4609375
vt 0.6953125 0.4609375
vt 0.6953125 0.421875
vt 0.65625 0.421875
vt 0.65625 0.4609375
vt 0.65625 0.4609375
vt 0.65625 0.421875
vt 0.65625 0.421875
vt 0.6953125 0.4609375
vt 0.734375 0.4609375
vt 0.734375 0.421875
vt 0.6953125 0.421875
vt 0.6953125 0.4609375
vt 0.6953125 0.4609375
vt 0.6953125 0.421875
vt 0.6953125 0.421875
vt 0.6953125 0.4609375
vt 0.65625 0.4609375
vt 0.65625 0.4609375
vt 0.6953125 0.4609375
vt 0.734375 0.4609375
vt 0.6953125 0.4609375
vt 0.6953125 0.4609375
vt 0.734375 0.4609375
vn 0.9121247183470295 -0.146022176302046 -0.38302222155948906
vn 0.40957602214449595 0.28678821817552325 0.8660254037844386
vn -0.9121247183470295 0.146022176302046 0.38302222155948906
vn -0.40957602214449595 -0.28678821817552325 -0.8660254037844386
vn 0.016612653750785536 0.946799895407537 -0.32139380484326985
vn -0.016612653750785536 -0.946799895407537 0.32139380484326985
usemtl m_fcbb2569-01e4-80e6-ac45-7ae0272003ad
f 276/820/205 279/819/205 277/818/205 274/817/205
f 275/824/206 276/823/206 274/822/206 273/821/206
f 280/828/207 275/827/207 273/826/207 278/825/207
f 279/832/208 280/831/208 278/830/208 277/829/208
f 278/836/209 273/835/209 274/834/209 277/833/209
f 279/840/210 276/839/210 275/838/210 280/837/210
o bone49
v -0.6235390094217007 1.0051890892094242 0.12602276113343946
v -0.6235390094217007 1.0051890892094242 0.12602276113343946
v -0.6245773002811248 0.9460140957464531 0.14610987393614394
v -0.6245773002811248 0.9460140957464531 0.14610987393614394
v -0.7259330149578247 0.9334920346655433 -0.09048358981267013
v -0.7259330149578247 0.9334920346655433 -0.09048358981267013
v -0.7269713058172489 0.8743170412025723 -0.07039647700996587
v -0.7269713058172489 0.8743170412025723 -0.07039647700996587
vt 0.40625 0.8984375
vt 0.4375 0.8984375
vt 0.4375 0.890625
vt 0.40625 0.890625
vt 0.40625 0.8984375
vt 0.40625 0.8984375
vt 0.40625 0.890625
vt 0.40625 0.890625
vt 0.4375 0.8984375
vt 0.46875 0.8984375
vt 0.46875 0.890625
vt 0.4375 0.890625
vt 0.4375 0.8984375
vt 0.4375 0.8984375
vt 0.4375 0.890625
vt 0.4375 0.890625
vt 0.4375 0.8984375
vt 0.40625 0.8984375
vt 0.40625 0.8984375
vt 0.4375 0.8984375
vt 0.46875 0.8984375
vt 0.4375 0.8984375
vt 0.4375 0.8984375
vt 0.46875 0.8984375
vn 0.9121247183470295 -0.146022176302046 -0.38302222155948906
vn 0.40957602214449595 0.28678821817552325 0.8660254037844386
vn -0.9121247183470295 0.146022176302046 0.38302222155948906
vn -0.40957602214449595 -0.28678821817552325 -0.8660254037844386
vn 0.016612653750785536 0.946799895407537 -0.32139380484326985
vn -0.016612653750785536 -0.946799895407537 0.32139380484326985
usemtl m_fcbb2569-01e4-80e6-ac45-7ae0272003ad
f 284/844/211 287/843/211 285/842/211 282/841/211
f 283/848/212 284/847/212 282/846/212 281/845/212
f 288/852/213 283/851/213 281/850/213 286/849/213
f 287/856/214 288/855/214 286/854/214 285/853/214
f 286/860/215 281/859/215 282/858/215 285/857/215
f 287/864/216 284/863/216 283/862/216 288/861/216
o bone50
v -0.29390295498884544 1.0888713790654572 0.38958264201082976
v -0.29390295498884544 1.0888713790654572 0.38958264201082976
v -0.29909440928596587 0.7929964117506021 0.4900182060243516
v -0.29909440928596587 0.7929964117506021 0.4900182060243516
v -0.5979400546632052 1.023113331204812 0.1801493085532339
v -0.5979400546632052 1.023113331204812 0.1801493085532339
v -0.6031315089603257 0.7272383638899567 0.28058487256675574
v -0.6031315089603257 0.7272383638899567 0.28058487256675574
vt 0.625 0.8515625
vt 0.671875 0.8515625
vt 0.671875 0.8125
vt 0.625 0.8125
vt 0.625 0.8515625
vt 0.625 0.8515625
vt 0.625 0.8125
vt 0.625 0.8125
vt 0.671875 0.8515625
vt 0.71875 0.8515625
vt 0.71875 0.8125
vt 0.671875 0.8125
vt 0.671875 0.8515625
vt 0.671875 0.8515625
vt 0.671875 0.8125
vt 0.671875 0.8125
vt 0.671875 0.8515625
vt 0.625 0.8515625
vt 0.625 0.8515625
vt 0.671875 0.8515625
vt 0.71875 0.8515625
vt 0.671875 0.8515625
vt 0.671875 0.8515625
vt 0.71875 0.8515625
vn 0.5851351664360058 -0.2698530232812235 -0.7647196759766886
vn 0.810765599131626 0.1753547942950542 0.5584888892202555
vn -0.5851351664360058 0.2698530232812235 0.7647196759766886
vn -0.810765599131626 -0.1753547942950542 -0.5584888892202555
vn 0.01661265375078555 0.946799895407537 -0.32139380484326985
vn -0.01661265375078555 -0.946799895407537 0.32139380484326985
usemtl m_fcbb2569-01e4-80e6-ac45-7ae0272003ad
f 292/868/217 295/867/217 293/866/217 290/865/217
f 291/872/218 292/871/218 290/870/218 289/869/218
f 296/876/219 291/875/219 289/874/219 294/873/219
f 295/880/220 296/879/220 294/878/220 293/877/220
f 294/884/221 289/883/221 290/882/221 293/881/221
f 295/888/222 292/887/222 291/886/222 296/885/222
o bone51
v -0.05044714819760737 0.7972270030668582 0.5153336108258004
v -0.05044714819760737 0.7972270030668582 0.5153336108258004
v -0.05148543905703146 0.7380520096038872 0.5354207236285049
v -0.05148543905703146 0.7380520096038872 0.5354207236285049
v -0.2991249453427327 0.7929932043432832 0.4900071788738629
v -0.2991249453427327 0.7929932043432832 0.4900071788738629
v -0.30016323620215685 0.7338182108803122 0.5100942916765673
v -0.30016323620215685 0.7338182108803122 0.5100942916765673
vt 0.421875 0.7890625
vt 0.453125 0.7890625
vt 0.453125 0.78125
vt 0.421875 0.78125
vt 0.421875 0.7890625
vt 0.421875 0.7890625
vt 0.421875 0.78125
vt 0.421875 0.78125
vt 0.453125 0.7890625
vt 0.484375 0.7890625
vt 0.484375 0.78125
vt 0.453125 0.78125
vt 0.453125 0.7890625
vt 0.453125 0.7890625
vt 0.453125 0.78125
vt 0.453125 0.78125
vt 0.453125 0.7890625
vt 0.421875 0.7890625
vt 0.421875 0.7890625
vt 0.453125 0.7890625
vt 0.484375 0.7890625
vt 0.453125 0.7890625
vt 0.453125 0.7890625
vt 0.484375 0.7890625
vn 0.10135911921540362 -0.3213769705971002 -0.9415111107797445
vn 0.9947111885805016 0.016935194894299795 0.10130572780775023
vn -0.10135911921540362 0.3213769705971002 0.9415111107797445
vn -0.9947111885805016 -0.016935194894299795 -0.10130572780775023
vn 0.016612653750785543 0.9467998954075368 -0.3213938048432698
vn -0.016612653750785543 -0.9467998954075368 0.3213938048432698
usemtl m_fcbb2569-01e4-80e6-ac45-7ae0272003ad
f 300/892/223 303/891/223 301/890/223 298/889/223
f 299/896/224 300/895/224 298/894/224 297/893/224
f 304/900/225 299/899/225 297/898/225 302/897/225
f 303/904/226 304/903/226 302/902/226 301/901/226
f 302/908/227 297/907/227 298/906/227 301/905/227
f 303/912/228 300/911/228 299/910/228 304/909/228
o bone52
v 0.1215826299867831 0.8290249253963935 0.4234343306302143
v 0.1215826299867831 0.8290249253963935 0.4234343306302143
v 0.12054433912735901 0.7698499319334224 0.44352144343291866
v 0.12054433912735901 0.7698499319334224 0.44352144343291866
v -0.04944075470328496 0.8564040834530271 0.49525099717261845
v -0.04944075470328496 0.8564040834530271 0.49525099717261845
v -0.050479045562709046 0.797229089990056 0.5153381099753228
v -0.050479045562709046 0.797229089990056 0.5153381099753228
vt 0.203125 0.53125
vt 0.2265625 0.53125
vt 0.2265625 0.5234375
vt 0.203125 0.5234375
vt 0.203125 0.53125
vt 0.203125 0.53125
vt 0.203125 0.5234375
vt 0.203125 0.5234375
vt 0.2265625 0.53125
vt 0.25 0.53125
vt 0.25 0.5234375
vt 0.2265625 0.5234375
vt 0.2265625 0.53125
vt 0.2265625 0.53125
vt 0.2265625 0.5234375
vt 0.2265625 0.5234375
vt 0.2265625 0.53125
vt 0.203125 0.53125
vt 0.203125 0.53125
vt 0.2265625 0.53125
vt 0.25 0.53125
vt 0.2265625 0.53125
vt 0.2265625 0.53125
vt 0.25 0.53125
vn -0.4095760221444958 -0.28678821817552325 -0.8660254037844387
vn 0.9121247183470296 -0.14602217630204592 -0.38302222155948884
vn 0.4095760221444958 0.28678821817552325 0.8660254037844387
vn -0.9121247183470296 0.14602217630204592 0.38302222155948884
vn 0.016612653750785536 0.946799895407537 -0.32139380484326985
vn -0.016612653750785536 -0.946799895407537 0.32139380484326985
usemtl m_fcbb2569-01e4-80e6-ac45-7ae0272003ad
f 308/916/229 311/915/229 309/914/229 306/913/229
f 307/920/230 308/919/230 306/918/230 305/917/230
f 312/924/231 307/923/231 305/922/231 310/921/231
f 311/928/232 312/927/232 310/926/232 309/925/232
f 310/932/233 305/931/233 306/930/233 309/929/233
f 311/936/234 308/935/234 307/934/234 312/933/234
o bone53
v 0.19573769727601675 0.8544754046307894 0.3077769162497876
v 0.19573769727601675 0.8544754046307894 0.3077769162497876
v 0.19469940641659278 0.7953004111678184 0.32786402905249196
v 0.19469940641659278 0.7953004111678184 0.32786402905249196
v 0.12259580147151605 0.8882070325409424 0.4033668757468737
v 0.12259580147151605 0.8882070325409424 0.4033668757468737
v 0.12155751061209197 0.8290320390779713 0.42345398854957805
v 0.12155751061209197 0.8290320390779713 0.42345398854957805
vt 0.484375 0.7890625
vt 0.5 0.7890625
vt 0.5 0.78125
vt 0.484375 0.78125
vt 0.484375 0.7890625
vt 0.484375 0.7890625
vt 0.484375 0.78125
vt 0.484375 0.78125
vt 0.5 0.7890625
vt 0.515625 0.7890625
vt 0.515625 0.78125
vt 0.5 0.78125
vt 0.5 0.7890625
vt 0.5 0.7890625
vt 0.5 0.78125
vt 0.5 0.78125
vt 0.5 0.7890625
vt 0.484375 0.7890625
vt 0.484375 0.7890625
vt 0.5 0.7890625
vt 0.515625 0.7890625
vt 0.5 0.7890625
vt 0.5 0.7890625
vt 0.515625 0.7890625
vn -0.8107655991316259 -0.1753547942950543 -0.5584888892202557
vn 0.5851351664360058 -0.26985302328122346 -0.7647196759766883
vn 0.8107655991316259 0.1753547942950543 0.5584888892202557
vn -0.5851351664360058 0.26985302328122346 0.7647196759766883
vn 0.016612653750785522 0.946799895407537 -0.32139380484326985
vn -0.016612653750785522 -0.946799895407537 0.32139380484326985
usemtl m_fcbb2569-01e4-80e6-ac45-7ae0272003ad
f 316/940/235 319/939/235 317/938/235 314/937/235
f 315/944/236 316/943/236 314/942/236 313/941/236
f 320/948/237 315/947/237 313/946/237 318/945/237
f 319/952/238 320/951/238 318/950/238 317/949/238
f 318/956/239 313/955/239 314/954/239 317/953/239
f 319/960/240 316/959/240 315/958/240 320/957/240
o bone54
v 0.2474442905108718 0.7529717600323853 -0.18303732466607203
v 0.2474442905108718 0.7529717600323853 -0.18303732466607203
v 0.2464059996514476 0.6937967665694142 -0.16295021186336767
v 0.2464059996514476 0.6937967665694142 -0.16295021186336767
v 0.19676473090316993 0.9136602453309353 0.2877182307238002
v 0.19676473090316993 0.9136602453309353 0.2877182307238002
v 0.19572644004374595 0.8544852518679642 0.30780534352650457
v 0.19572644004374595 0.8544852518679642 0.30780534352650457
vt 0.34375 0.8046875
vt 0.40625 0.8046875
vt 0.40625 0.796875
vt 0.34375 0.796875
vt 0.34375 0.8046875
vt 0.34375 0.8046875
vt 0.34375 0.796875
vt 0.34375 0.796875
vt 0.40625 0.8046875
vt 0.46875 0.8046875
vt 0.46875 0.796875
vt 0.40625 0.796875
vt 0.40625 0.8046875
vt 0.40625 0.8046875
vt 0.40625 0.796875
vt 0.40625 0.796875
vt 0.40625 0.8046875
vt 0.34375 0.8046875
vt 0.34375 0.8046875
vt 0.40625 0.8046875
vt 0.46875 0.8046875
vt 0.40625 0.8046875
vt 0.40625 0.8046875
vt 0.46875 0.8046875
vn -0.9947111885805017 -0.016935194894299704 -0.10130572780774996
vn 0.10135911921540332 -0.32137697059710013 -0.9415111107797445
vn 0.9947111885805017 0.016935194894299704 0.10130572780774996
vn -0.10135911921540332 0.32137697059710013 0.9415111107797445
vn 0.016612653750785532 0.9467998954075368 -0.3213938048432698
vn -0.016612653750785532 -0.9467998954075368 0.3213938048432698
usemtl m_fcbb2569-01e4-80e6-ac45-7ae0272003ad
f 324/964/241 327/963/241 325/962/241 322/961/241
f 323/968/242 324/967/242 322/966/242 321/965/242
f 328/972/243 323/971/243 321/970/243 326/969/243
f 327/976/244 328/975/244 326/974/244 325/973/244
f 326/980/245 321/979/245 322/978/245 325/977/245
f 327/984/246 324/983/246 323/982/246 328/981/246
o bone55
v 0.16947175275107584 0.782257339147167 -0.2952602330903267
v 0.16947175275107584 0.782257339147167 -0.2952602330903267
v 0.16843346189165165 0.7230823456841959 -0.2751731202876222
v 0.16843346189165165 0.7230823456841959 -0.2751731202876222
v 0.24843366603046269 0.8121601924442763 -0.20308737582773473
v 0.24843366603046269 0.8121601924442763 -0.20308737582773473
v 0.2473953751710387 0.7529851989813052 -0.18300026302503036
v 0.2473953751710387 0.7529851989813052 -0.18300026302503036
vt 0.5 0.59375
vt 0.515625 0.59375
vt 0.515625 0.5859375
vt 0.5 0.5859375
vt 0.5 0.59375
vt 0.5 0.59375
vt 0.5 0.5859375
vt 0.5 0.5859375
vt 0.515625 0.59375
vt 0.53125 0.59375
vt 0.53125 0.5859375
vt 0.515625 0.5859375
vt 0.515625 0.59375
vt 0.515625 0.59375
vt 0.515625 0.5859375
vt 0.515625 0.5859375
vt 0.515625 0.59375
vt 0.5 0.59375
vt 0.5 0.59375
vt 0.515625 0.59375
vt 0.53125 0.59375
vt 0.515625 0.59375
vt 0.515625 0.59375
vt 0.53125 0.59375
vn -0.7750387472997109 0.21527284407592406 0.5941149238889374
vn -0.6316953062350956 -0.2392228263768744 -0.7373828581007349
vn 0.7750387472997109 -0.21527284407592406 -0.5941149238889374
vn 0.6316953062350956 0.2392228263768744 0.7373828581007349
vn 0.016612653750785526 0.946799895407537 -0.32139380484326985
vn -0.016612653750785526 -0.946799895407537 0.32139380484326985
usemtl m_fcbb2569-01e4-80e6-ac45-7ae0272003ad
f 332/988/247 335/987/247 333/986/247 330/985/247
f 331/992/248 332/991/248 330/990/248 329/989/248
f 336/996/249 331/995/249 329/994/249 334/993/249
f 335/1000/250 336/999/250 334/998/250 333/997/250
f 334/1004/251 329/1003/251 330/1002/251 333/1001/251
f 335/1008/252 332/1007/252 331/1006/252 336/1005/252
o bone56
v 0.0526753592240492 0.7698208857792661 -0.3379341446166
v 0.0526753592240492 0.7698208857792661 -0.3379341446166
v 0.051637068364625005 0.7106458923162953 -0.3178470318138955
v 0.051637068364625005 0.7106458923162953 -0.3178470318138955
v 0.16949830376165398 0.7822629636254568 -0.295242291430857
v 0.16949830376165398 0.7822629636254568 -0.295242291430857
v 0.16846001290222978 0.7230879701624859 -0.27515517862815253
v 0.16846001290222978 0.7230879701624859 -0.27515517862815253
vt 0.203125 0.4921875
vt 0.21875 0.4921875
vt 0.21875 0.484375
vt 0.203125 0.484375
vt 0.203125 0.4921875
vt 0.203125 0.4921875
vt 0.203125 0.484375
vt 0.203125 0.484375
vt 0.21875 0.4921875
vt 0.234375 0.4921875
vt 0.234375 0.484375
vt 0.21875 0.484375
vt 0.21875 0.4921875
vt 0.21875 0.4921875
vt 0.21875 0.484375
vt 0.21875 0.484375
vt 0.21875 0.4921875
vt 0.203125 0.4921875
vt 0.203125 0.4921875
vt 0.21875 0.4921875
vt 0.234375 0.4921875
vt 0.21875 0.4921875
vt 0.21875 0.4921875
vt 0.234375 0.4921875
vn -0.3553555909612695 0.3060431649031139 0.8832100459056454
vn -0.9345835563008391 -0.09953662276952521 -0.3415348254859434
vn 0.3553555909612695 -0.3060431649031139 -0.8832100459056454
vn 0.9345835563008391 0.09953662276952521 0.3415348254859434
vn 0.016612653750785546 0.946799895407537 -0.32139380484326985
vn -0.016612653750785546 -0.946799895407537 0.32139380484326985
usemtl m_fcbb2569-01e4-80e6-ac45-7ae0272003ad
f 340/1012/253 343/1011/253 341/1010/253 338/1009/253
f 339/1016/254 340/1015/254 338/1014/254 337/1013/254
f 344/1020/255 339/1019/255 337/1018/255 342/1017/255
f 343/1024/256 344/1023/256 342/1022/256 341/1021/256
f 342/1028/257 337/1027/257 338/1026/257 341/1025/257
f 343/1032/258 340/1031/258 339/1030/258 344/1029/258
o bone57
v -0.07229449728082149 0.7712132980338146 -0.340291829074145
v -0.07229449728082149 0.7712132980338146 -0.340291829074145
v -0.07333278814024569 0.7120383045708437 -0.32020471627144054
v -0.07333278814024569 0.7120383045708437 -0.32020471627144054
v 0.05267550790866604 0.7698209108826232 -0.33793406297874173
v 0.05267550790866604 0.7698209108826232 -0.33793406297874173
v 0.051637217049241846 0.7106459174196523 -0.3178469501760375
v 0.051637217049241846 0.7106459174196523 -0.3178469501760375
vt 0.203125 0.484375
vt 0.21875 0.484375
vt 0.21875 0.4765625
vt 0.203125 0.4765625
vt 0.203125 0.484375
vt 0.203125 0.484375
vt 0.203125 0.4765625
vt 0.203125 0.4765625
vt 0.21875 0.484375
vt 0.234375 0.484375
vt 0.234375 0.4765625
vt 0.21875 0.4765625
vt 0.21875 0.484375
vt 0.21875 0.484375
vt 0.21875 0.4765625
vt 0.21875 0.4765625
vt 0.21875 0.484375
vt 0.203125 0.484375
vt 0.203125 0.484375
vt 0.21875 0.484375
vt 0.234375 0.484375
vt 0.21875 0.484375
vt 0.21875 0.484375
vt 0.234375 0.484375
vn -0.014278624705494625 0.321630033687207 0.946757752704928
vn -0.999760041515901 0.011139097209530748 -0.01886212876322489
vn 0.014278624705494625 -0.321630033687207 -0.946757752704928
vn 0.999760041515901 -0.011139097209530748 0.01886212876322489
vn 0.016612653750785553 0.9467998954075368 -0.32139380484326985
vn -0.016612653750785553 -0.9467998954075368 0.32139380484326985
usemtl m_fcbb2569-01e4-80e6-ac45-7ae0272003ad
f 348/1036/259 351/1035/259 349/1034/259 346/1033/259
f 347/1040/260 348/1039/260 346/1038/260 345/1037/260
f 352/1044/261 347/1043/261 345/1042/261 350/1041/261
f 351/1048/262 352/1047/262 350/1046/262 349/1045/262
f 350/1052/263 345/1051/263 346/1050/263 349/1049/263
f 351/1056/264 348/1055/264 347/1054/264 352/1053/264
o bone58
v -0.17248802193992763 0.7967878656307855 -0.2701301854678877
v -0.17248802193992763 0.7967878656307855 -0.2701301854678877
v -0.17352631279935182 0.7376128721678146 -0.250043072665183
v -0.17352631279935182 0.7376128721678146 -0.250043072665183
v -0.07225611638913532 0.7712087157684658 -0.3403033441681913
v -0.07225611638913532 0.7712087157684658 -0.3403033441681913
v -0.07329440724855951 0.712033722305495 -0.32021623136548705
v -0.07329440724855951 0.712033722305495 -0.32021623136548705
vt 0.203125 0.4765625
vt 0.21875 0.4765625
vt 0.21875 0.46875
vt 0.203125 0.46875
vt 0.203125 0.4765625
vt 0.203125 0.4765625
vt 0.203125 0.46875
vt 0.203125 0.46875
vt 0.21875 0.4765625
vt 0.234375 0.4765625
vt 0.234375 0.46875
vt 0.21875 0.46875
vt 0.21875 0.4765625
vt 0.21875 0.4765625
vt 0.21875 0.46875
vt 0.21875 0.46875
vt 0.21875 0.4765625
vt 0.203125 0.4765625
vt 0.203125 0.4765625
vt 0.21875 0.4765625
vt 0.234375 0.4765625
vt 0.21875 0.4765625
vt 0.21875 0.4765625
vt 0.234375 0.4765625
vn 0.5972873569341689 0.2483852088285872 0.7625959620151251
vn -0.8018552444063402 0.20463319889855722 0.5613852696024294
vn -0.5972873569341689 -0.2483852088285872 -0.7625959620151251
vn 0.8018552444063402 -0.20463319889855722 -0.5613852696024294
vn 0.016612653750785526 0.946799895407537 -0.32139380484326985
vn -0.016612653750785526 -0.946799895407537 0.32139380484326985
usemtl m_fcbb2569-01e4-80e6-ac45-7ae0272003ad
f 356/1060/265 359/1059/265 357/1058/265 354/1057/265
f 355/1064/266 356/1063/266 354/1062/266 353/1061/266
f 360/1068/267 355/1067/267 353/1066/267 358/1065/267
f 359/1072/268 360/1071/268 358/1070/268 357/1069/268
f 358/1076/269 353/1075/269 354/1074/269 357/1073/269
f 359/1080/270 356/1079/270 355/1078/270 360/1077/270
o bone59
v -0.23175822114868178 0.8330852017390196 -0.16626483949479964
v -0.23175822114868178 0.8330852017390196 -0.16626483949479964
v -0.23279651200810586 0.7739102082760487 -0.1461777266920954
v -0.23279651200810586 0.7739102082760487 -0.1461777266920954
v -0.17247033270687834 0.7967811033833672 -0.27014919215050703
v -0.17247033270687834 0.7967811033833672 -0.27014919215050703
v -0.17350862356630242 0.7376061099203961 -0.25006207934780256
v -0.17350862356630242 0.7376061099203961 -0.25006207934780256
vt 0.53125 0.8984375
vt 0.546875 0.8984375
vt 0.546875 0.890625
vt 0.53125 0.890625
vt 0.53125 0.8984375
vt 0.53125 0.8984375
vt 0.53125 0.890625
vt 0.53125 0.890625
vt 0.546875 0.8984375
vt 0.5625 0.8984375
vt 0.5625 0.890625
vt 0.546875 0.890625
vt 0.546875 0.8984375
vt 0.546875 0.8984375
vt 0.546875 0.890625
vt 0.546875 0.890625
vt 0.546875 0.8984375
vt 0.53125 0.8984375
vt 0.53125 0.8984375
vt 0.546875 0.8984375
vt 0.5625 0.8984375
vt 0.546875 0.8984375
vt 0.546875 0.8984375
vt 0.5625 0.8984375
vn 0.8802048522466472 0.13863172213312605 0.45389499193080074
vn -0.4743031075344272 0.29043278684522006 0.8310748212456593
vn -0.8802048522466472 -0.13863172213312605 -0.45389499193080074
vn 0.4743031075344272 -0.29043278684522006 -0.8310748212456593
vn 0.01661265375078555 0.9467998954075368 -0.3213938048432698
vn -0.01661265375078555 -0.9467998954075368 0.3213938048432698
usemtl m_fcbb2569-01e4-80e6-ac45-7ae0272003ad
f 364/1084/271 367/1083/271 365/1082/271 362/1081/271
f 363/1088/272 364/1087/272 362/1086/272 361/1085/272
f 368/1092/273 363/1091/273 361/1090/273 366/1089/273
f 367/1096/274 368/1095/274 366/1094/274 365/1093/274
f 366/1100/275 361/1099/275 362/1098/275 365/1097/275
f 367/1104/276 364/1103/276 363/1102/276 368/1101/276
o bone60
v -0.35203173625355116 0.9110857965002317 0.2517671532666421
v -0.35203173625355116 0.9110857965002317 0.2517671532666421
v -0.3592997722695198 0.4968608422594344 0.39237694288557257
v -0.3592997722695198 0.4968608422594344 0.39237694288557257
v -0.23279153490942 0.7739060236338318 -0.14618979704297885
v -0.23279153490942 0.7739060236338318 -0.14618979704297885
v -0.24005957092538865 0.35968106939303446 -0.005580007424048183
v -0.24005957092538865 0.35968106939303446 -0.005580007424048183
vt 0.25 0.390625
vt 0.3046875 0.390625
vt 0.3046875 0.3359375
vt 0.25 0.3359375
vt 0.25 0.390625
vt 0.25 0.390625
vt 0.25 0.3359375
vt 0.25 0.3359375
vt 0.3046875 0.390625
vt 0.359375 0.390625
vt 0.359375 0.3359375
vt 0.3046875 0.3359375
vt 0.3046875 0.390625
vt 0.3046875 0.390625
vt 0.3046875 0.3359375
vt 0.3046875 0.3359375
vt 0.3046875 0.390625
vt 0.25 0.390625
vt 0.25 0.390625
vt 0.3046875 0.390625
vt 0.359375 0.390625
vt 0.3046875 0.390625
vt 0.3046875 0.390625
vt 0.359375 0.390625
vn 0.9619984641803866 0.07248443651898426 0.26325835480968673
vn -0.2725490316437284 0.31355376655177125 0.9096158864219904
vn -0.9619984641803866 -0.07248443651898426 -0.26325835480968673
vn 0.2725490316437284 -0.31355376655177125 -0.9096158864219904
vn 0.01661265375078556 0.9467998954075368 -0.32139380484326985
vn -0.01661265375078556 -0.9467998954075368 0.32139380484326985
usemtl m_fcbb2569-01e4-80e6-ac45-7ae0272003ad
f 372/1108/277 375/1107/277 373/1106/277 370/1105/277
f 371/1112/278 372/1111/278 370/1110/278 369/1109/278
f 376/1116/279 371/1115/279 369/1114/279 374/1113/279
f 375/1120/280 376/1119/280 374/1118/280 373/1117/280
f 374/1124/281 369/1123/281 370/1122/281 373/1121/281
f 375/1128/282 372/1127/282 371/1126/282 376/1125/282
o bone61
v -0.3286794248369279 0.5353343302094913 0.5072994430710233
v -0.3286794248369279 0.5353343302094913 0.5072994430710233
v -0.329717715696352 0.4761593367465203 0.5273865558737276
v -0.329717715696352 0.4761593367465203 0.5273865558737276
v -0.3593000307006624 0.4968608620162886 0.3923769877294998
v -0.3593000307006624 0.4968608620162886 0.3923769877294998
v -0.3603383215600865 0.43768586855331754 0.41246410053220417
v -0.3603383215600865 0.43768586855331754 0.41246410053220417
vt 0.53125 0.59375
vt 0.546875 0.59375
vt 0.546875 0.5859375
vt 0.53125 0.5859375
vt 0.53125 0.59375
vt 0.53125 0.59375
vt 0.53125 0.5859375
vt 0.53125 0.5859375
vt 0.546875 0.59375
vt 0.5625 0.59375
vt 0.5625 0.5859375
vt 0.546875 0.5859375
vt 0.546875 0.59375
vt 0.546875 0.59375
vt 0.546875 0.5859375
vt 0.546875 0.5859375
vt 0.546875 0.59375
vt 0.53125 0.59375
vt 0.53125 0.59375
vt 0.546875 0.59375
vt 0.5625 0.59375
vt 0.546875 0.59375
vt 0.546875 0.59375
vt 0.5625 0.59375
vn 0.9693896242036935 -0.0940035198714448 -0.2268195201873093
vn 0.24496484690987566 0.30778774554562144 0.9193796427321878
vn -0.9693896242036935 0.0940035198714448 0.2268195201873093
vn -0.24496484690987566 -0.30778774554562144 -0.9193796427321878
vn 0.016612653750785522 0.946799895407537 -0.32139380484326985
vn -0.016612653750785522 -0.946799895407537 0.32139380484326985
usemtl m_fcbb2569-01e4-80e6-ac45-7ae0272003ad
f 380/1132/283 383/1131/283 381/1130/283 378/1129/283
f 379/1136/284 380/1135/284 378/1134/284 377/1133/284
f 384/1140/285 379/1139/285 377/1138/285 382/1137/285
f 383/1144/286 384/1143/286 382/1142/286 381/1141/286
f 382/1148/287 377/1147/287 378/1146/287 381/1145/287
f 383/1152/288 380/1151/288 379/1150/288 384/1149/288
o bone62
v -0.24261258985138845 0.5036030253364472 0.6127358325827104
v -0.24261258985138845 0.5036030253364472 0.6127358325827104
v -0.24365088071081265 0.4444280318734762 0.6328229453854146
v -0.24365088071081265 0.4444280318734762 0.6328229453854146
v -0.32971766392138413 0.4761592445014064 0.5273862868033752
v -0.32971766392138413 0.4761592445014064 0.5273862868033752
v -0.3307559547808082 0.4169842510384354 0.5474733996060794
v -0.3307559547808082 0.4169842510384354 0.5474733996060794
vt 0.15625 0.453125
vt 0.171875 0.453125
vt 0.171875 0.4453125
vt 0.15625 0.4453125
vt 0.15625 0.453125
vt 0.15625 0.453125
vt 0.15625 0.4453125
vt 0.15625 0.4453125
vt 0.171875 0.453125
vt 0.1875 0.453125
vt 0.1875 0.4453125
vt 0.171875 0.4453125
vt 0.171875 0.453125
vt 0.171875 0.453125
vt 0.171875 0.4453125
vt 0.171875 0.4453125
vt 0.171875 0.453125
vt 0.15625 0.453125
vt 0.15625 0.453125
vt 0.171875 0.453125
vt 0.1875 0.453125
vt 0.171875 0.453125
vt 0.171875 0.453125
vt 0.1875 0.453125
vn 0.717033617270511 -0.23530330902663715 -0.6561212879225009
vn 0.6968405925599649 0.21955024668032647 0.6827963662346812
vn -0.717033617270511 0.23530330902663715 0.6561212879225009
vn -0.6968405925599649 -0.21955024668032647 -0.6827963662346812
vn 0.01661265375078555 0.946799895407537 -0.32139380484326985
vn -0.01661265375078555 -0.946799895407537 0.32139380484326985
usemtl m_fcbb2569-01e4-80e6-ac45-7ae0272003ad
f 388/1156/289 391/1155/289 389/1154/289 386/1153/289
f 387/1160/290 388/1159/290 386/1158/290 385/1157/290
f 392/1164/291 387/1163/291 385/1162/291 390/1161/291
f 391/1168/292 392/1167/292 390/1166/292 389/1165/292
f 390/1172/293 385/1171/293 386/1170/293 389/1169/293
f 391/1176/294 388/1175/294 387/1174/294 392/1173/294
o bone63
v -0.12340090083070848 0.45348863944208145 0.6657304047645048
v -0.12340090083070848 0.45348863944208145 0.6657304047645048
v -0.12443919169013257 0.3943136459791104 0.6858175175672092
v -0.12443919169013257 0.3943136459791104 0.6858175175672092
v -0.2436507088532568 0.44442808487720836 0.632823110413294
v -0.2436507088532568 0.44442808487720836 0.632823110413294
v -0.24468899971268088 0.3852530914142373 0.6529102232159985
v -0.24468899971268088 0.3852530914142373 0.6529102232159985
vt 0.15625 0.4453125
vt 0.171875 0.4453125
vt 0.171875 0.4375
vt 0.15625 0.4375
vt 0.15625 0.4453125
vt 0.15625 0.4453125
vt 0.15625 0.4375
vt 0.15625 0.4375
vt 0.171875 0.4453125
vt 0.1875 0.4453125
vt 0.1875 0.4375
vt 0.171875 0.4375
vt 0.171875 0.4453125
vt 0.171875 0.4453125
vt 0.171875 0.4375
vt 0.171875 0.4375
vt 0.171875 0.4453125
vt 0.15625 0.4453125
vt 0.15625 0.4453125
vt 0.171875 0.4453125
vt 0.1875 0.4453125
vt 0.171875 0.4453125
vt 0.171875 0.4453125
vt 0.1875 0.4453125
vn 0.27254903164372835 -0.31355376655177125 -0.9096158864219905
vn 0.9619984641803866 0.07248443651898423 0.2632583548096867
vn -0.27254903164372835 0.31355376655177125 0.9096158864219905
vn -0.9619984641803866 -0.07248443651898423 -0.2632583548096867
vn 0.016612653750785526 0.9467998954075371 -0.3213938048432698
vn -0.016612653750785526 -0.9467998954075371 0.3213938048432698
usemtl m_fcbb2569-01e4-80e6-ac45-7ae0272003ad
f 396/1180/295 399/1179/295 397/1178/295 394/1177/295
f 395/1184/296 396/1183/296 394/1182/296 393/1181/296
f 400/1188/297 395/1187/297 393/1186/297 398/1185/297
f 399/1192/298 400/1191/298 398/1190/298 397/1189/298
f 398/1196/299 393/1195/299 394/1194/299 397/1193/299
f 399/1200/300 396/1199/300 395/1198/300 400/1197/300
o bone64
v -0.0032657735893744932 0.3825632344462184 0.6574651466306438
v -0.0032657735893744932 0.3825632344462184 0.6574651466306438
v -0.004304064448798606 0.32338824098324737 0.6775522594333483
v -0.004304064448798606 0.32338824098324737 0.6775522594333483
v -0.12443947661483615 0.394313674430149 0.6858175866540575
v -0.12443947661483615 0.394313674430149 0.6858175866540575
v -0.12547776747426026 0.3351386809671779 0.7059046994567619
v -0.12547776747426026 0.3351386809671779 0.7059046994567619
vt 0.5625 0.8984375
vt 0.578125 0.8984375
vt 0.578125 0.890625
vt 0.5625 0.890625
vt 0.5625 0.8984375
vt 0.5625 0.8984375
vt 0.5625 0.890625
vt 0.5625 0.890625
vt 0.578125 0.8984375
vt 0.59375 0.8984375
vt 0.59375 0.890625
vt 0.578125 0.890625
vt 0.578125 0.8984375
vt 0.578125 0.8984375
vt 0.578125 0.890625
vt 0.578125 0.890625
vt 0.578125 0.8984375
vt 0.5625 0.8984375
vt 0.5625 0.8984375
vt 0.578125 0.8984375
vt 0.59375 0.8984375
vt 0.578125 0.8984375
vt 0.578125 0.8984375
vt 0.59375 0.8984375
vn -0.2449648469098754 -0.30778774554562144 -0.9193796427321876
vn 0.9693896242036935 -0.09400351987144473 -0.22681952018730908
vn 0.2449648469098754 0.30778774554562144 0.9193796427321876
vn -0.9693896242036935 0.09400351987144473 0.22681952018730908
vn 0.01661265375078554 0.946799895407537 -0.3213938048432698
vn -0.01661265375078554 -0.946799895407537 0.3213938048432698
usemtl m_fcbb2569-01e4-80e6-ac45-7ae0272003ad
f 404/1204/301 407/1203/301 405/1202/301 402/1201/301
f 403/1208/302 404/1207/302 402/1206/302 401/1205/302
f 408/1212/303 403/1211/303 401/1210/303 406/1209/303
f 407/1216/304 408/1215/304 406/1214/304 405/1213/304
f 406/1220/305 401/1219/305 402/1218/305 405/1217/305
f 407/1224/306 404/1223/306 403/1222/306 408/1221/306
o bone65
v 0.08532517941461237 0.2939752466952521 0.5955368629819354
v 0.08532517941461237 0.2939752466952521 0.5955368629819354
v 0.08428688855518829 0.23480025323228104 0.6156239757846398
v 0.08428688855518829 0.23480025323228104 0.6156239757846398
v -0.004304022744201497 0.32338816032358175 0.677552023972248
v -0.004304022744201497 0.32338816032358175 0.677552023972248
v -0.005342313603625581 0.2642131668606107 0.6976391367749524
v -0.005342313603625581 0.2642131668606107 0.6976391367749524
vt 0.15625 0.4375
vt 0.171875 0.4375
vt 0.171875 0.4296875
vt 0.15625 0.4296875
vt 0.15625 0.4375
vt 0.15625 0.4375
vt 0.15625 0.4296875
vt 0.15625 0.4296875
vt 0.171875 0.4375
vt 0.1875 0.4375
vt 0.1875 0.4296875
vt 0.171875 0.4296875
vt 0.171875 0.4375
vt 0.171875 0.4375
vt 0.171875 0.4296875
vt 0.171875 0.4296875
vt 0.171875 0.4375
vt 0.15625 0.4375
vt 0.15625 0.4375
vt 0.171875 0.4375
vt 0.1875 0.4375
vt 0.171875 0.4375
vt 0.171875 0.4375
vt 0.1875 0.4375
vn -0.6968405925599649 -0.21955024668032655 -0.6827963662346814
vn 0.7170336172705112 -0.2353033090266371 -0.6561212879225008
vn 0.6968405925599649 0.21955024668032655 0.6827963662346814
vn -0.7170336172705112 0.2353033090266371 0.6561212879225008
vn 0.01661265375078553 0.946799895407537 -0.3213938048432699
vn -0.01661265375078553 -0.946799895407537 0.3213938048432699
usemtl m_fcbb2569-01e4-80e6-ac45-7ae0272003ad
f 412/1228/307 415/1227/307 413/1226/307 410/1225/307
f 411/1232/308 412/1231/308 410/1230/308 409/1229/308
f 416/1236/309 411/1235/309 409/1234/309 414/1233/309
f 415/1240/310 416/1239/310 414/1238/310 413/1237/310
f 414/1244/311 409/1243/311 410/1242/311 413/1241/311
f 415/1248/312 412/1247/312 411/1246/312 416/1245/312
o bone66
v 0.11833936502461695 0.19561530640860025 0.5019484755021002
v 0.11833936502461695 0.19561530640860025 0.5019484755021002
v 0.11730107416519298 0.13644031294562925 0.5220355883048047
v 0.11730107416519298 0.13644031294562925 0.5220355883048047
v 0.08427073606915081 0.23480952722757165 0.615650461304849
v 0.08427073606915081 0.23480952722757165 0.615650461304849
v 0.08323244520972684 0.17563453376460064 0.6357375741075534
v 0.08323244520972684 0.17563453376460064 0.6357375741075534
vt 0.5625 0.59375
vt 0.578125 0.59375
vt 0.578125 0.5859375
vt 0.5625 0.5859375
vt 0.5625 0.59375
vt 0.5625 0.59375
vt 0.5625 0.5859375
vt 0.5625 0.5859375
vt 0.578125 0.59375
vt 0.59375 0.59375
vt 0.59375 0.5859375
vt 0.578125 0.5859375
vt 0.578125 0.59375
vt 0.578125 0.59375
vt 0.578125 0.5859375
vt 0.578125 0.5859375
vt 0.578125 0.59375
vt 0.5625 0.59375
vt 0.5625 0.59375
vt 0.578125 0.59375
vt 0.59375 0.59375
vt 0.578125 0.59375
vt 0.578125 0.59375
vt 0.59375 0.59375
vn -0.9619984641803865 -0.07248443651898438 -0.26325835480968707
vn 0.2725490316437287 -0.3135537665517712 -0.9096158864219902
vn 0.9619984641803865 0.07248443651898438 0.26325835480968707
vn -0.2725490316437287 0.3135537665517712 0.9096158864219902
vn 0.016612653750785543 0.946799895407537 -0.32139380484326985
vn -0.016612653750785543 -0.946799895407537 0.32139380484326985
usemtl m_fcbb2569-01e4-80e6-ac45-7ae0272003ad
f 420/1252/313 423/1251/313 421/1250/313 418/1249/313
f 419/1256/314 420/1255/314 418/1254/314 417/1253/314
f 424/1260/315 419/1259/315 417/1258/315 422/1257/315
f 423/1264/316 424/1263/316 422/1262/316 421/1261/316
f 422/1268/317 417/1267/317 418/1266/317 421/1265/317
f 423/1272/318 420/1271/318 419/1270/318 424/1269/318
o bone67
v 0.12190633921319716 0.11521294819849698 0.2652740707984806
v 0.12190633921319716 0.11521294819849698 0.2652740707984806
v 0.12086804835377318 0.056037954735525974 0.28536118360118495
v 0.12086804835377318 0.056037954735525974 0.28536118360118495
v 0.11833668303682354 0.19562045662029875 0.5019635089747128
v 0.11833668303682354 0.19562045662029875 0.5019635089747128
v 0.11729839217739935 0.13644546315732775 0.522050621777417
v 0.11729839217739935 0.13644546315732775 0.522050621777417
vt 0.46875 0.8984375
vt 0.5 0.8984375
vt 0.5 0.890625
vt 0.46875 0.890625
vt 0.46875 0.8984375
vt 0.46875 0.8984375
vt 0.46875 0.890625
vt 0.46875 0.890625
vt 0.5 0.8984375
vt 0.53125 0.8984375
vt 0.53125 0.890625
vt 0.5 0.890625
vt 0.5 0.8984375
vt 0.5 0.8984375
vt 0.5 0.890625
vt 0.5 0.890625
vt 0.5 0.8984375
vt 0.46875 0.8984375
vt 0.46875 0.8984375
vt 0.5 0.8984375
vt 0.53125 0.8984375
vt 0.5 0.8984375
vt 0.5 0.8984375
vt 0.53125 0.8984375
vn -0.9997600415159011 0.011139097209530624 -0.018862128763225253
vn 0.014278624705495034 -0.3216300336872071 -0.9467577527049282
vn 0.9997600415159011 -0.011139097209530624 0.018862128763225253
vn -0.014278624705495034 0.3216300336872071 0.9467577527049282
vn 0.016612653750785564 0.946799895407537 -0.32139380484326985
vn -0.016612653750785564 -0.946799895407537 0.32139380484326985
usemtl m_fcbb2569-01e4-80e6-ac45-7ae0272003ad
f 428/1276/319 431/1275/319 429/1274/319 426/1273/319
f 427/1280/320 428/1279/320 426/1278/320 425/1277/320
f 432/1284/321 427/1283/321 425/1282/321 430/1281/321
f 431/1288/322 432/1287/322 430/1286/322 429/1285/322
f 430/1292/323 425/1291/323 426/1290/323 429/1289/323
f 431/1296/324 428/1295/324 427/1294/324 432/1293/324
o bone6
v 0.12651428624899497 0.09398043323966626 0.008497519819544136
v 0.12651428624899497 0.09398043323966626 0.008497519819544136
v 0.125475995389571 0.034805439776695174 0.0285846326222485
v 0.125475995389571 0.034805439776695174 0.0285846326222485
v 0.12294463007262135 0.17438794166146804 0.24518695799577622
v 0.12294463007262135 0.17438794166146804 0.24518695799577622
v 0.12190633921319716 0.11521294819849698 0.26527407079848053
v 0.12190633921319716 0.11521294819849698 0.26527407079848053
vt 0.46875 0.8046875
vt 0.5 0.8046875
vt 0.5 0.796875
vt 0.46875 0.796875
vt 0.46875 0.8046875
vt 0.46875 0.8046875
vt 0.46875 0.796875
vt 0.46875 0.796875
vt 0.5 0.8046875
vt 0.53125 0.8046875
vt 0.53125 0.796875
vt 0.5 0.796875
vt 0.5 0.8046875
vt 0.5 0.8046875
vt 0.5 0.796875
vt 0.5 0.796875
vt 0.5 0.8046875
vt 0.46875 0.8046875
vt 0.46875 0.8046875
vt 0.5 0.8046875
vt 0.53125 0.8046875
vt 0.5 0.8046875
vt 0.5 0.8046875
vt 0.53125 0.8046875
vn -0.9997600415159011 0.011139097209530624 -0.018862128763225253
vn 0.014278624705495034 -0.3216300336872071 -0.9467577527049282
vn 0.9997600415159011 -0.011139097209530624 0.018862128763225253
vn -0.014278624705495034 0.3216300336872071 0.9467577527049282
vn 0.016612653750785564 0.946799895407537 -0.32139380484326985
vn -0.016612653750785564 -0.946799895407537 0.32139380484326985
usemtl m_fcbb2569-01e4-80e6-ac45-7ae0272003ad
f 436/1300/325 439/1299/325 437/1298/325 434/1297/325
f 435/1304/326 436/1303/326 434/1302/326 433/1301/326
f 440/1308/327 435/1307/327 433/1306/327 438/1305/327
f 439/1312/328 440/1311/328 438/1310/328 437/1309/328
f 438/1316/329 433/1315/329 434/1314/329 437/1313/329
f 439/1320/330 436/1319/330 435/1318/330 440/1317/330
o bone69
v -0.7972282083673192 0.8818403419924694 -0.24633046311230244
v -0.7972282083673192 0.8818403419924694 -0.24633046311230244
v -0.7982664992267432 0.8226653485294984 -0.22624335030959797
v -0.7982664992267432 0.8226653485294984 -0.22624335030959797
v -0.8228267097513502 0.8639160783564992 -0.30045705084883
v -0.8228267097513502 0.8639160783564992 -0.30045705084883
v -0.8238650006107742 0.8047410848935281 -0.28036993804612553
v -0.8238650006107742 0.8047410848935281 -0.28036993804612553
vt 0.234375 0.4921875
vt 0.2421875 0.4921875
vt 0.2421875 0.484375
vt 0.234375 0.484375
vt 0.234375 0.4921875
vt 0.234375 0.4921875
vt 0.234375 0.484375
vt 0.234375 0.484375
vt 0.2421875 0.4921875
vt 0.25 0.4921875
vt 0.25 0.484375
vt 0.2421875 0.484375
vt 0.2421875 0.4921875
vt 0.2421875 0.4921875
vt 0.2421875 0.484375
vt 0.2421875 0.484375
vt 0.2421875 0.4921875
vt 0.234375 0.4921875
vt 0.234375 0.4921875
vt 0.2421875 0.4921875
vt 0.25 0.4921875
vt 0.2421875 0.4921875
vt 0.2421875 0.4921875
vt 0.25 0.4921875
vn 0.9121247183470295 -0.146022176302046 -0.38302222155948906
vn 0.40957602214449595 0.28678821817552325 0.8660254037844386
vn -0.9121247183470295 0.146022176302046 0.38302222155948906
vn -0.40957602214449595 -0.28678821817552325 -0.8660254037844386
vn 0.016612653750785536 0.946799895407537 -0.32139380484326985
vn -0.016612653750785536 -0.946799895407537 0.32139380484326985
usemtl m_fcbb2569-01e4-80e6-ac45-7ae0272003ad
f 444/1324/331 447/1323/331 445/1322/331 442/1321/331
f 443/1328/332 444/1327/332 442/1326/332 441/1325/332
f 448/1332/333 443/1331/333 441/1330/333 446/1329/333
f 447/1336/334 448/1335/334 446/1334/334 445/1333/334
f 446/1340/335 441/1339/335 442/1338/335 445/1337/335
f 447/1344/336 444/1343/336 443/1342/336 448/1341/336
o bone69
v -0.7030785765351784 0.4801332565466891 0.13086364244607152
v -0.7030785765351784 0.4801332565466891 0.13086364244607152
v -0.7041168673946023 0.42095826308371803 0.150950755248776
v -0.7041168673946023 0.42095826308371803 0.150950755248776
v -0.8310710834553332 0.3905119383668381 -0.13976929623656553
v -0.8310710834553332 0.3905119383668381 -0.13976929623656553
v -0.8321093743147574 0.331336944903867 -0.11968218343386106
v -0.8321093743147574 0.331336944903867 -0.11968218343386106
vt 0.34375 0.7890625
vt 0.3828125 0.7890625
vt 0.3828125 0.78125
vt 0.34375 0.78125
vt 0.34375 0.7890625
vt 0.34375 0.7890625
vt 0.34375 0.78125
vt 0.34375 0.78125
vt 0.3828125 0.7890625
vt 0.421875 0.7890625
vt 0.421875 0.78125
vt 0.3828125 0.78125
vt 0.3828125 0.7890625
vt 0.3828125 0.7890625
vt 0.3828125 0.78125
vt 0.3828125 0.78125
vt 0.3828125 0.7890625
vt 0.34375 0.7890625
vt 0.34375 0.7890625
vt 0.3828125 0.7890625
vt 0.421875 0.7890625
vt 0.3828125 0.7890625
vt 0.3828125 0.7890625
vt 0.421875 0.7890625
vn 0.9121247183470295 -0.146022176302046 -0.38302222155948906
vn 0.40957602214449595 0.28678821817552325 0.8660254037844386
vn -0.9121247183470295 0.146022176302046 0.38302222155948906
vn -0.40957602214449595 -0.28678821817552325 -0.8660254037844386
vn 0.016612653750785536 0.946799895407537 -0.32139380484326985
vn -0.016612653750785536 -0.946799895407537 0.32139380484326985
usemtl m_fcbb2569-01e4-80e6-ac45-7ae0272003ad
f 452/1348/337 455/1347/337 453/1346/337 450/1345/337
f 451/1352/338 452/1351/338 450/1350/338 449/1349/338
f 456/1356/339 451/1355/339 449/1354/339 454/1353/339
f 455/1360/340 456/1359/340 454/1358/340 453/1357/340
f 454/1364/341 449/1363/341 450/1362/341 453/1361/341
f 455/1368/342 452/1367/342 451/1366/342 456/1365/342
o bone70
v -0.8238031207412839 0.8047368640459508 -0.2803791737848176
v -0.8238031207412839 0.8047368640459508 -0.2803791737848176
v -0.824841411600708 0.7455618705829798 -0.2602920609821131
v -0.824841411600708 0.7455618705829798 -0.2602920609821131
v -0.8337746713038544 0.7850612723681103 -0.3388572831207475
v -0.8337746713038544 0.7850612723681103 -0.3388572831207475
v -0.8348129621632786 0.7258862789051392 -0.3187701703180432
v -0.8348129621632786 0.7258862789051392 -0.3187701703180432
vt 0.515625 0.796875
vt 0.5234375 0.796875
vt 0.5234375 0.7890625
vt 0.515625 0.7890625
vt 0.515625 0.796875
vt 0.515625 0.796875
vt 0.515625 0.7890625
vt 0.515625 0.7890625
vt 0.5234375 0.796875
vt 0.53125 0.796875
vt 0.53125 0.7890625
vt 0.5234375 0.7890625
vt 0.5234375 0.796875
vt 0.5234375 0.796875
vt 0.5234375 0.7890625
vt 0.5234375 0.7890625
vt 0.5234375 0.796875
vt 0.515625 0.796875
vt 0.515625 0.796875
vt 0.5234375 0.796875
vt 0.53125 0.796875
vt 0.5234375 0.796875
vt 0.5234375 0.796875
vt 0.53125 0.796875
vn 0.9870508971963655 -0.06682033852623948 -0.14582718780491066
vn 0.15954480900112814 0.3148094668454494 0.935649749374881
vn -0.9870508971963655 0.06682033852623948 0.14582718780491066
vn -0.15954480900112814 -0.3148094668454494 -0.935649749374881
vn 0.01661265375078553 0.9467998954075368 -0.3213938048432699
vn -0.01661265375078553 -0.9467998954075368 0.3213938048432699
usemtl m_fcbb2569-01e4-80e6-ac45-7ae0272003ad
f 460/1372/343 463/1371/343 461/1370/343 458/1369/343
f 459/1376/344 460/1375/344 458/1374/344 457/1373/344
f 464/1380/345 459/1379/345 457/1378/345 462/1377/345
f 463/1384/346 464/1383/346 462/1382/346 461/1381/346
f 462/1388/347 457/1387/347 458/1386/347 461/1385/347
f 463/1392/348 460/1391/348 459/1390/348 464/1389/348
o bone70
v -0.8300328658978285 0.44968690326812466 -0.1598564969685914
v -0.8300328658978285 0.44968690326812466 -0.1598564969685914
v -0.8310711567572526 0.3905119098051536 -0.13976938416588713
v -0.8310711567572526 0.3905119098051536 -0.13976938416588713
v -0.840004416460399 0.4300113115902841 -0.21833460630452128
v -0.840004416460399 0.4300113115902841 -0.21833460630452128
v -0.8410427073198231 0.37083631812731305 -0.19824749350181703
v -0.8410427073198231 0.37083631812731305 -0.19824749350181703
vt 0.515625 0.7890625
vt 0.5234375 0.7890625
vt 0.5234375 0.78125
vt 0.515625 0.78125
vt 0.515625 0.7890625
vt 0.515625 0.7890625
vt 0.515625 0.78125
vt 0.515625 0.78125
vt 0.5234375 0.7890625
vt 0.53125 0.7890625
vt 0.53125 0.78125
vt 0.5234375 0.78125
vt 0.5234375 0.7890625
vt 0.5234375 0.7890625
vt 0.5234375 0.78125
vt 0.5234375 0.78125
vt 0.5234375 0.7890625
vt 0.515625 0.7890625
vt 0.515625 0.7890625
vt 0.5234375 0.7890625
vt 0.53125 0.7890625
vt 0.5234375 0.7890625
vt 0.5234375 0.7890625
vt 0.53125 0.7890625
vn 0.9870508971963655 -0.06682033852623948 -0.14582718780491066
vn 0.15954480900112814 0.3148094668454494 0.935649749374881
vn -0.9870508971963655 0.06682033852623948 0.14582718780491066
vn -0.15954480900112814 -0.3148094668454494 -0.935649749374881
vn 0.01661265375078553 0.9467998954075368 -0.3213938048432699
vn -0.01661265375078553 -0.9467998954075368 0.3213938048432699
usemtl m_fcbb2569-01e4-80e6-ac45-7ae0272003ad
f 468/1396/349 471/1395/349 469/1394/349 466/1393/349
f 467/1400/350 468/1399/350 466/1398/350 465/1397/350
f 472/1404/351 467/1403/351 465/1402/351 470/1401/351
f 471/1408/352 472/1407/352 470/1406/352 469/1405/352
f 470/1412/353 465/1411/353 466/1410/353 469/1409/353
f 471/1416/354 468/1415/354 467/1414/354 472/1413/354
o bone71
v -0.8348134853505678 0.7258863072370705 -0.31877011389772636
v -0.8348134853505678 0.7258863072370705 -0.31877011389772636
v -0.8358517762099918 0.6667113137740994 -0.2986830010950221
v -0.8358517762099918 0.6667113137740994 -0.2986830010950221
v -0.828478540399605 0.7058002465747517 -0.37761455832146074
v -0.828478540399605 0.7058002465747517 -0.37761455832146074
v -0.8295168312590291 0.6466252531117807 -0.35752744551875626
v -0.8295168312590291 0.6466252531117807 -0.35752744551875626
vt 0.234375 0.484375
vt 0.2421875 0.484375
vt 0.2421875 0.4765625
vt 0.234375 0.4765625
vt 0.234375 0.484375
vt 0.234375 0.484375
vt 0.234375 0.4765625
vt 0.234375 0.4765625
vt 0.2421875 0.484375
vt 0.25 0.484375
vt 0.25 0.4765625
vt 0.2421875 0.4765625
vt 0.2421875 0.484375
vt 0.2421875 0.484375
vt 0.2421875 0.4765625
vt 0.2421875 0.4765625
vt 0.2421875 0.484375
vt 0.234375 0.484375
vt 0.234375 0.484375
vt 0.2421875 0.484375
vt 0.25 0.484375
vt 0.2421875 0.484375
vt 0.2421875 0.484375
vt 0.25 0.484375
vn 0.9947111885805016 0.016935194894299725 0.10130572780775002
vn -0.10135911921540337 0.32137697059710024 0.9415111107797446
vn -0.9947111885805016 -0.016935194894299725 -0.10130572780775002
vn 0.10135911921540337 -0.32137697059710024 -0.9415111107797446
vn 0.01661265375078556 0.946799895407537 -0.32139380484326985
vn -0.01661265375078556 -0.946799895407537 0.32139380484326985
usemtl m_fcbb2569-01e4-80e6-ac45-7ae0272003ad
f 476/1420/355 479/1419/355 477/1418/355 474/1417/355
f 475/1424/356 476/1423/356 474/1422/356 473/1421/356
f 480/1428/357 475/1427/357 473/1426/357 478/1425/357
f 479/1432/358 480/1431/358 478/1430/358 477/1429/358
f 478/1436/359 473/1435/359 474/1434/359 477/1433/359
f 479/1440/360 476/1439/360 475/1438/360 480/1437/360
o bone71
v -0.8389666487882641 0.4891863333851864 -0.23842166268690912
v -0.8389666487882641 0.4891863333851864 -0.23842166268690912
v -0.8400049396476882 0.43001133992221535 -0.21833454988420464
v -0.8400049396476882 0.43001133992221535 -0.21833454988420464
v -0.8326317038373013 0.46910027272286764 -0.2972661071106433
v -0.8326317038373013 0.46910027272286764 -0.2972661071106433
v -0.8336699946967255 0.4099252792598966 -0.2771789943079388
v -0.8336699946967255 0.4099252792598966 -0.2771789943079388
vt 0.234375 0.4765625
vt 0.2421875 0.4765625
vt 0.2421875 0.46875
vt 0.234375 0.46875
vt 0.234375 0.4765625
vt 0.234375 0.4765625
vt 0.234375 0.46875
vt 0.234375 0.46875
vt 0.2421875 0.4765625
vt 0.25 0.4765625
vt 0.25 0.46875
vt 0.2421875 0.46875
vt 0.2421875 0.4765625
vt 0.2421875 0.4765625
vt 0.2421875 0.46875
vt 0.2421875 0.46875
vt 0.2421875 0.4765625
vt 0.234375 0.4765625
vt 0.234375 0.4765625
vt 0.2421875 0.4765625
vt 0.25 0.4765625
vt 0.2421875 0.4765625
vt 0.2421875 0.4765625
vt 0.25 0.4765625
vn 0.9947111885805016 0.016935194894299725 0.10130572780775002
vn -0.10135911921540337 0.32137697059710024 0.9415111107797446
vn -0.9947111885805016 -0.016935194894299725 -0.10130572780775002
vn 0.10135911921540337 -0.32137697059710024 -0.9415111107797446
vn 0.01661265375078556 0.946799895407537 -0.32139380484326985
vn -0.01661265375078556 -0.946799895407537 0.32139380484326985
usemtl m_fcbb2569-01e4-80e6-ac45-7ae0272003ad
f 484/1444/361 487/1443/361 485/1442/361 482/1441/361
f 483/1448/362 484/1447/362 482/1446/362 481/1445/362
f 488/1452/363 483/1451/363 481/1450/363 486/1449/363
f 487/1456/364 488/1455/364 486/1454/364 485/1453/364
f 486/1460/365 481/1459/365 482/1458/365 485/1457/365
f 487/1464/366 484/1463/366 483/1462/366 488/1461/366
o bone72
v -0.8295165182679776 0.6466252879329566 -0.35752732676009624
v -0.8295165182679776 0.6466252879329566 -0.35752732676009624
v -0.8326313908462498 0.4691003075440434 -0.2972659883519835
v -0.8326313908462498 0.4691003075440434 -0.2972659883519835
v -0.8073067938328982 0.627497590126512 -0.4127279546291993
v -0.8073067938328982 0.627497590126512 -0.4127279546291993
v -0.8104216664111705 0.4499726097375988 -0.3524666162210861
v -0.8104216664111705 0.4499726097375988 -0.3524666162210861
vt 0.234375 0.5546875
vt 0.2421875 0.5546875
vt 0.2421875 0.53125
vt 0.234375 0.53125
vt 0.234375 0.5546875
vt 0.234375 0.5546875
vt 0.234375 0.53125
vt 0.234375 0.53125
vt 0.2421875 0.5546875
vt 0.25 0.5546875
vt 0.25 0.53125
vt 0.2421875 0.53125
vt 0.2421875 0.5546875
vt 0.2421875 0.5546875
vt 0.2421875 0.53125
vt 0.2421875 0.53125
vt 0.2421875 0.5546875
vt 0.234375 0.5546875
vt 0.234375 0.5546875
vt 0.2421875 0.5546875
vt 0.25 0.5546875
vt 0.2421875 0.5546875
vt 0.2421875 0.5546875
vt 0.25 0.5546875
vn 0.9345835563008389 0.09953662276952528 0.3415348254859436
vn -0.3553555909612698 0.30604316490311384 0.8832100459056454
vn -0.9345835563008389 -0.09953662276952528 -0.3415348254859436
vn 0.3553555909612698 -0.30604316490311384 -0.8832100459056454
vn 0.016612653750785564 0.946799895407537 -0.32139380484326985
vn -0.016612653750785564 -0.946799895407537 0.32139380484326985
usemtl m_fcbb2569-01e4-80e6-ac45-7ae0272003ad
f 492/1468/367 495/1467/367 493/1466/367 490/1465/367
f 491/1472/368 492/1471/368 490/1470/368 489/1469/368
f 496/1476/369 491/1475/369 489/1474/369 494/1473/369
f 495/1480/370 496/1479/370 494/1478/370 493/1477/370
f 494/1484/371 489/1483/371 490/1482/371 493/1481/371
f 495/1488/372 492/1487/372 491/1486/372 496/1485/372
o bone73
v -0.5724781697890604 0.5213080699300136 0.2589119362263781
v -0.5724781697890604 0.5213080699300136 0.2589119362263781
v -0.5735164606484846 0.4621330764670425 0.27899904902908246
v -0.5735164606484846 0.4621330764670425 0.27899904902908246
v -0.7031357808940539 0.48014239867745234 0.13088761755737532
v -0.7031357808940539 0.48014239867745234 0.13088761755737532
v -0.7041740717534779 0.4209674052144813 0.1509747303600797
v -0.7041740717534779 0.4209674052144813 0.1509747303600797
vt 0.46875 0.796875
vt 0.4921875 0.796875
vt 0.4921875 0.7890625
vt 0.46875 0.7890625
vt 0.46875 0.796875
vt 0.46875 0.796875
vt 0.46875 0.7890625
vt 0.46875 0.7890625
vt 0.4921875 0.796875
vt 0.515625 0.796875
vt 0.515625 0.7890625
vt 0.4921875 0.7890625
vt 0.4921875 0.796875
vt 0.4921875 0.796875
vt 0.4921875 0.7890625
vt 0.4921875 0.7890625
vt 0.4921875 0.796875
vt 0.46875 0.796875
vt 0.46875 0.796875
vt 0.4921875 0.796875
vt 0.515625 0.796875
vt 0.4921875 0.796875
vt 0.4921875 0.796875
vt 0.515625 0.796875
vn 0.717033617270511 -0.23530330902663715 -0.6561212879225009
vn 0.6968405925599649 0.21955024668032647 0.6827963662346812
vn -0.717033617270511 0.23530330902663715 0.6561212879225009
vn -0.6968405925599649 -0.21955024668032647 -0.6827963662346812
vn 0.01661265375078555 0.946799895407537 -0.32139380484326985
vn -0.01661265375078555 -0.946799895407537 0.32139380484326985
usemtl m_fcbb2569-01e4-80e6-ac45-7ae0272003ad
f 500/1492/373 503/1491/373 501/1490/373 498/1489/373
f 499/1496/374 500/1495/374 498/1494/374 497/1493/374
f 504/1500/375 499/1499/375 497/1498/375 502/1497/375
f 503/1504/376 504/1503/376 502/1502/376 501/1501/376
f 502/1508/377 497/1507/377 498/1506/377 501/1505/377
f 503/1512/378 500/1511/378 499/1510/378 504/1509/378
o bone74
v -0.3170456028643276 0.6944542878061912 0.3932587503705612
v -0.3170456028643276 0.6944542878061912 0.3932587503705612
v -0.31912218458317576 0.5761043008802491 0.4334329759759699
v -0.31912218458317576 0.5761043008802491 0.4334329759759699
v -0.5704098525929607 0.6396559145889869 0.2187309724892313
v -0.5704098525929607 0.6396559145889869 0.2187309724892313
v -0.5724864343118089 0.5213059276630447 0.25890519809464
v -0.5724864343118089 0.5213059276630447 0.25890519809464
vt 0.359375 0.4296875
vt 0.3984375 0.4296875
vt 0.3984375 0.4140625
vt 0.359375 0.4140625
vt 0.359375 0.4296875
vt 0.359375 0.4296875
vt 0.359375 0.4140625
vt 0.359375 0.4140625
vt 0.3984375 0.4296875
vt 0.4375 0.4296875
vt 0.4375 0.4140625
vt 0.3984375 0.4140625
vt 0.3984375 0.4296875
vt 0.3984375 0.4296875
vt 0.3984375 0.4140625
vt 0.3984375 0.4140625
vt 0.3984375 0.4296875
vt 0.359375 0.4296875
vt 0.359375 0.4296875
vt 0.3984375 0.4296875
vt 0.4375 0.4296875
vt 0.3984375 0.4296875
vt 0.3984375 0.4296875
vt 0.4375 0.4296875
vn 0.5851351664360058 -0.2698530232812235 -0.7647196759766886
vn 0.810765599131626 0.1753547942950542 0.5584888892202555
vn -0.5851351664360058 0.2698530232812235 0.7647196759766886
vn -0.810765599131626 -0.1753547942950542 -0.5584888892202555
vn 0.01661265375078555 0.946799895407537 -0.32139380484326985
vn -0.01661265375078555 -0.946799895407537 0.32139380484326985
usemtl m_fcbb2569-01e4-80e6-ac45-7ae0272003ad
f 508/1516/379 511/1515/379 509/1514/379 506/1513/379
f 507/1520/380 508/1519/380 506/1518/380 505/1517/380
f 512/1524/381 507/1523/381 505/1522/381 510/1521/381
f 511/1528/382 512/1527/382 510/1526/382 509/1525/382
f 510/1532/383 505/1531/383 506/1530/383 509/1529/383
f 511/1536/384 508/1535/384 507/1534/384 512/1533/384
o bone76
v -0.25698337554871525 0.5771594621132818 0.4397533126888685
v -0.25698337554871525 0.5771594621132818 0.4397533126888685
v -0.25802166640813934 0.5179844686503108 0.4598404254915729
v -0.25802166640813934 0.5179844686503108 0.4598404254915729
v -0.3191528248349966 0.5761010124323882 0.43342170470088415
v -0.3191528248349966 0.5761010124323882 0.43342170470088415
v -0.32019111569442066 0.5169260189694171 0.4535088175035885
v -0.32019111569442066 0.5169260189694171 0.4535088175035885
vt 0.1875 0.453125
vt 0.1953125 0.453125
vt 0.1953125 0.4453125
vt 0.1875 0.4453125
vt 0.1875 0.453125
vt 0.1875 0.453125
vt 0.1875 0.4453125
vt 0.1875 0.4453125
vt 0.1953125 0.453125
vt 0.203125 0.453125
vt 0.203125 0.4453125
vt 0.1953125 0.4453125
vt 0.1953125 0.453125
vt 0.1953125 0.453125
vt 0.1953125 0.4453125
vt 0.1953125 0.4453125
vt 0.1953125 0.453125
vt 0.1875 0.453125
vt 0.1875 0.453125
vt 0.1953125 0.453125
vt 0.203125 0.453125
vt 0.1953125 0.453125
vt 0.1953125 0.453125
vt 0.203125 0.453125
vn 0.10135911921540362 -0.3213769705971002 -0.9415111107797445
vn 0.9947111885805016 0.016935194894299795 0.10130572780775023
vn -0.10135911921540362 0.3213769705971002 0.9415111107797445
vn -0.9947111885805016 -0.016935194894299795 -0.10130572780775023
vn 0.016612653750785543 0.9467998954075368 -0.3213938048432698
vn -0.016612653750785543 -0.9467998954075368 0.3213938048432698
usemtl m_fcbb2569-01e4-80e6-ac45-7ae0272003ad
f 516/1540/385 519/1539/385 517/1538/385 514/1537/385
f 515/1544/386 516/1543/386 514/1542/386 513/1541/386
f 520/1548/387 515/1547/387 513/1546/387 518/1545/387
f 519/1552/388 520/1551/388 518/1550/388 517/1549/388
f 518/1556/389 513/1555/389 514/1554/389 517/1553/389
f 519/1560/390 516/1559/390 515/1558/390 520/1557/390
o bone77
v -0.20104571003434463 0.508860212138187 0.4359061642828239
v -0.20104571003434463 0.508860212138187 0.4359061642828239
v -0.20312229175319282 0.390510225212245 0.47608038988823265
v -0.20312229175319282 0.390510225212245 0.47608038988823265
v -0.25805350493103396 0.5179865981570649 0.459845053130292
v -0.25805350493103396 0.5179865981570649 0.459845053130292
v -0.2601300866498822 0.3996366112311228 0.5000192787357007
v -0.2601300866498822 0.3996366112311228 0.5000192787357007
vt 0.234375 0.5234375
vt 0.2421875 0.5234375
vt 0.2421875 0.5078125
vt 0.234375 0.5078125
vt 0.234375 0.5234375
vt 0.234375 0.5234375
vt 0.234375 0.5078125
vt 0.234375 0.5078125
vt 0.2421875 0.5234375
vt 0.25 0.5234375
vt 0.25 0.5078125
vt 0.2421875 0.5078125
vt 0.2421875 0.5234375
vt 0.2421875 0.5234375
vt 0.2421875 0.5078125
vt 0.2421875 0.5078125
vt 0.2421875 0.5234375
vt 0.234375 0.5234375
vt 0.234375 0.5234375
vt 0.2421875 0.5234375
vt 0.25 0.5234375
vt 0.2421875 0.5234375
vt 0.2421875 0.5234375
vt 0.25 0.5234375
vn -0.4095760221444958 -0.28678821817552325 -0.8660254037844387
vn 0.9121247183470296 -0.14602217630204592 -0.38302222155948884
vn 0.4095760221444958 0.28678821817552325 0.8660254037844387
vn -0.9121247183470296 0.14602217630204592 0.38302222155948884
vn 0.016612653750785536 0.946799895407537 -0.32139380484326985
vn -0.016612653750785536 -0.946799895407537 0.32139380484326985
usemtl m_fcbb2569-01e4-80e6-ac45-7ae0272003ad
f 524/1564/391 527/1563/391 525/1562/391 522/1561/391
f 523/1568/392 524/1567/392 522/1566/392 521/1565/392
f 528/1572/393 523/1571/393 521/1570/393 526/1569/393
f 527/1576/394 528/1575/394 526/1574/394 525/1573/394
f 526/1580/395 521/1579/395 522/1578/395 525/1577/395
f 527/1584/396 524/1583/396 523/1582/396 528/1581/396
o bone78
v -0.16657621461127314 0.3736513395949512 0.42830453490210085
v -0.16657621461127314 0.3736513395949512 0.42830453490210085
v -0.16865279633012142 0.2553013526690091 0.4684787605075096
v -0.16865279633012142 0.2553013526690091 0.4684787605075096
v -0.2031471625135235 0.3905171535500277 0.47609951465064393
v -0.2031471625135235 0.3905171535500277 0.47609951465064393
v -0.20522374423237177 0.2721671666240856 0.5162737402560527
v -0.20522374423237177 0.2721671666240856 0.5162737402560527
vt 0.234375 0.5078125
vt 0.2421875 0.5078125
vt 0.2421875 0.4921875
vt 0.234375 0.4921875
vt 0.234375 0.5078125
vt 0.234375 0.5078125
vt 0.234375 0.4921875
vt 0.234375 0.4921875
vt 0.2421875 0.5078125
vt 0.25 0.5078125
vt 0.25 0.4921875
vt 0.2421875 0.4921875
vt 0.2421875 0.5078125
vt 0.2421875 0.5078125
vt 0.2421875 0.4921875
vt 0.2421875 0.4921875
vt 0.2421875 0.5078125
vt 0.234375 0.5078125
vt 0.234375 0.5078125
vt 0.2421875 0.5078125
vt 0.25 0.5078125
vt 0.2421875 0.5078125
vt 0.2421875 0.5078125
vt 0.25 0.5078125
vn -0.8107655991316259 -0.1753547942950543 -0.5584888892202557
vn 0.5851351664360058 -0.26985302328122346 -0.7647196759766883
vn 0.8107655991316259 0.1753547942950543 0.5584888892202557
vn -0.5851351664360058 0.26985302328122346 0.7647196759766883
vn 0.016612653750785522 0.946799895407537 -0.32139380484326985
vn -0.016612653750785522 -0.946799895407537 0.32139380484326985
usemtl m_fcbb2569-01e4-80e6-ac45-7ae0272003ad
f 532/1588/397 535/1587/397 533/1586/397 530/1585/397
f 531/1592/398 532/1591/398 530/1590/398 529/1589/398
f 536/1596/399 531/1595/399 529/1594/399 534/1593/399
f 535/1600/400 536/1599/400 534/1598/400 533/1597/400
f 534/1604/401 529/1603/401 530/1602/401 533/1601/401
f 535/1608/402 532/1607/402 531/1606/402 536/1605/402
o bone79
v -0.1179847803219185 0.09462295054250847 -0.0022476873629291433
v -0.1179847803219185 0.09462295054250847 -0.0022476873629291433
v -0.11902307118134248 0.03544795707953741 0.017839425439775222
v -0.11902307118134248 0.03544795707953741 0.017839425439775222
v -0.16866433992962016 0.25531143584105853 0.46850786802694316
v -0.16866433992962016 0.25531143584105853 0.46850786802694316
v -0.16970263078904413 0.19613644237808747 0.48859498082964753
v -0.16970263078904413 0.19613644237808747 0.48859498082964753
vt 0.34375 0.796875
vt 0.40625 0.796875
vt 0.40625 0.7890625
vt 0.34375 0.7890625
vt 0.34375 0.796875
vt 0.34375 0.796875
vt 0.34375 0.7890625
vt 0.34375 0.7890625
vt 0.40625 0.796875
vt 0.46875 0.796875
vt 0.46875 0.7890625
vt 0.40625 0.7890625
vt 0.40625 0.796875
vt 0.40625 0.796875
vt 0.40625 0.7890625
vt 0.40625 0.7890625
vt 0.40625 0.796875
vt 0.34375 0.796875
vt 0.34375 0.796875
vt 0.40625 0.796875
vt 0.46875 0.796875
vt 0.40625 0.796875
vt 0.40625 0.796875
vt 0.46875 0.796875
vn -0.9947111885805017 -0.016935194894299704 -0.10130572780774996
vn 0.10135911921540332 -0.32137697059710013 -0.9415111107797445
vn 0.9947111885805017 0.016935194894299704 0.10130572780774996
vn -0.10135911921540332 0.32137697059710013 0.9415111107797445
vn 0.016612653750785532 0.9467998954075368 -0.3213938048432698
vn -0.016612653750785532 -0.9467998954075368 0.3213938048432698
usemtl m_fcbb2569-01e4-80e6-ac45-7ae0272003ad
f 540/1612/403 543/1611/403 541/1610/403 538/1609/403
f 539/1616/404 540/1615/404 538/1614/404 537/1613/404
f 544/1620/405 539/1619/405 537/1618/405 542/1617/405
f 543/1624/406 544/1623/406 542/1622/406 541/1621/406
f 542/1628/407 537/1627/407 538/1626/407 541/1625/407
f 543/1632/408 540/1631/408 539/1630/408 544/1629/408