# Made in Blockbench 5.1.6
mtllib patchouli_knowledge_2.mtl

o head
v 0.25 1.625 0.25
v 0.25 1.625 -0.25
v 0.25 1.125 0.25
v 0.25 1.125 -0.25
v -0.25 1.625 -0.25
v -0.25 1.625 0.25
v -0.25 1.125 -0.25
v -0.25 1.125 0.25
vt 0.0625 0.8515625
vt 0.125 0.8515625
vt 0.125 0.7890625
vt 0.0625 0.7890625
vt 0 0.8515625
vt 0.0625 0.8515625
vt 0.0625 0.7890625
vt 0 0.7890625
vt 0.1875 0.8515625
vt 0.25 0.8515625
vt 0.25 0.7890625
vt 0.1875 0.7890625
vt 0.125 0.8515625
vt 0.1875 0.8515625
vt 0.1875 0.7890625
vt 0.125 0.7890625
vt 0.125 0.8515625
vt 0.0625 0.8515625
vt 0.0625 0.9140625
vt 0.125 0.9140625
vt 0.1875 0.9140625
vt 0.125 0.9140625
vt 0.125 0.8515625
vt 0.1875 0.8515625
vn 0 0 -1
vn 1 0 0
vn 0 0 1
vn -1 0 0
vn 0 1 0
vn 0 -1 0
usemtl m_ad71440e-4a14-ea9f-b633-fe5378009ab6
f 4/4/1 7/3/1 5/2/1 2/1/1
f 3/8/2 4/7/2 2/6/2 1/5/2
f 8/12/3 3/11/3 1/10/3 6/9/3
f 7/16/4 8/15/4 6/14/4 5/13/4
f 6/20/5 1/19/5 2/18/5 5/17/5
f 7/24/6 4/23/6 3/22/6 8/21/6
o head
v 0.25625 1.63125 0.25625
v 0.25625 1.63125 -0.25625
v 0.25625 1.11875 0.25625
v 0.25625 1.11875 -0.25625
v -0.25625 1.63125 -0.25625
v -0.25625 1.63125 0.25625
v -0.25625 1.11875 -0.25625
v -0.25625 1.11875 0.25625
vt 0.0625 0.7109375
vt 0.125 0.7109375
vt 0.125 0.6484375
vt 0.0625 0.6484375
vt 0 0.7109375
vt 0.0625 0.7109375
vt 0.0625 0.6484375
vt 0 0.6484375
vt 0.1875 0.7109375
vt 0.25 0.7109375
vt 0.25 0.6484375
vt 0.1875 0.6484375
vt 0.125 0.7109375
vt 0.1875 0.7109375
vt 0.1875 0.6484375
vt 0.125 0.6484375
vt 0.125 0.7109375
vt 0.0625 0.7109375
vt 0.0625 0.7734375
vt 0.125 0.7734375
vt 0.1875 0.7734375
vt 0.125 0.7734375
vt 0.125 0.7109375
vt 0.1875 0.7109375
vn 0 0 -1
vn 1 0 0
vn 0 0 1
vn -1 0 0
vn 0 1 0
vn 0 -1 0
usemtl m_ad71440e-4a14-ea9f-b633-fe5378009ab6
f 12/28/7 15/27/7 13/26/7 10/25/7
f 11/32/8 12/31/8 10/30/8 9/29/8
f 16/36/9 11/35/9 9/34/9 14/33/9
f 15/40/10 16/39/10 14/38/10 13/37/10
f 14/44/11 9/43/11 10/42/11 13/41/11
f 15/48/12 12/47/12 11/46/12 16/45/12
o blink
v 0.25 1.625 -0.2500625
v 0.25 1.625 -0.2500625
v 0.25 1.125 -0.2500625
v 0.25 1.125 -0.2500625
v -0.25 1.625 -0.2500625
v -0.25 1.625 -0.2500625
v -0.25 1.125 -0.2500625
v -0.25 1.125 -0.2500625
vt 0.09375 0.578125
vt 0.15625 0.578125
vt 0.15625 0.515625
vt 0.09375 0.515625
vt 0.09375 0.578125
vt 0.09375 0.578125
vt 0.09375 0.515625
vt 0.09375 0.515625
vt 0.15625 0.578125
vt 0.21875 0.578125
vt 0.21875 0.515625
vt 0.15625 0.515625
vt 0.15625 0.578125
vt 0.15625 0.578125
vt 0.15625 0.515625
vt 0.15625 0.515625
vt 0.15625 0.578125
vt 0.09375 0.578125
vt 0.09375 0.578125
vt 0.15625 0.578125
vt 0.21875 0.578125
vt 0.15625 0.578125
vt 0.15625 0.578125
vt 0.21875 0.578125
vn 0 0 -1
vn 1 0 0
vn 0 0 1
vn -1 0 0
vn 0 1 0
vn 0 -1 0
usemtl m_ad71440e-4a14-ea9f-b633-fe5378009ab6
f 20/52/13 23/51/13 21/50/13 18/49/13
f 19/56/14 20/55/14 18/54/14 17/53/14
f 24/60/15 19/59/15 17/58/15 22/57/15
f 23/64/16 24/63/16 22/62/16 21/61/16
f 22/68/17 17/67/17 18/66/17 21/65/17
f 23/72/18 20/71/18 19/70/18 24/69/18
o hat
v 0.28125 1.6875625 0.28125
v 0.28125 1.6875625 -0.28125
v 0.28125 1.5000625 0.28125
v 0.28125 1.5000625 -0.28125
v -0.28125 1.6875625 -0.28125
v -0.28125 1.6875625 0.28125
v -0.28125 1.5000625 -0.28125
v -0.28125 1.5000625 0.28125
vt 0.2578125 0.7890625
vt 0.328125 0.7890625
vt 0.328125 0.765625
vt 0.2578125 0.765625
vt 0.1875 0.7890625
vt 0.2578125 0.7890625
vt 0.2578125 0.765625
vt 0.1875 0.765625
vt 0.3984375 0.7890625
vt 0.46875 0.7890625
vt 0.46875 0.765625
vt 0.3984375 0.765625
vt 0.328125 0.7890625
vt 0.3984375 0.7890625
vt 0.3984375 0.765625
vt 0.328125 0.765625
vt 0.328125 0.7890625
vt 0.2578125 0.7890625
vt 0.2578125 0.859375
vt 0.328125 0.859375
vt 0.3984375 0.859375
vt 0.328125 0.859375
vt 0.328125 0.7890625
vt 0.3984375 0.7890625
vn 0 0 -1
vn 1 0 0
vn 0 0 1
vn -1 0 0
vn 0 1 0
vn 0 -1 0
usemtl m_ad71440e-4a14-ea9f-b633-fe5378009ab6
f 28/76/19 31/75/19 29/74/19 26/73/19
f 27/80/20 28/79/20 26/78/20 25/77/20
f 32/84/21 27/83/21 25/82/21 30/81/21
f 31/88/22 32/87/22 30/86/22 29/85/22
f 30/92/23 25/91/23 26/90/23 29/89/23
f 31/96/24 28/95/24 27/94/24 32/93/24
o hat
v 0.34375 1.4999375 0.34375
v 0.34375 1.4999375 -0.34375
v 0.34375 1.4999375 0.34375
v 0.34375 1.4999375 -0.34375
v -0.34375 1.4999375 -0.34375
v -0.34375 1.4999375 0.34375
v -0.34375 1.4999375 -0.34375
v -0.34375 1.4999375 0.34375
vt 0.484375 0.9140625
vt 0.5703125 0.9140625
vt 0.5703125 0.9140625
vt 0.484375 0.9140625
vt 0.3984375 0.9140625
vt 0.484375 0.9140625
vt 0.484375 0.9140625
vt 0.3984375 0.9140625
vt 0.65625 0.9140625
vt 0.7421875 0.9140625
vt 0.7421875 0.9140625
vt 0.65625 0.9140625
vt 0.5703125 0.9140625
vt 0.65625 0.9140625
vt 0.65625 0.9140625
vt 0.5703125 0.9140625
vt 0.5703125 0.9140625
vt 0.484375 0.9140625
vt 0.484375 1
vt 0.5703125 1
vt 0.65625 1
vt 0.5703125 1
vt 0.5703125 0.9140625
vt 0.65625 0.9140625
vn 0 0 -1
vn 1 0 0
vn 0 0 1
vn -1 0 0
vn 0 1 0
vn 0 -1 0
usemtl m_ad71440e-4a14-ea9f-b633-fe5378009ab6
f 36/100/25 39/99/25 37/98/25 34/97/25
f 35/104/26 36/103/26 34/102/26 33/101/26
f 40/108/27 35/107/27 33/106/27 38/105/27
f 39/112/28 40/111/28 38/110/28 37/109/28
f 38/116/29 33/115/29 34/114/29 37/113/29
f 39/120/30 36/119/30 35/118/30 40/117/30
o bone22
v 0.39375000000000004 1.68125 0.0875
v 0.39375000000000004 1.68125 -0.0875
v 0.39375000000000004 1.50625 0.0875
v 0.39375000000000004 1.50625 -0.0875
v 0.28125 1.68125 -0.0875
v 0.28125 1.68125 0.0875
v 0.28125 1.50625 -0.0875
v 0.28125 1.50625 0.0875
vt 0.2265625 0.7421875
vt 0.2109375 0.7421875
vt 0.2109375 0.71875
vt 0.2265625 0.71875
vt 0.25 0.7421875
vt 0.2265625 0.7421875
vt 0.2265625 0.71875
vt 0.25 0.71875
vt 0.265625 0.7421875
vt 0.25 0.7421875
vt 0.25 0.71875
vt 0.265625 0.71875
vt 0.2109375 0.7421875
vt 0.1875 0.7421875
vt 0.1875 0.71875
vt 0.2109375 0.71875
vt 0.2109375 0.7421875
vt 0.2265625 0.7421875
vt 0.2265625 0.765625
vt 0.2109375 0.765625
vt 0.2265625 0.765625
vt 0.2421875 0.765625
vt 0.2421875 0.7421875
vt 0.2265625 0.7421875
vn 0 0 -1
vn 1 0 0
vn 0 0 1
vn -1 0 0
vn 0 1 0
vn 0 -1 0
usemtl m_ad71440e-4a14-ea9f-b633-fe5378009ab6
f 44/124/31 47/123/31 45/122/31 42/121/31
f 43/128/32 44/127/32 42/126/32 41/125/32
f 48/132/33 43/131/33 41/130/33 46/129/33
f 47/136/34 48/135/34 46/134/34 45/133/34
f 46/140/35 41/139/35 42/138/35 45/137/35
f 47/144/36 44/143/36 43/142/36 48/141/36
o bone21
v -0.28125 1.68125 0.0875
v -0.28125 1.68125 -0.0875
v -0.28125 1.50625 0.0875
v -0.28125 1.50625 -0.0875
v -0.39375000000000004 1.68125 -0.0875
v -0.39375000000000004 1.68125 0.0875
v -0.39375000000000004 1.50625 -0.0875
v -0.39375000000000004 1.50625 0.0875
vt 0.1875 0.6171875
vt 0.203125 0.6171875
vt 0.203125 0.59375
vt 0.1875 0.59375
vt 0.1640625 0.6171875
vt 0.1875 0.6171875
vt 0.1875 0.59375
vt 0.1640625 0.59375
vt 0.2265625 0.6171875
vt 0.2421875 0.6171875
vt 0.2421875 0.59375
vt 0.2265625 0.59375
vt 0.203125 0.6171875
vt 0.2265625 0.6171875
vt 0.2265625 0.59375
vt 0.203125 0.59375
vt 0.203125 0.6171875
vt 0.1875 0.6171875
vt 0.1875 0.640625
vt 0.203125 0.640625
vt 0.21875 0.640625
vt 0.203125 0.640625
vt 0.203125 0.6171875
vt 0.21875 0.6171875
vn 0 0 -1
vn 1 0 0
vn 0 0 1
vn -1 0 0
vn 0 1 0
vn 0 -1 0
usemtl m_ad71440e-4a14-ea9f-b633-fe5378009ab6
f 52/148/37 55/147/37 53/146/37 50/145/37
f 51/152/38 52/151/38 50/150/38 49/149/38
f 56/156/39 51/155/39 49/154/39 54/153/39
f 55/160/40 56/159/40 54/158/40 53/157/40
f 54/164/41 49/163/41 50/162/41 53/161/41
f 55/168/42 52/167/42 51/166/42 56/165/42
o ribbondeco1left
v -0.3392561326705118 1.8243222007829536 -0.03451957920409682
v -0.33306577263668136 1.8093773496333079 -0.09488994334716361
v -0.24684518001691524 1.6012224255748229 0.030185182071533367
v -0.2406548199830848 1.5862775744251771 -0.030185182071533367
v -0.33306577263668136 1.8093773496333079 -0.09488994334716361
v -0.3392561326705118 1.8243222007829536 -0.03451957920409682
v -0.2406548199830848 1.5862775744251771 -0.030185182071533367
v -0.24684518001691524 1.6012224255748229 0.030185182071533367
vt 0.3125 0.984375
vt 0.3125 0.984375
vt 0.3125 0.953125
vt 0.3125 0.953125
vt 0.3046875 0.984375
vt 0.3125 0.984375
vt 0.3125 0.953125
vt 0.3046875 0.953125
vt 0.3203125 0.984375
vt 0.3203125 0.984375
vt 0.3203125 0.953125
vt 0.3203125 0.953125
vt 0.3125 0.984375
vt 0.3203125 0.984375
vt 0.3203125 0.953125
vt 0.3125 0.953125
vt 0.3125 0.984375
vt 0.3125 0.984375
vt 0.3125 0.9921875
vt 0.3125 0.9921875
vt 0.3125 0.9921875
vt 0.3125 0.9921875
vt 0.3125 0.984375
vt 0.3125 0.984375
vn 0.09904576054128764 -0.23911761839433454 -0.9659258262890684
vn 0.9238795325112868 0.3826834323650897 1.3877787807814457e-17
vn -0.09904576054128764 0.23911761839433454 0.9659258262890684
vn -0.9238795325112868 -0.3826834323650897 -1.3877787807814457e-17
vn -0.36964381061438606 0.8923991008325228 -0.2588190451025207
vn 0.36964381061438606 -0.8923991008325228 0.2588190451025207
usemtl m_ad71440e-4a14-ea9f-b633-fe5378009ab6
f 60/172/43 63/171/43 61/170/43 58/169/43
f 59/176/44 60/175/44 58/174/44 57/173/44
f 64/180/45 59/179/45 57/178/45 62/177/45
f 63/184/46 64/183/46 62/182/46 61/181/46
f 62/188/47 57/187/47 58/186/47 61/185/47
f 63/192/48 60/191/48 59/190/48 64/189/48
o ribbondeco2left
v -0.33306577263668136 1.8093773496333079 0.09488994334716361
v -0.3392561326705118 1.8243222007829536 0.03451957920409682
v -0.2406548199830848 1.5862775744251771 0.030185182071533367
v -0.24684518001691524 1.6012224255748229 -0.030185182071533367
v -0.3392561326705118 1.8243222007829536 0.03451957920409682
v -0.33306577263668136 1.8093773496333079 0.09488994334716361
v -0.24684518001691524 1.6012224255748229 -0.030185182071533367
v -0.2406548199830848 1.5862775744251771 0.030185182071533367
vt 0.3125 0.984375
vt 0.3125 0.984375
vt 0.3125 0.953125
vt 0.3125 0.953125
vt 0.3046875 0.984375
vt 0.3125 0.984375
vt 0.3125 0.953125
vt 0.3046875 0.953125
vt 0.3203125 0.984375
vt 0.3203125 0.984375
vt 0.3203125 0.953125
vt 0.3203125 0.953125
vt 0.3125 0.984375
vt 0.3203125 0.984375
vt 0.3203125 0.953125
vt 0.3125 0.953125
vt 0.3125 0.984375
vt 0.3125 0.984375
vt 0.3125 0.9921875
vt 0.3125 0.9921875
vt 0.3125 0.9921875
vt 0.3125 0.9921875
vt 0.3125 0.984375
vt 0.3125 0.984375
vn -0.09904576054128764 0.23911761839433454 -0.9659258262890684
vn 0.9238795325112868 0.3826834323650897 -1.3877787807814457e-17
vn 0.09904576054128764 -0.23911761839433454 0.9659258262890684
vn -0.9238795325112868 -0.3826834323650897 1.3877787807814457e-17
vn -0.36964381061438606 0.8923991008325228 0.2588190451025207
vn 0.36964381061438606 -0.8923991008325228 -0.2588190451025207
usemtl m_ad71440e-4a14-ea9f-b633-fe5378009ab6
f 68/196/49 71/195/49 69/194/49 66/193/49
f 67/200/50 68/199/50 66/198/50 65/197/50
f 72/204/51 67/203/51 65/202/51 70/201/51
f 71/208/52 72/207/52 70/206/52 69/205/52
f 70/212/53 65/211/53 66/210/53 69/209/53
f 71/216/54 68/215/54 67/214/54 72/213/54
o moon
v -0.052062442442036616 1.6744199002540183 -0.28036187500000004
v -0.052062442442036616 1.6744199002540183 -0.292861875
v -0.12859912891505465 1.489643993751761 -0.28036187500000004
v -0.12859912891505465 1.489643993751761 -0.292861875
v -0.23683834894429395 1.7509565867270362 -0.292861875
v -0.23683834894429395 1.7509565867270362 -0.28036187500000004
v -0.313375035417312 1.5661806802247789 -0.292861875
v -0.313375035417312 1.5661806802247789 -0.28036187500000004
vt 0.390625 0.375
vt 0.4296875 0.375
vt 0.4296875 0.3359375
vt 0.390625 0.3359375
vt 0.375 0.375
vt 0.390625 0.375
vt 0.390625 0.3359375
vt 0.375 0.3359375
vt 0.4453125 0.375
vt 0.484375 0.375
vt 0.484375 0.3359375
vt 0.4453125 0.3359375
vt 0.4296875 0.375
vt 0.4453125 0.375
vt 0.4453125 0.3359375
vt 0.4296875 0.3359375
vt 0.4296875 0.375
vt 0.390625 0.375
vt 0.390625 0.390625
vt 0.4296875 0.390625
vt 0.46875 0.390625
vt 0.4296875 0.390625
vt 0.4296875 0.375
vt 0.46875 0.375
vn 0 0 -1
vn 0.9238795325112867 -0.3826834323650897 0
vn 0 0 1
vn -0.9238795325112867 0.3826834323650897 0
vn 0.3826834323650897 0.9238795325112867 0
vn -0.3826834323650897 -0.9238795325112867 0
usemtl m_ad71440e-4a14-ea9f-b633-fe5378009ab6
f 76/220/55 79/219/55 77/218/55 74/217/55
f 75/224/56 76/223/56 74/222/56 73/221/56
f 80/228/57 75/227/57 73/226/57 78/225/57
f 79/232/58 80/231/58 78/230/58 77/229/58
f 78/236/59 73/235/59 74/234/59 77/233/59
f 79/240/60 76/239/60 75/238/60 80/237/60
o ribbondeco1right
v 0.33306577263668136 1.8093773496333079 0.09488994334716361
v 0.3392561326705118 1.8243222007829536 0.03451957920409682
v 0.2406548199830848 1.5862775744251771 0.030185182071533367
v 0.24684518001691524 1.6012224255748229 -0.030185182071533367
v 0.3392561326705118 1.8243222007829536 0.03451957920409682
v 0.33306577263668136 1.8093773496333079 0.09488994334716361
v 0.24684518001691524 1.6012224255748229 -0.030185182071533367
v 0.2406548199830848 1.5862775744251771 0.030185182071533367
vt 0.328125 0.984375
vt 0.328125 0.984375
vt 0.328125 0.953125
vt 0.328125 0.953125
vt 0.3359375 0.984375
vt 0.328125 0.984375
vt 0.328125 0.953125
vt 0.3359375 0.953125
vt 0.3359375 0.984375
vt 0.3359375 0.984375
vt 0.3359375 0.953125
vt 0.3359375 0.953125
vt 0.328125 0.984375
vt 0.3203125 0.984375
vt 0.3203125 0.953125
vt 0.328125 0.953125
vt 0.328125 0.984375
vt 0.328125 0.984375
vt 0.328125 0.9921875
vt 0.328125 0.9921875
vt 0.328125 0.9921875
vt 0.328125 0.9921875
vt 0.328125 0.984375
vt 0.328125 0.984375
vn 0.09904576054128764 0.23911761839433454 -0.9659258262890684
vn 0.9238795325112868 -0.3826834323650897 1.3877787807814457e-17
vn -0.09904576054128764 -0.23911761839433454 0.9659258262890684
vn -0.9238795325112868 0.3826834323650897 -1.3877787807814457e-17
vn 0.36964381061438606 0.8923991008325228 0.2588190451025207
vn -0.36964381061438606 -0.8923991008325228 -0.2588190451025207
usemtl m_ad71440e-4a14-ea9f-b633-fe5378009ab6
f 84/244/61 87/243/61 85/242/61 82/241/61
f 83/248/62 84/247/62 82/246/62 81/245/62
f 88/252/63 83/251/63 81/250/63 86/249/63
f 87/256/64 88/255/64 86/254/64 85/253/64
f 86/260/65 81/259/65 82/258/65 85/257/65
f 87/264/66 84/263/66 83/262/66 88/261/66
o ribbondeco2right
v 0.3392561326705118 1.8243222007829536 -0.03451957920409682
v 0.33306577263668136 1.8093773496333079 -0.09488994334716361
v 0.24684518001691524 1.6012224255748229 0.030185182071533367
v 0.2406548199830848 1.5862775744251771 -0.030185182071533367
v 0.33306577263668136 1.8093773496333079 -0.09488994334716361
v 0.3392561326705118 1.8243222007829536 -0.03451957920409682
v 0.2406548199830848 1.5862775744251771 -0.030185182071533367
v 0.24684518001691524 1.6012224255748229 0.030185182071533367
vt 0.328125 0.984375
vt 0.328125 0.984375
vt 0.328125 0.953125
vt 0.328125 0.953125
vt 0.3359375 0.984375
vt 0.328125 0.984375
vt 0.328125 0.953125
vt 0.3359375 0.953125
vt 0.3359375 0.984375
vt 0.3359375 0.984375
vt 0.3359375 0.953125
vt 0.3359375 0.953125
vt 0.328125 0.984375
vt 0.3203125 0.984375
vt 0.3203125 0.953125
vt 0.328125 0.953125
vt 0.328125 0.984375
vt 0.328125 0.984375
vt 0.328125 0.9921875
vt 0.328125 0.9921875
vt 0.328125 0.9921875
vt 0.328125 0.9921875
vt 0.328125 0.984375
vt 0.328125 0.984375
vn -0.09904576054128764 -0.23911761839433454 -0.9659258262890684
vn 0.9238795325112868 -0.3826834323650897 -1.3877787807814457e-17
vn 0.09904576054128764 0.23911761839433454 0.9659258262890684
vn -0.9238795325112868 0.3826834323650897 1.3877787807814457e-17
vn 0.36964381061438606 0.8923991008325228 -0.2588190451025207
vn -0.36964381061438606 -0.8923991008325228 0.2588190451025207
usemtl m_ad71440e-4a14-ea9f-b633-fe5378009ab6
f 92/268/67 95/267/67 93/266/67 90/265/67
f 91/272/68 92/271/68 90/270/68 89/269/68
f 96/276/69 91/275/69 89/274/69 94/273/69
f 95/280/70 96/279/70 94/278/70 93/277/70
f 94/284/71 89/283/71 90/282/71 93/281/71
f 95/288/72 92/287/72 91/286/72 96/285/72
o hair1
v 0.078125 1.1327014565439602 0.2566366386154936
v 0.078125 1.1327014565439602 0.2566366386154936
v 0.078125 0.22714599439795863 0.49927949339910677
v 0.078125 0.22714599439795863 0.49927949339910677
v -0.078125 1.1327014565439602 0.2566366386154936
v -0.078125 1.1327014565439602 0.2566366386154936
v -0.078125 0.22714599439795863 0.49927949339910677
v -0.078125 0.22714599439795863 0.49927949339910677
vt 0.296875 0.3203125
vt 0.3125 0.3203125
vt 0.3125 0.203125
vt 0.296875 0.203125
vt 0.296875 0.3203125
vt 0.296875 0.3203125
vt 0.296875 0.203125
vt 0.296875 0.203125
vt 0.3125 0.3203125
vt 0.328125 0.3203125
vt 0.328125 0.203125
vt 0.3125 0.203125
vt 0.3125 0.3203125
vt 0.3125 0.3203125
vt 0.3125 0.203125
vt 0.3125 0.203125
vt 0.3125 0.3203125
vt 0.296875 0.3203125
vt 0.296875 0.3203125
vt 0.3125 0.3203125
vt 0.328125 0.3203125
vt 0.3125 0.3203125
vt 0.3125 0.3203125
vt 0.328125 0.3203125
vn 0 -0.25881904510252074 -0.9659258262890683
vn 1 0 0
vn 0 0.25881904510252074 0.9659258262890683
vn -1 0 0
vn 0 0.9659258262890683 -0.25881904510252074
vn 0 -0.9659258262890683 0.25881904510252074
usemtl m_ad71440e-4a14-ea9f-b633-fe5378009ab6
f 100/292/73 103/291/73 101/290/73 98/289/73
f 99/296/74 100/295/74 98/294/74 97/293/74
f 104/300/75 99/299/75 97/298/75 102/297/75
f 103/304/76 104/303/76 102/302/76 101/301/76
f 102/308/77 97/307/77 98/306/77 101/305/77
f 103/312/78 100/311/78 99/310/78 104/309/78
o hair2
v -0.04853409769201454 1.1261818585008845 0.25838355964611115
v -0.04853409769201454 1.1261818585008845 0.25838355964611115
v -0.1302426065179441 0.22407230828301739 0.500103085111392
v -0.1302426065179441 0.22407230828301739 0.500103085111392
v -0.2041895192688498 1.1393359183179734 0.25485893994093156
v -0.2041895192688498 1.1393359183179734 0.25485893994093156
v -0.2858980280947793 0.23722636810010633 0.4965784654062123
v -0.2858980280947793 0.23722636810010633 0.4965784654062123
vt 0.265625 0.3203125
vt 0.28125 0.3203125
vt 0.28125 0.203125
vt 0.265625 0.203125
vt 0.265625 0.3203125
vt 0.265625 0.3203125
vt 0.265625 0.203125
vt 0.265625 0.203125
vt 0.28125 0.3203125
vt 0.296875 0.3203125
vt 0.296875 0.203125
vt 0.28125 0.203125
vt 0.28125 0.3203125
vt 0.28125 0.3203125
vt 0.28125 0.203125
vt 0.28125 0.203125
vt 0.28125 0.3203125
vt 0.265625 0.3203125
vt 0.265625 0.3203125
vt 0.28125 0.3203125
vt 0.296875 0.3203125
vt 0.28125 0.3203125
vt 0.28125 0.3203125
vt 0.296875 0.3203125
vn 0 -0.25881904510252074 -0.9659258262890683
vn 0.9961946980917455 -0.0841859828293692 0.022557566113149838
vn 0 0.25881904510252074 0.9659258262890683
vn -0.9961946980917455 0.0841859828293692 -0.022557566113149838
vn 0.08715574274765818 0.9622501868990583 -0.25783416049629954
vn -0.08715574274765818 -0.9622501868990583 0.25783416049629954
usemtl m_ad71440e-4a14-ea9f-b633-fe5378009ab6
f 108/316/79 111/315/79 109/314/79 106/313/79
f 107/320/80 108/319/80 106/318/80 105/317/80
f 112/324/81 107/323/81 105/322/81 110/321/81
f 111/328/82 112/327/82 110/326/82 109/325/82
f 110/332/83 105/331/83 106/330/83 109/329/83
f 111/336/84 108/335/84 107/334/84 112/333/84
o hair3
v 0.2041895192688498 1.1393359183179734 0.25485893994093156
v 0.2041895192688498 1.1393359183179734 0.25485893994093156
v 0.2858980280947793 0.23722636810010633 0.4965784654062123
v 0.2858980280947793 0.23722636810010633 0.4965784654062123
v 0.04853409769201454 1.1261818585008845 0.25838355964611115
v 0.04853409769201454 1.1261818585008845 0.25838355964611115
v 0.1302426065179441 0.22407230828301739 0.500103085111392
v 0.1302426065179441 0.22407230828301739 0.500103085111392
vt 0.328125 0.3203125
vt 0.34375 0.3203125
vt 0.34375 0.203125
vt 0.328125 0.203125
vt 0.328125 0.3203125
vt 0.328125 0.3203125
vt 0.328125 0.203125
vt 0.328125 0.203125
vt 0.34375 0.3203125
vt 0.359375 0.3203125
vt 0.359375 0.203125
vt 0.34375 0.203125
vt 0.34375 0.3203125
vt 0.34375 0.3203125
vt 0.34375 0.203125
vt 0.34375 0.203125
vt 0.34375 0.3203125
vt 0.328125 0.3203125
vt 0.328125 0.3203125
vt 0.34375 0.3203125
vt 0.359375 0.3203125
vt 0.34375 0.3203125
vt 0.34375 0.3203125
vt 0.359375 0.3203125
vn 0 -0.25881904510252074 -0.9659258262890683
vn 0.9961946980917455 0.0841859828293692 -0.022557566113149838
vn 0 0.25881904510252074 0.9659258262890683
vn -0.9961946980917455 -0.0841859828293692 0.022557566113149838
vn -0.08715574274765818 0.9622501868990583 -0.25783416049629954
vn 0.08715574274765818 -0.9622501868990583 0.25783416049629954
usemtl m_ad71440e-4a14-ea9f-b633-fe5378009ab6
f 116/340/85 119/339/85 117/338/85 114/337/85
f 115/344/86 116/343/86 114/342/86 113/341/86
f 120/348/87 115/347/87 113/346/87 118/345/87
f 119/352/88 120/351/88 118/350/88 117/349/88
f 118/356/89 113/355/89 114/354/89 117/353/89
f 119/360/90 116/359/90 115/358/90 120/357/90
o bone14
v -0.15672475771836852 1.4945734944479085 -0.20336283136926592
v -0.15625 1.5 -0.265625
v -0.21098981323928423 0.8743210716315932 -0.25783517058655225
v -0.21051505552091576 0.8797475771836848 -0.32009733921728634
v -0.28077433726146817 1.5108944678434573 -0.265625
v -0.2812490949798367 1.5054679622913658 -0.20336283136926592
v -0.3350393927823839 0.8906420450271421 -0.32009733921728634
v -0.3355141505007524 0.8852155394750505 -0.25783517058655225
vt 0.359375 0.46875
vt 0.375 0.46875
vt 0.375 0.390625
vt 0.359375 0.390625
vt 0.3515625 0.46875
vt 0.359375 0.46875
vt 0.359375 0.390625
vt 0.3515625 0.390625
vt 0.3828125 0.46875
vt 0.3984375 0.46875
vt 0.3984375 0.390625
vt 0.3828125 0.390625
vt 0.375 0.46875
vt 0.3828125 0.46875
vt 0.3828125 0.390625
vt 0.375 0.390625
vt 0.375 0.46875
vt 0.359375 0.46875
vt 0.359375 0.4765625
vt 0.375 0.4765625
vt 0.390625 0.4765625
vt 0.375 0.4765625
vt 0.375 0.46875
vt 0.390625 0.46875
vn 0.007596123493895972 0.08682408883346518 -0.9961946980917455
vn 0.9961946980917455 -0.0871557427476582 -1.734723475976807e-18
vn -0.007596123493895972 -0.08682408883346518 0.9961946980917455
vn -0.9961946980917455 0.0871557427476582 1.734723475976807e-18
vn 0.08682408883346518 0.9924038765061041 0.0871557427476582
vn -0.08682408883346518 -0.9924038765061041 -0.0871557427476582
usemtl m_ad71440e-4a14-ea9f-b633-fe5378009ab6
f 124/364/91 127/363/91 125/362/91 122/361/91
f 123/368/92 124/367/92 122/366/92 121/365/92
f 128/372/93 123/371/93 121/370/93 126/369/93
f 127/376/94 128/375/94 126/374/94 125/373/94
f 126/380/95 121/379/95 122/378/95 125/377/95
f 127/384/96 124/383/96 123/382/96 128/381/96
o bone15
v -0.1831501357828765 1.0666108057523902 -0.2780075781023095
v -0.182675378064508 1.0720373113044819 -0.34026974673304367
v -0.19930591264265815 1.0064737685148126 -0.283372056300899
v -0.19883115492428965 1.0119002740669043 -0.3456342249316331
v -0.24304934165118824 1.0881723597946265 -0.33932384448921
v -0.24352409936955674 1.0827458542425348 -0.27706167585847585
v -0.2592051185109699 1.0280353225570489 -0.3446883226877994
v -0.2596798762293384 1.0226088170049572 -0.28242615405706534
vt 0.2890625 0.9921875
vt 0.296875 0.9921875
vt 0.296875 0.984375
vt 0.2890625 0.984375
vt 0.28125 0.9921875
vt 0.2890625 0.9921875
vt 0.2890625 0.984375
vt 0.28125 0.984375
vt 0.3046875 0.9921875
vt 0.3125 0.9921875
vt 0.3125 0.984375
vt 0.3046875 0.984375
vt 0.296875 0.9921875
vt 0.3046875 0.9921875
vt 0.3046875 0.984375
vt 0.296875 0.984375
vt 0.296875 0.9921875
vt 0.2890625 0.9921875
vt 0.2890625 1
vt 0.296875 1
vt 0.3046875 1
vt 0.296875 1
vt 0.296875 0.9921875
vt 0.3046875 0.9921875
vn 0.007596123493895976 0.08682408883346518 -0.9961946980917455
vn 0.9659834173868841 -0.2581607758423136 -0.015134435901338625
vn -0.007596123493895976 -0.08682408883346518 0.9961946980917455
vn -0.9659834173868841 0.2581607758423136 0.015134435901338625
vn 0.2584924297565067 0.9621925958012426 0.08583165117743133
vn -0.2584924297565067 -0.9621925958012426 -0.08583165117743133
usemtl m_ad71440e-4a14-ea9f-b633-fe5378009ab6
f 132/388/97 135/387/97 133/386/97 130/385/97
f 131/392/98 132/391/98 130/390/98 129/389/98
f 136/396/99 131/395/99 129/394/99 134/393/99
f 135/400/100 136/399/100 134/398/100 133/397/100
f 134/404/101 129/403/101 130/402/101 133/401/101
f 135/408/102 132/407/102 131/406/102 136/405/102
o bone15
v -0.25944249737015407 1.0253220697810033 -0.3135572383724323
v -0.25944249737015407 1.0253220697810033 -0.3135572383724323
v -0.27559827422993577 0.9651850325434257 -0.31892171657102175
v -0.27559827422993577 0.9651850325434257 -0.31892171657102175
v -0.3198164609568343 1.0414571182711478 -0.31261133612859865
v -0.3198164609568343 1.0414571182711478 -0.31261133612859865
v -0.335972237816616 0.9813200810335703 -0.31797581432718813
v -0.335972237816616 0.9813200810335703 -0.31797581432718813
vt 0.2578125 0.9765625
vt 0.265625 0.9765625
vt 0.265625 0.96875
vt 0.2578125 0.96875
vt 0.2578125 0.9765625
vt 0.2578125 0.9765625
vt 0.2578125 0.96875
vt 0.2578125 0.96875
vt 0.265625 0.9765625
vt 0.2734375 0.9765625
vt 0.2734375 0.96875
vt 0.265625 0.96875
vt 0.265625 0.9765625
vt 0.265625 0.9765625
vt 0.265625 0.96875
vt 0.265625 0.96875
vt 0.265625 0.9765625
vt 0.2578125 0.9765625
vt 0.2578125 0.9765625
vt 0.265625 0.9765625
vt 0.2734375 0.9765625
vt 0.265625 0.9765625
vt 0.265625 0.9765625
vt 0.2734375 0.9765625
vn 0.007596123493895976 0.08682408883346518 -0.9961946980917455
vn 0.9659834173868841 -0.2581607758423136 -0.015134435901338625
vn -0.007596123493895976 -0.08682408883346518 0.9961946980917455
vn -0.9659834173868841 0.2581607758423136 0.015134435901338625
vn 0.2584924297565067 0.9621925958012426 0.08583165117743133
vn -0.2584924297565067 -0.9621925958012426 -0.08583165117743133
usemtl m_ad71440e-4a14-ea9f-b633-fe5378009ab6
f 140/412/103 143/411/103 141/410/103 138/409/103
f 139/416/104 140/415/104 138/414/104 137/413/104
f 144/420/105 139/419/105 137/418/105 142/417/105
f 143/424/106 144/423/106 142/422/106 141/421/106
f 142/428/107 137/427/107 138/426/107 141/425/107
f 143/432/108 140/431/108 139/430/108 144/429/108
o bone16
v -0.26514707653670216 1.0846371606432632 -0.27706171586061534
v -0.26467231881833364 1.0900636661953549 -0.3393238844913495
v -0.2596794291558477 1.0226083189180182 -0.2824261940592048
v -0.25920467143747916 1.0280348244701099 -0.3446883626899389
v -0.3269308880054543 1.0846575741023892 -0.34026978673518316
v -0.3274056457238228 1.0792310685502975 -0.278007618104449
v -0.32146324062459974 1.0226287323771441 -0.3456342649337726
v -0.32193799834296827 1.0172022268250527 -0.2833720963030385
vt 0.28125 0.9609375
vt 0.2890625 0.9609375
vt 0.2890625 0.953125
vt 0.28125 0.953125
vt 0.2734375 0.9609375
vt 0.28125 0.9609375
vt 0.28125 0.953125
vt 0.2734375 0.953125
vt 0.296875 0.9609375
vt 0.3046875 0.9609375
vt 0.3046875 0.953125
vt 0.296875 0.953125
vt 0.2890625 0.9609375
vt 0.296875 0.9609375
vt 0.296875 0.953125
vt 0.2890625 0.953125
vt 0.2890625 0.9609375
vt 0.28125 0.9609375
vt 0.28125 0.96875
vt 0.2890625 0.96875
vt 0.296875 0.96875
vt 0.2890625 0.96875
vt 0.2890625 0.9609375
vt 0.296875 0.9609375
vn 0.007596123493895972 0.08682408883346518 -0.9961946980917457
vn 0.99613710699393 0.08649747348745103 0.015134435901338623
vn -0.007596123493895972 -0.08682408883346518 0.9961946980917457
vn -0.99613710699393 -0.08649747348745103 -0.015134435901338623
vn -0.08748235809367226 0.9924614676039197 0.0858316511774313
vn 0.08748235809367226 -0.9924614676039197 -0.0858316511774313
usemtl m_ad71440e-4a14-ea9f-b633-fe5378009ab6
f 148/436/109 151/435/109 149/434/109 146/433/109
f 147/440/110 148/439/110 146/438/110 145/437/110
f 152/444/111 147/443/111 145/442/111 150/441/111
f 151/448/112 152/447/112 150/446/112 149/445/112
f 150/452/113 145/451/113 146/450/113 149/449/113
f 151/456/114 148/455/114 147/454/114 152/453/114
o bone16
v -0.19718348110954279 1.0307276637870297 -0.3126113761307382
v -0.19718348110954279 1.0307276637870297 -0.3126113761307382
v -0.19171583372868828 0.9686988220617847 -0.3179758543293276
v -0.19171583372868828 0.9686988220617847 -0.3179758543293276
v -0.25944205029666345 1.025321571694064 -0.3135572783745718
v -0.25944205029666345 1.025321571694064 -0.3135572783745718
v -0.2539744029158089 0.963292729968819 -0.3189217565731613
v -0.2539744029158089 0.963292729968819 -0.3189217565731613
vt 0.1171875 0.9765625
vt 0.125 0.9765625
vt 0.125 0.96875
vt 0.1171875 0.96875
vt 0.1171875 0.9765625
vt 0.1171875 0.9765625
vt 0.1171875 0.96875
vt 0.1171875 0.96875
vt 0.125 0.9765625
vt 0.1328125 0.9765625
vt 0.1328125 0.96875
vt 0.125 0.96875
vt 0.125 0.9765625
vt 0.125 0.9765625
vt 0.125 0.96875
vt 0.125 0.96875
vt 0.125 0.9765625
vt 0.1171875 0.9765625
vt 0.1171875 0.9765625
vt 0.125 0.9765625
vt 0.1328125 0.9765625
vt 0.125 0.9765625
vt 0.125 0.9765625
vt 0.1328125 0.9765625
vn 0.007596123493895972 0.08682408883346518 -0.9961946980917457
vn 0.99613710699393 0.08649747348745103 0.015134435901338623
vn -0.007596123493895972 -0.08682408883346518 0.9961946980917457
vn -0.99613710699393 -0.08649747348745103 -0.015134435901338623
vn -0.08748235809367226 0.9924614676039197 0.0858316511774313
vn 0.08748235809367226 -0.9924614676039197 -0.0858316511774313
usemtl m_ad71440e-4a14-ea9f-b633-fe5378009ab6
f 156/460/115 159/459/115 157/458/115 154/457/115
f 155/464/116 156/463/116 154/462/116 153/461/116
f 160/468/117 155/467/117 153/466/117 158/465/117
f 159/472/118 160/471/118 158/470/118 157/469/118
f 158/476/119 153/475/119 154/474/119 157/473/119
f 159/480/120 156/479/120 155/478/120 160/477/120
o bone17
v -0.17229712467869332 1.190661290315653 -0.2671131102588522
v -0.17182236696032482 1.1960877958677447 -0.32937527888958634
v -0.18845290153847502 1.1305242530780755 -0.2724775884574417
v -0.18797814382010652 1.1359507586301671 -0.33473975708817577
v -0.23219633054700506 1.2122228443578893 -0.32842937664575267
v -0.23267108826537355 1.2067963388057976 -0.26616720801501853
v -0.24835210740678676 1.1520858071203117 -0.3337938548443421
v -0.24882686512515526 1.14665930156822 -0.271531686213608
vt 0.2734375 0.734375
vt 0.28125 0.734375
vt 0.28125 0.7265625
vt 0.2734375 0.7265625
vt 0.265625 0.734375
vt 0.2734375 0.734375
vt 0.2734375 0.7265625
vt 0.265625 0.7265625
vt 0.2890625 0.734375
vt 0.296875 0.734375
vt 0.296875 0.7265625
vt 0.2890625 0.7265625
vt 0.28125 0.734375
vt 0.2890625 0.734375
vt 0.2890625 0.7265625
vt 0.28125 0.7265625
vt 0.28125 0.734375
vt 0.2734375 0.734375
vt 0.2734375 0.7421875
vt 0.28125 0.7421875
vt 0.2890625 0.7421875
vt 0.28125 0.7421875
vt 0.28125 0.734375
vt 0.2890625 0.734375
vn 0.007596123493895976 0.08682408883346518 -0.9961946980917455
vn 0.9659834173868841 -0.2581607758423136 -0.015134435901338625
vn -0.007596123493895976 -0.08682408883346518 0.9961946980917455
vn -0.9659834173868841 0.2581607758423136 0.015134435901338625
vn 0.2584924297565067 0.9621925958012426 0.08583165117743133
vn -0.2584924297565067 -0.9621925958012426 -0.08583165117743133
usemtl m_ad71440e-4a14-ea9f-b633-fe5378009ab6
f 164/484/121 167/483/121 165/482/121 162/481/121
f 163/488/122 164/487/122 162/486/122 161/485/122
f 168/492/123 163/491/123 161/490/123 166/489/123
f 167/496/124 168/495/124 166/494/124 165/493/124
f 166/500/125 161/499/125 162/498/125 165/497/125
f 167/504/126 164/503/126 163/502/126 168/501/126
o bone17
v -0.248589486265971 1.1493725543442659 -0.302662770528975
v -0.248589486265971 1.1493725543442659 -0.302662770528975
v -0.26474526312575264 1.089235517106688 -0.3080272487275645
v -0.26474526312575264 1.089235517106688 -0.3080272487275645
v -0.30896344985265123 1.1655076028344105 -0.3017168682851413
v -0.30896344985265123 1.1655076028344105 -0.3017168682851413
v -0.3251192267124329 1.1053705655968327 -0.3070813464837308
v -0.3251192267124329 1.1053705655968327 -0.3070813464837308
vt 0 0.78125
vt 0.0078125 0.78125
vt 0.0078125 0.7734375
vt 0 0.7734375
vt 0 0.78125
vt 0 0.78125
vt 0 0.7734375
vt 0 0.7734375
vt 0.0078125 0.78125
vt 0.015625 0.78125
vt 0.015625 0.7734375
vt 0.0078125 0.7734375
vt 0.0078125 0.78125
vt 0.0078125 0.78125
vt 0.0078125 0.7734375
vt 0.0078125 0.7734375
vt 0.0078125 0.78125
vt 0 0.78125
vt 0 0.78125
vt 0.0078125 0.78125
vt 0.015625 0.78125
vt 0.0078125 0.78125
vt 0.0078125 0.78125
vt 0.015625 0.78125
vn 0.007596123493895976 0.08682408883346518 -0.9961946980917455
vn 0.9659834173868841 -0.2581607758423136 -0.015134435901338625
vn -0.007596123493895976 -0.08682408883346518 0.9961946980917455
vn -0.9659834173868841 0.2581607758423136 0.015134435901338625
vn 0.2584924297565067 0.9621925958012426 0.08583165117743133
vn -0.2584924297565067 -0.9621925958012426 -0.08583165117743133
usemtl m_ad71440e-4a14-ea9f-b633-fe5378009ab6
f 172/508/127 175/507/127 173/506/127 170/505/127
f 171/512/128 172/511/128 170/510/128 169/509/128
f 176/516/129 171/515/129 169/514/129 174/513/129
f 175/520/130 176/519/130 174/518/130 173/517/130
f 174/524/131 169/523/131 170/522/131 173/521/131
f 175/528/132 172/527/132 171/526/132 176/525/132
o bone35
v -0.25429406543251903 1.2086876452065258 -0.266167248017158
v -0.2538193077141505 1.2141141507586175 -0.32842941664789216
v -0.2488264180516645 1.1466588034812808 -0.2715317262157475
v -0.24835166033329598 1.1520853090333725 -0.3337938948464816
v -0.3160778769012711 1.2087080586656518 -0.32937531889172583
v -0.3165526346196396 1.20328155311356 -0.2671131502609917
v -0.31061022952041656 1.1466792169404068 -0.33473979709031526
v -0.3110849872387851 1.141252711388315 -0.2724776284595812
vt 0.2734375 0.75
vt 0.28125 0.75
vt 0.28125 0.7421875
vt 0.2734375 0.7421875
vt 0.265625 0.75
vt 0.2734375 0.75
vt 0.2734375 0.7421875
vt 0.265625 0.7421875
vt 0.2890625 0.75
vt 0.296875 0.75
vt 0.296875 0.7421875
vt 0.2890625 0.7421875
vt 0.28125 0.75
vt 0.2890625 0.75
vt 0.2890625 0.7421875
vt 0.28125 0.7421875
vt 0.28125 0.75
vt 0.2734375 0.75
vt 0.2734375 0.7578125
vt 0.28125 0.7578125
vt 0.2890625 0.7578125
vt 0.28125 0.7578125
vt 0.28125 0.75
vt 0.2890625 0.75
vn 0.007596123493895972 0.08682408883346518 -0.9961946980917457
vn 0.99613710699393 0.08649747348745103 0.015134435901338623
vn -0.007596123493895972 -0.08682408883346518 0.9961946980917457
vn -0.99613710699393 -0.08649747348745103 -0.015134435901338623
vn -0.08748235809367226 0.9924614676039197 0.0858316511774313
vn 0.08748235809367226 -0.9924614676039197 -0.0858316511774313
usemtl m_ad71440e-4a14-ea9f-b633-fe5378009ab6
f 180/532/133 183/531/133 181/530/133 178/529/133
f 179/536/134 180/535/134 178/534/134 177/533/134
f 184/540/135 179/539/135 177/538/135 182/537/135
f 183/544/136 184/543/136 182/542/136 181/541/136
f 182/548/137 177/547/137 178/546/137 181/545/137
f 183/552/138 180/551/138 179/550/138 184/549/138
o bone35
v -0.18633047000535968 1.1547781483502924 -0.3017169082872808
v -0.18633047000535968 1.1547781483502924 -0.3017169082872808
v -0.18086282262450512 1.0927493066250475 -0.3070813864858703
v -0.18086282262450512 1.0927493066250475 -0.3070813864858703
v -0.24858903919248027 1.1493720562573266 -0.3026628105311145
v -0.24858903919248027 1.1493720562573266 -0.3026628105311145
v -0.24312139181162573 1.0873432145320818 -0.308027288729704
v -0.24312139181162573 1.0873432145320818 -0.308027288729704
vt 0 0.7890625
vt 0.0078125 0.7890625
vt 0.0078125 0.78125
vt 0 0.78125
vt 0 0.7890625
vt 0 0.7890625
vt 0 0.78125
vt 0 0.78125
vt 0.0078125 0.7890625
vt 0.015625 0.7890625
vt 0.015625 0.78125
vt 0.0078125 0.78125
vt 0.0078125 0.7890625
vt 0.0078125 0.7890625
vt 0.0078125 0.78125
vt 0.0078125 0.78125
vt 0.0078125 0.7890625
vt 0 0.7890625
vt 0 0.7890625
vt 0.0078125 0.7890625
vt 0.015625 0.7890625
vt 0.0078125 0.7890625
vt 0.0078125 0.7890625
vt 0.015625 0.7890625
vn 0.007596123493895972 0.08682408883346518 -0.9961946980917457
vn 0.99613710699393 0.08649747348745103 0.015134435901338623
vn -0.007596123493895972 -0.08682408883346518 0.9961946980917457
vn -0.99613710699393 -0.08649747348745103 -0.015134435901338623
vn -0.08748235809367226 0.9924614676039197 0.0858316511774313
vn 0.08748235809367226 -0.9924614676039197 -0.0858316511774313
usemtl m_ad71440e-4a14-ea9f-b633-fe5378009ab6
f 188/556/139 191/555/139 189/554/139 186/553/139
f 187/560/140 188/559/140 186/558/140 185/557/140
f 192/564/141 187/563/141 185/562/141 190/561/141
f 191/568/142 192/567/142 190/566/142 189/565/142
f 190/572/143 185/571/143 186/570/143 189/569/143
f 191/576/144 188/575/144 187/574/144 192/573/144
o bone38
v 0.2812490949798367 1.5054679622913658 -0.20336283136926592
v 0.28077433726146817 1.5108944678434573 -0.265625
v 0.3355141505007524 0.8852155394750505 -0.25783517058655225
v 0.3350393927823839 0.8906420450271421 -0.32009733921728634
v 0.15625 1.5 -0.265625
v 0.15672475771836852 1.4945734944479085 -0.20336283136926592
v 0.21051505552091576 0.8797475771836848 -0.32009733921728634
v 0.21098981323928423 0.8743210716315932 -0.25783517058655225
vt 0.40625 0.46875
vt 0.421875 0.46875
vt 0.421875 0.390625
vt 0.40625 0.390625
vt 0.3984375 0.46875
vt 0.40625 0.46875
vt 0.40625 0.390625
vt 0.3984375 0.390625
vt 0.4296875 0.46875
vt 0.4453125 0.46875
vt 0.4453125 0.390625
vt 0.4296875 0.390625
vt 0.421875 0.46875
vt 0.4296875 0.46875
vt 0.4296875 0.390625
vt 0.421875 0.390625
vt 0.421875 0.46875
vt 0.40625 0.46875
vt 0.40625 0.4765625
vt 0.421875 0.4765625
vt 0.4375 0.4765625
vt 0.421875 0.4765625
vt 0.421875 0.46875
vt 0.4375 0.46875
vn -0.007596123493895972 0.08682408883346518 -0.9961946980917455
vn 0.9961946980917455 0.0871557427476582 1.734723475976807e-18
vn 0.007596123493895972 -0.08682408883346518 0.9961946980917455
vn -0.9961946980917455 -0.0871557427476582 -1.734723475976807e-18
vn -0.08682408883346518 0.9924038765061041 0.0871557427476582
vn 0.08682408883346518 -0.9924038765061041 -0.0871557427476582
usemtl m_ad71440e-4a14-ea9f-b633-fe5378009ab6
f 196/580/145 199/579/145 197/578/145 194/577/145
f 195/584/146 196/583/146 194/582/146 193/581/146
f 200/588/147 195/587/147 193/586/147 198/585/147
f 199/592/148 200/591/148 198/590/148 197/589/148
f 198/596/149 193/595/149 194/594/149 197/593/149
f 199/600/150 196/599/150 195/598/150 200/597/150
o bone42
v 0.24352409936955674 1.0827458542425348 -0.27706167585847585
v 0.24304934165118824 1.0881723597946265 -0.33932384448921
v 0.2596798762293384 1.0226088170049572 -0.28242615405706534
v 0.2592051185109699 1.0280353225570489 -0.3446883226877994
v 0.182675378064508 1.0720373113044819 -0.34026974673304367
v 0.1831501357828765 1.0666108057523902 -0.2780075781023095
v 0.19883115492428965 1.0119002740669043 -0.3456342249316331
v 0.19930591264265815 1.0064737685148126 -0.283372056300899
vt 0.0859375 0.9921875
vt 0.09375 0.9921875
vt 0.09375 0.984375
vt 0.0859375 0.984375
vt 0.078125 0.9921875
vt 0.0859375 0.9921875
vt 0.0859375 0.984375
vt 0.078125 0.984375
vt 0.1015625 0.9921875
vt 0.109375 0.9921875
vt 0.109375 0.984375
vt 0.1015625 0.984375
vt 0.09375 0.9921875
vt 0.1015625 0.9921875
vt 0.1015625 0.984375
vt 0.09375 0.984375
vt 0.09375 0.9921875
vt 0.0859375 0.9921875
vt 0.0859375 1
vt 0.09375 1
vt 0.1015625 1
vt 0.09375 1
vt 0.09375 0.9921875
vt 0.1015625 0.9921875
vn -0.007596123493895976 0.08682408883346518 -0.9961946980917455
vn 0.9659834173868841 0.2581607758423136 0.015134435901338625
vn 0.007596123493895976 -0.08682408883346518 0.9961946980917455
vn -0.9659834173868841 -0.2581607758423136 -0.015134435901338625
vn -0.2584924297565067 0.9621925958012426 0.08583165117743133
vn 0.2584924297565067 -0.9621925958012426 -0.08583165117743133
usemtl m_ad71440e-4a14-ea9f-b633-fe5378009ab6
f 204/604/151 207/603/151 205/602/151 202/601/151
f 203/608/152 204/607/152 202/606/152 201/605/152
f 208/612/153 203/611/153 201/610/153 206/609/153
f 207/616/154 208/615/154 206/614/154 205/613/154
f 206/620/155 201/619/155 202/618/155 205/617/155
f 207/624/156 204/623/156 203/622/156 208/621/156
o bone44
v 0.3198164609568343 1.0414571182711478 -0.31261133612859865
v 0.3198164609568343 1.0414571182711478 -0.31261133612859865
v 0.335972237816616 0.9813200810335703 -0.31797581432718813
v 0.335972237816616 0.9813200810335703 -0.31797581432718813
v 0.25944249737015407 1.0253220697810033 -0.3135572383724323
v 0.25944249737015407 1.0253220697810033 -0.3135572383724323
v 0.27559827422993577 0.9651850325434257 -0.31892171657102175
v 0.27559827422993577 0.9651850325434257 -0.31892171657102175
vt 0.2265625 0.953125
vt 0.234375 0.953125
vt 0.234375 0.9453125
vt 0.2265625 0.9453125
vt 0.2265625 0.953125
vt 0.2265625 0.953125
vt 0.2265625 0.9453125
vt 0.2265625 0.9453125
vt 0.234375 0.953125
vt 0.2421875 0.953125
vt 0.2421875 0.9453125
vt 0.234375 0.9453125
vt 0.234375 0.953125
vt 0.234375 0.953125
vt 0.234375 0.9453125
vt 0.234375 0.9453125
vt 0.234375 0.953125
vt 0.2265625 0.953125
vt 0.2265625 0.953125
vt 0.234375 0.953125
vt 0.2421875 0.953125
vt 0.234375 0.953125
vt 0.234375 0.953125
vt 0.2421875 0.953125
vn -0.007596123493895976 0.08682408883346518 -0.9961946980917455
vn 0.9659834173868841 0.2581607758423136 0.015134435901338625
vn 0.007596123493895976 -0.08682408883346518 0.9961946980917455
vn -0.9659834173868841 -0.2581607758423136 -0.015134435901338625
vn -0.2584924297565067 0.9621925958012426 0.08583165117743133
vn 0.2584924297565067 -0.9621925958012426 -0.08583165117743133
usemtl m_ad71440e-4a14-ea9f-b633-fe5378009ab6
f 212/628/157 215/627/157 213/626/157 210/625/157
f 211/632/158 212/631/158 210/630/158 209/629/158
f 216/636/159 211/635/159 209/634/159 214/633/159
f 215/640/160 216/639/160 214/638/160 213/637/160
f 214/644/161 209/643/161 210/642/161 213/641/161
f 215/648/162 212/647/162 211/646/162 216/645/162
o bone46
v 0.3274056457238228 1.0792310685502975 -0.278007618104449
v 0.3269308880054543 1.0846575741023892 -0.34026978673518316
v 0.32193799834296827 1.0172022268250527 -0.2833720963030385
v 0.32146324062459974 1.0226287323771441 -0.3456342649337726
v 0.26467231881833364 1.0900636661953549 -0.3393238844913495
v 0.26514707653670216 1.0846371606432632 -0.27706171586061534
v 0.25920467143747916 1.0280348244701099 -0.3446883626899389
v 0.2596794291558477 1.0226083189180182 -0.2824261940592048
vt 0.234375 0.9921875
vt 0.2421875 0.9921875
vt 0.2421875 0.984375
vt 0.234375 0.984375
vt 0.2265625 0.9921875
vt 0.234375 0.9921875
vt 0.234375 0.984375
vt 0.2265625 0.984375
vt 0.25 0.9921875
vt 0.2578125 0.9921875
vt 0.2578125 0.984375
vt 0.25 0.984375
vt 0.2421875 0.9921875
vt 0.25 0.9921875
vt 0.25 0.984375
vt 0.2421875 0.984375
vt 0.2421875 0.9921875
vt 0.234375 0.9921875
vt 0.234375 1
vt 0.2421875 1
vt 0.25 1
vt 0.2421875 1
vt 0.2421875 0.9921875
vt 0.25 0.9921875
vn -0.007596123493895972 0.08682408883346518 -0.9961946980917457
vn 0.99613710699393 -0.08649747348745103 -0.015134435901338623
vn 0.007596123493895972 -0.08682408883346518 0.9961946980917457
vn -0.99613710699393 0.08649747348745103 0.015134435901338623
vn 0.08748235809367226 0.9924614676039197 0.0858316511774313
vn -0.08748235809367226 -0.9924614676039197 -0.0858316511774313
usemtl m_ad71440e-4a14-ea9f-b633-fe5378009ab6
f 220/652/163 223/651/163 221/650/163 218/649/163
f 219/656/164 220/655/164 218/654/164 217/653/164
f 224/660/165 219/659/165 217/658/165 222/657/165
f 223/664/166 224/663/166 222/662/166 221/661/166
f 222/668/167 217/667/167 218/666/167 221/665/167
f 223/672/168 220/671/168 219/670/168 224/669/168
o bone48
v 0.25944205029666345 1.025321571694064 -0.3135572783745718
v 0.25944205029666345 1.025321571694064 -0.3135572783745718
v 0.2539744029158089 0.963292729968819 -0.3189217565731613
v 0.2539744029158089 0.963292729968819 -0.3189217565731613
v 0.19718348110954279 1.0307276637870297 -0.3126113761307382
v 0.19718348110954279 1.0307276637870297 -0.3126113761307382
v 0.19171583372868828 0.9686988220617847 -0.3179758543293276
v 0.19171583372868828 0.9686988220617847 -0.3179758543293276
vt 0.2578125 0.9609375
vt 0.265625 0.9609375
vt 0.265625 0.953125
vt 0.2578125 0.953125
vt 0.2578125 0.9609375
vt 0.2578125 0.9609375
vt 0.2578125 0.953125
vt 0.2578125 0.953125
vt 0.265625 0.9609375
vt 0.2734375 0.9609375
vt 0.2734375 0.953125
vt 0.265625 0.953125
vt 0.265625 0.9609375
vt 0.265625 0.9609375
vt 0.265625 0.953125
vt 0.265625 0.953125
vt 0.265625 0.9609375
vt 0.2578125 0.9609375
vt 0.2578125 0.9609375
vt 0.265625 0.9609375
vt 0.2734375 0.9609375
vt 0.265625 0.9609375
vt 0.265625 0.9609375
vt 0.2734375 0.9609375
vn -0.007596123493895972 0.08682408883346518 -0.9961946980917457
vn 0.99613710699393 -0.08649747348745103 -0.015134435901338623
vn 0.007596123493895972 -0.08682408883346518 0.9961946980917457
vn -0.99613710699393 0.08649747348745103 0.015134435901338623
vn 0.08748235809367226 0.9924614676039197 0.0858316511774313
vn -0.08748235809367226 -0.9924614676039197 -0.0858316511774313
usemtl m_ad71440e-4a14-ea9f-b633-fe5378009ab6
f 228/676/169 231/675/169 229/674/169 226/673/169
f 227/680/170 228/679/170 226/678/170 225/677/170
f 232/684/171 227/683/171 225/682/171 230/681/171
f 231/688/172 232/687/172 230/686/172 229/685/172
f 230/692/173 225/691/173 226/690/173 229/689/173
f 231/696/174 228/695/174 227/694/174 232/693/174
o bone59
v 0.23267108826537355 1.2067963388057976 -0.26616720801501853
v 0.23219633054700506 1.2122228443578893 -0.32842937664575267
v 0.24882686512515526 1.14665930156822 -0.271531686213608
v 0.24835210740678676 1.1520858071203117 -0.3337938548443421
v 0.17182236696032482 1.1960877958677447 -0.32937527888958634
v 0.17229712467869332 1.190661290315653 -0.2671131102588522
v 0.18797814382010652 1.1359507586301671 -0.33473975708817577
v 0.18845290153847502 1.1305242530780755 -0.2724775884574417
vt 0.28125 0.9765625
vt 0.2890625 0.9765625
vt 0.2890625 0.96875
vt 0.28125 0.96875
vt 0.2734375 0.9765625
vt 0.28125 0.9765625
vt 0.28125 0.96875
vt 0.2734375 0.96875
vt 0.296875 0.9765625
vt 0.3046875 0.9765625
vt 0.3046875 0.96875
vt 0.296875 0.96875
vt 0.2890625 0.9765625
vt 0.296875 0.9765625
vt 0.296875 0.96875
vt 0.2890625 0.96875
vt 0.2890625 0.9765625
vt 0.28125 0.9765625
vt 0.28125 0.984375
vt 0.2890625 0.984375
vt 0.296875 0.984375
vt 0.2890625 0.984375
vt 0.2890625 0.9765625
vt 0.296875 0.9765625
vn -0.007596123493895976 0.08682408883346518 -0.9961946980917455
vn 0.9659834173868841 0.2581607758423136 0.015134435901338625
vn 0.007596123493895976 -0.08682408883346518 0.9961946980917455
vn -0.9659834173868841 -0.2581607758423136 -0.015134435901338625
vn -0.2584924297565067 0.9621925958012426 0.08583165117743133
vn 0.2584924297565067 -0.9621925958012426 -0.08583165117743133
usemtl m_ad71440e-4a14-ea9f-b633-fe5378009ab6
f 236/700/175 239/699/175 237/698/175 234/697/175
f 235/704/176 236/703/176 234/702/176 233/701/176
f 240/708/177 235/707/177 233/706/177 238/705/177
f 239/712/178 240/711/178 238/710/178 237/709/178
f 238/716/179 233/715/179 234/714/179 237/713/179
f 239/720/180 236/719/180 235/718/180 240/717/180
o bone65
v 0.30896344985265123 1.1655076028344105 -0.3017168682851413
v 0.30896344985265123 1.1655076028344105 -0.3017168682851413
v 0.3251192267124329 1.1053705655968327 -0.3070813464837308
v 0.3251192267124329 1.1053705655968327 -0.3070813464837308
v 0.248589486265971 1.1493725543442659 -0.302662770528975
v 0.248589486265971 1.1493725543442659 -0.302662770528975
v 0.26474526312575264 1.089235517106688 -0.3080272487275645
v 0.26474526312575264 1.089235517106688 -0.3080272487275645
vt 0.25 1
vt 0.2578125 1
vt 0.2578125 0.9921875
vt 0.25 0.9921875
vt 0.25 1
vt 0.25 1
vt 0.25 0.9921875
vt 0.25 0.9921875
vt 0.2578125 1
vt 0.265625 1
vt 0.265625 0.9921875
vt 0.2578125 0.9921875
vt 0.2578125 1
vt 0.2578125 1
vt 0.2578125 0.9921875
vt 0.2578125 0.9921875
vt 0.2578125 1
vt 0.25 1
vt 0.25 1
vt 0.2578125 1
vt 0.265625 1
vt 0.2578125 1
vt 0.2578125 1
vt 0.265625 1
vn -0.007596123493895976 0.08682408883346518 -0.9961946980917455
vn 0.9659834173868841 0.2581607758423136 0.015134435901338625
vn 0.007596123493895976 -0.08682408883346518 0.9961946980917455
vn -0.9659834173868841 -0.2581607758423136 -0.015134435901338625
vn -0.2584924297565067 0.9621925958012426 0.08583165117743133
vn 0.2584924297565067 -0.9621925958012426 -0.08583165117743133
usemtl m_ad71440e-4a14-ea9f-b633-fe5378009ab6
f 244/724/181 247/723/181 245/722/181 242/721/181
f 243/728/182 244/727/182 242/726/182 241/725/182
f 248/732/183 243/731/183 241/730/183 246/729/183
f 247/736/184 248/735/184 246/734/184 245/733/184
f 246/740/185 241/739/185 242/738/185 245/737/185
f 247/744/186 244/743/186 243/742/186 248/741/186
o bone67
v 0.3165526346196396 1.20328155311356 -0.2671131502609917
v 0.3160778769012711 1.2087080586656518 -0.32937531889172583
v 0.3110849872387851 1.141252711388315 -0.2724776284595812
v 0.31061022952041656 1.1466792169404068 -0.33473979709031526
v 0.2538193077141505 1.2141141507586175 -0.32842941664789216
v 0.25429406543251903 1.2086876452065258 -0.266167248017158
v 0.24835166033329598 1.1520853090333725 -0.3337938948464816
v 0.2488264180516645 1.1466588034812808 -0.2715317262157475
vt 0.25 0.7578125
vt 0.2578125 0.7578125
vt 0.2578125 0.75
vt 0.25 0.75
vt 0.2421875 0.7578125
vt 0.25 0.7578125
vt 0.25 0.75
vt 0.2421875 0.75
vt 0.265625 0.7578125
vt 0.2734375 0.7578125
vt 0.2734375 0.75
vt 0.265625 0.75
vt 0.2578125 0.7578125
vt 0.265625 0.7578125
vt 0.265625 0.75
vt 0.2578125 0.75
vt 0.2578125 0.7578125
vt 0.25 0.7578125
vt 0.25 0.765625
vt 0.2578125 0.765625
vt 0.265625 0.765625
vt 0.2578125 0.765625
vt 0.2578125 0.7578125
vt 0.265625 0.7578125
vn -0.007596123493895972 0.08682408883346518 -0.9961946980917457
vn 0.99613710699393 -0.08649747348745103 -0.015134435901338623
vn 0.007596123493895972 -0.08682408883346518 0.9961946980917457
vn -0.99613710699393 0.08649747348745103 0.015134435901338623
vn 0.08748235809367226 0.9924614676039197 0.0858316511774313
vn -0.08748235809367226 -0.9924614676039197 -0.0858316511774313
usemtl m_ad71440e-4a14-ea9f-b633-fe5378009ab6
f 252/748/187 255/747/187 253/746/187 250/745/187
f 251/752/188 252/751/188 250/750/188 249/749/188
f 256/756/189 251/755/189 249/754/189 254/753/189
f 255/760/190 256/759/190 254/758/190 253/757/190
f 254/764/191 249/763/191 250/762/191 253/761/191
f 255/768/192 252/767/192 251/766/192 256/765/192
o bone69
v 0.24858903919248027 1.1493720562573266 -0.3026628105311145
v 0.24858903919248027 1.1493720562573266 -0.3026628105311145
v 0.24312139181162573 1.0873432145320818 -0.308027288729704
v 0.24312139181162573 1.0873432145320818 -0.308027288729704
v 0.18633047000535968 1.1547781483502924 -0.3017169082872808
v 0.18633047000535968 1.1547781483502924 -0.3017169082872808
v 0.18086282262450512 1.0927493066250475 -0.3070813864858703
v 0.18086282262450512 1.0927493066250475 -0.3070813864858703
vt 0.25 0.984375
vt 0.2578125 0.984375
vt 0.2578125 0.9765625
vt 0.25 0.9765625
vt 0.25 0.984375
vt 0.25 0.984375
vt 0.25 0.9765625
vt 0.25 0.9765625
vt 0.2578125 0.984375
vt 0.265625 0.984375
vt 0.265625 0.9765625
vt 0.2578125 0.9765625
vt 0.2578125 0.984375
vt 0.2578125 0.984375
vt 0.2578125 0.9765625
vt 0.2578125 0.9765625
vt 0.2578125 0.984375
vt 0.25 0.984375
vt 0.25 0.984375
vt 0.2578125 0.984375
vt 0.265625 0.984375
vt 0.2578125 0.984375
vt 0.2578125 0.984375
vt 0.265625 0.984375
vn -0.007596123493895972 0.08682408883346518 -0.9961946980917457
vn 0.99613710699393 -0.08649747348745103 -0.015134435901338623
vn 0.007596123493895972 -0.08682408883346518 0.9961946980917457
vn -0.99613710699393 0.08649747348745103 0.015134435901338623
vn 0.08748235809367226 0.9924614676039197 0.0858316511774313
vn -0.08748235809367226 -0.9924614676039197 -0.0858316511774313
usemtl m_ad71440e-4a14-ea9f-b633-fe5378009ab6
f 260/772/193 263/771/193 261/770/193 258/769/193
f 259/776/194 260/775/194 258/774/194 257/773/194
f 264/780/195 259/779/195 257/778/195 262/777/195
f 263/784/196 264/783/196 262/782/196 261/781/196
f 262/788/197 257/787/197 258/786/197 261/785/197
f 263/792/198 260/791/198 259/790/198 264/789/198
o body
v 0.19375 1.13125 0.19375
v 0.19375 1.13125 -0.19375
v 0.19375 0.68125 0.19375
v 0.19375 0.68125 -0.19375
v -0.19375 1.13125 -0.19375
v -0.19375 1.13125 0.19375
v -0.19375 0.68125 -0.19375
v -0.19375 0.68125 0.19375
vt 0.265625 0.59375
vt 0.3125 0.59375
vt 0.3125 0.5390625
vt 0.265625 0.5390625
vt 0.21875 0.59375
vt 0.265625 0.59375
vt 0.265625 0.5390625
vt 0.21875 0.5390625
vt 0.359375 0.59375
vt 0.40625 0.59375
vt 0.40625 0.5390625
vt 0.359375 0.5390625
vt 0.3125 0.59375
vt 0.359375 0.59375
vt 0.359375 0.5390625
vt 0.3125 0.5390625
vt 0.3125 0.59375
vt 0.265625 0.59375
vt 0.265625 0.640625
vt 0.3125 0.640625
vt 0.359375 0.640625
vt 0.3125 0.640625
vt 0.3125 0.59375
vt 0.359375 0.59375
vn 0 0 -1
vn 1 0 0
vn 0 0 1
vn -1 0 0
vn 0 1 0
vn 0 -1 0
usemtl m_ad71440e-4a14-ea9f-b633-fe5378009ab6
f 268/796/199 271/795/199 269/794/199 266/793/199
f 267/800/200 268/799/200 266/798/200 265/797/200
f 272/804/201 267/803/201 265/802/201 270/801/201
f 271/808/202 272/807/202 270/806/202 269/805/202
f 270/812/203 265/811/203 266/810/203 269/809/203
f 271/816/204 268/815/204 267/814/204 272/813/204
o body
v 0.15625 1.125 0.1875
v 0.15625 1.125 -0.1875
v 0.15625 0.5 0.1875
v 0.15625 0.5 -0.1875
v -0.15625 1.125 -0.1875
v -0.15625 1.125 0.1875
v -0.15625 0.5 -0.1875
v -0.15625 0.5 0.1875
vt 0.296875 0.71875
vt 0.3359375 0.71875
vt 0.3359375 0.640625
vt 0.296875 0.640625
vt 0.25 0.71875
vt 0.296875 0.71875
vt 0.296875 0.640625
vt 0.25 0.640625
vt 0.3828125 0.71875
vt 0.421875 0.71875
vt 0.421875 0.640625
vt 0.3828125 0.640625
vt 0.3359375 0.71875
vt 0.3828125 0.71875
vt 0.3828125 0.640625
vt 0.3359375 0.640625
vt 0.3359375 0.71875
vt 0.296875 0.71875
vt 0.296875 0.765625
vt 0.3359375 0.765625
vt 0.375 0.765625
vt 0.3359375 0.765625
vt 0.3359375 0.71875
vt 0.375 0.71875
vn 0 0 -1
vn 1 0 0
vn 0 0 1
vn -1 0 0
vn 0 1 0
vn 0 -1 0
usemtl m_ad71440e-4a14-ea9f-b633-fe5378009ab6
f 276/820/205 279/819/205 277/818/205 274/817/205
f 275/824/206 276/823/206 274/822/206 273/821/206
f 280/828/207 275/827/207 273/826/207 278/825/207
f 279/832/208 280/831/208 278/830/208 277/829/208
f 278/836/209 273/835/209 274/834/209 277/833/209
f 279/840/210 276/839/210 275/838/210 280/837/210
o decoration
v 0.03125 1.125 -0.171875
v 0.03125 1.125 -0.234375
v 0.03125 1.0625 -0.171875
v 0.03125 1.0625 -0.234375
v -0.03125 1.125 -0.234375
v -0.03125 1.125 -0.171875
v -0.03125 1.0625 -0.234375
v -0.03125 1.0625 -0.171875
vt 0.0859375 0.9765625
vt 0.09375 0.9765625
vt 0.09375 0.96875
vt 0.0859375 0.96875
vt 0.078125 0.9765625
vt 0.0859375 0.9765625
vt 0.0859375 0.96875
vt 0.078125 0.96875
vt 0.1015625 0.9765625
vt 0.109375 0.9765625
vt 0.109375 0.96875
vt 0.1015625 0.96875
vt 0.09375 0.9765625
vt 0.1015625 0.9765625
vt 0.1015625 0.96875
vt 0.09375 0.96875
vt 0.09375 0.9765625
vt 0.0859375 0.9765625
vt 0.0859375 0.984375
vt 0.09375 0.984375
vt 0.1015625 0.984375
vt 0.09375 0.984375
vt 0.09375 0.9765625
vt 0.1015625 0.9765625
vn 0 0 -1
vn 1 0 0
vn 0 0 1
vn -1 0 0
vn 0 1 0
vn 0 -1 0
usemtl m_ad71440e-4a14-ea9f-b633-fe5378009ab6
f 284/844/211 287/843/211 285/842/211 282/841/211
f 283/848/212 284/847/212 282/846/212 281/845/212
f 288/852/213 283/851/213 281/850/213 286/849/213
f 287/856/214 288/855/214 286/854/214 285/853/214
f 286/860/215 281/859/215 282/858/215 285/857/215
f 287/864/216 284/863/216 283/862/216 288/861/216
o bone
v -0.013206820679396825 1.1220721183448952 -0.21875
v -0.013206820679396825 1.1220721183448952 -0.21875
v 0.01320682067939688 1.0654278816551046 -0.21875
v 0.01320682067939688 1.0654278816551046 -0.21875
v -0.12263508293759601 1.0710448816353033 -0.2511023806378151
v -0.12263508293759601 1.0710448816353033 -0.2511023806378151
v -0.09622144157880225 1.0144006449455127 -0.2511023806378151
v -0.09622144157880225 1.0144006449455127 -0.2511023806378151
vt 0.265625 0.7265625
vt 0.28125 0.7265625
vt 0.28125 0.71875
vt 0.265625 0.71875
vt 0.265625 0.7265625
vt 0.265625 0.7265625
vt 0.265625 0.71875
vt 0.265625 0.71875
vt 0.28125 0.7265625
vt 0.296875 0.7265625
vt 0.296875 0.71875
vt 0.28125 0.71875
vt 0.28125 0.7265625
vt 0.28125 0.7265625
vt 0.28125 0.71875
vt 0.28125 0.71875
vt 0.28125 0.7265625
vt 0.265625 0.7265625
vt 0.265625 0.7265625
vt 0.28125 0.7265625
vt 0.296875 0.7265625
vt 0.28125 0.7265625
vt 0.28125 0.7265625
vt 0.296875 0.7265625
vn 0.23456971600980447 0.10938165494661499 -0.9659258262890682
vn 0.875426098065593 0.4082178936767348 0.25881904510252074
vn -0.23456971600980447 -0.10938165494661499 0.9659258262890682
vn -0.875426098065593 -0.4082178936767348 -0.25881904510252074
vn -0.4226182617406994 0.9063077870366499 1.3877787807814457e-17
vn 0.4226182617406994 -0.9063077870366499 -1.3877787807814457e-17
usemtl m_ad71440e-4a14-ea9f-b633-fe5378009ab6
f 292/868/217 295/867/217 293/866/217 290/865/217
f 291/872/218 292/871/218 290/870/218 289/869/218
f 296/876/219 291/875/219 289/874/219 294/873/219
f 295/880/220 296/879/220 294/878/220 293/877/220
f 294/884/221 289/883/221 290/882/221 293/881/221
f 295/888/222 292/887/222 291/886/222 296/885/222
o bone27
v -0.008088095159453745 1.1239351820715335 -0.21875
v -0.008088095159453745 1.1239351820715335 -0.21875
v 0.0080880951594538 1.0635648179284667 -0.21875
v 0.0080880951594538 1.0635648179284667 -0.21875
v -0.11751635741765284 1.094613967570308 -0.2715772827175874
v -0.11751635741765284 1.094613967570308 -0.2715772827175874
v -0.10134016709874535 1.034243603427241 -0.2715772827175874
v -0.10134016709874535 1.034243603427241 -0.2715772827175874
vt 0.3046875 1
vt 0.3203125 1
vt 0.3203125 0.9921875
vt 0.3046875 0.9921875
vt 0.3046875 1
vt 0.3046875 1
vt 0.3046875 0.9921875
vt 0.3046875 0.9921875
vt 0.3203125 1
vt 0.3359375 1
vt 0.3359375 0.9921875
vt 0.3203125 0.9921875
vt 0.3203125 1
vt 0.3203125 1
vt 0.3203125 0.9921875
vt 0.3203125 0.9921875
vt 0.3203125 1
vt 0.3046875 1
vt 0.3046875 1
vt 0.3203125 1
vt 0.3359375 1
vt 0.3203125 1
vt 0.3203125 1
vt 0.3359375 1
vn 0.4082178936767348 0.10938165494661499 -0.9063077870366499
vn 0.875426098065593 0.23456971600980447 0.4226182617406994
vn -0.4082178936767348 -0.10938165494661499 0.9063077870366499
vn -0.875426098065593 -0.23456971600980447 -0.4226182617406994
vn -0.2588190451025208 0.9659258262890684 1.387778780781446e-17
vn 0.2588190451025208 -0.9659258262890684 -1.387778780781446e-17
usemtl m_ad71440e-4a14-ea9f-b633-fe5378009ab6
f 300/892/223 303/891/223 301/890/223 298/889/223
f 299/896/224 300/895/224 298/894/224 297/893/224
f 304/900/225 299/899/225 297/898/225 302/897/225
f 303/904/226 304/903/226 302/902/226 301/901/226
f 302/908/227 297/907/227 298/906/227 301/905/227
f 303/912/228 300/911/228 299/910/228 304/909/228
o bone29
v -0.002723616960864317 1.124881084315367 -0.21875
v -0.002723616960864317 1.124881084315367 -0.21875
v 0.002723616960864317 1.0626189156846328 -0.21875
v 0.002723616960864317 1.0626189156846328 -0.21875
v -0.10472798239232785 1.1159568587099582 -0.29044705454388076
v -0.10472798239232785 1.1159568587099582 -0.29044705454388076
v -0.09928074847059921 1.0536946900792241 -0.29044705454388076
v -0.09928074847059921 1.0536946900792241 -0.29044705454388076
vt 0.25 0.96875
vt 0.265625 0.96875
vt 0.265625 0.9609375
vt 0.25 0.9609375
vt 0.25 0.96875
vt 0.25 0.96875
vt 0.25 0.9609375
vt 0.25 0.9609375
vt 0.265625 0.96875
vt 0.28125 0.96875
vt 0.28125 0.9609375
vt 0.265625 0.9609375
vt 0.265625 0.96875
vt 0.265625 0.96875
vt 0.265625 0.9609375
vt 0.265625 0.9609375
vt 0.265625 0.96875
vt 0.25 0.96875
vt 0.25 0.96875
vt 0.265625 0.96875
vt 0.28125 0.96875
vt 0.265625 0.96875
vt 0.265625 0.96875
vt 0.28125 0.96875
vn 0.5713938048432697 0.04999048033273031 -0.8191520442889919
vn 0.8160349234517084 0.07139380484326967 0.5735764363510462
vn -0.5713938048432697 -0.04999048033273031 0.8191520442889919
vn -0.8160349234517084 -0.07139380484326967 -0.5735764363510462
vn -0.08715574274765818 0.9961946980917457 -6.938893903907228e-18
vn 0.08715574274765818 -0.9961946980917457 6.938893903907228e-18
usemtl m_ad71440e-4a14-ea9f-b633-fe5378009ab6
f 308/916/229 311/915/229 309/914/229 306/913/229
f 307/920/230 308/919/230 306/918/230 305/917/230
f 312/924/231 307/923/231 305/922/231 310/921/231
f 311/928/232 312/927/232 310/926/232 309/925/232
f 310/932/233 305/931/233 306/930/233 309/929/233
f 311/936/234 308/935/234 307/934/234 312/933/234
o bone2
v 0.12263508293759601 1.0710448816353033 -0.2511023806378151
v 0.12263508293759601 1.0710448816353033 -0.2511023806378151
v 0.09622144157880225 1.0144006449455127 -0.2511023806378151
v 0.09622144157880225 1.0144006449455127 -0.2511023806378151
v 0.013206820679396825 1.1220721183448952 -0.21875
v 0.013206820679396825 1.1220721183448952 -0.21875
v -0.01320682067939688 1.0654278816551046 -0.21875
v -0.01320682067939688 1.0654278816551046 -0.21875
vt 0.2734375 0.953125
vt 0.2890625 0.953125
vt 0.2890625 0.9453125
vt 0.2734375 0.9453125
vt 0.2734375 0.953125
vt 0.2734375 0.953125
vt 0.2734375 0.9453125
vt 0.2734375 0.9453125
vt 0.2890625 0.953125
vt 0.3046875 0.953125
vt 0.3046875 0.9453125
vt 0.2890625 0.9453125
vt 0.2890625 0.953125
vt 0.2890625 0.953125
vt 0.2890625 0.9453125
vt 0.2890625 0.9453125
vt 0.2890625 0.953125
vt 0.2734375 0.953125
vt 0.2734375 0.953125
vt 0.2890625 0.953125
vt 0.3046875 0.953125
vt 0.2890625 0.953125
vt 0.2890625 0.953125
vt 0.3046875 0.953125
vn -0.23456971600980447 0.10938165494661499 -0.9659258262890682
vn 0.875426098065593 -0.4082178936767348 -0.25881904510252074
vn 0.23456971600980447 -0.10938165494661499 0.9659258262890682
vn -0.875426098065593 0.4082178936767348 0.25881904510252074
vn 0.4226182617406994 0.9063077870366499 1.3877787807814457e-17
vn -0.4226182617406994 -0.9063077870366499 -1.3877787807814457e-17
usemtl m_ad71440e-4a14-ea9f-b633-fe5378009ab6
f 316/940/235 319/939/235 317/938/235 314/937/235
f 315/944/236 316/943/236 314/942/236 313/941/236
f 320/948/237 315/947/237 313/946/237 318/945/237
f 319/952/238 320/951/238 318/950/238 317/949/238
f 318/956/239 313/955/239 314/954/239 317/953/239
f 319/960/240 316/959/240 315/958/240 320/957/240
o bone28
v 0.11751635741765284 1.094613967570308 -0.2715772827175874
v 0.11751635741765284 1.094613967570308 -0.2715772827175874
v 0.10134016709874535 1.034243603427241 -0.2715772827175874
v 0.10134016709874535 1.034243603427241 -0.2715772827175874
v 0.008088095159453745 1.1239351820715335 -0.21875
v 0.008088095159453745 1.1239351820715335 -0.21875
v -0.0080880951594538 1.0635648179284667 -0.21875
v -0.0080880951594538 1.0635648179284667 -0.21875
vt 0.1015625 0.984375
vt 0.1171875 0.984375
vt 0.1171875 0.9765625
vt 0.1015625 0.9765625
vt 0.1015625 0.984375
vt 0.1015625 0.984375
vt 0.1015625 0.9765625
vt 0.1015625 0.9765625
vt 0.1171875 0.984375
vt 0.1328125 0.984375
vt 0.1328125 0.9765625
vt 0.1171875 0.9765625
vt 0.1171875 0.984375
vt 0.1171875 0.984375
vt 0.1171875 0.9765625
vt 0.1171875 0.9765625
vt 0.1171875 0.984375
vt 0.1015625 0.984375
vt 0.1015625 0.984375
vt 0.1171875 0.984375
vt 0.1328125 0.984375
vt 0.1171875 0.984375
vt 0.1171875 0.984375
vt 0.1328125 0.984375
vn -0.4082178936767348 0.10938165494661499 -0.9063077870366499
vn 0.875426098065593 -0.23456971600980447 -0.4226182617406994
vn 0.4082178936767348 -0.10938165494661499 0.9063077870366499
vn -0.875426098065593 0.23456971600980447 0.4226182617406994
vn 0.2588190451025208 0.9659258262890684 1.387778780781446e-17
vn -0.2588190451025208 -0.9659258262890684 -1.387778780781446e-17
usemtl m_ad71440e-4a14-ea9f-b633-fe5378009ab6
f 324/964/241 327/963/241 325/962/241 322/961/241
f 323/968/242 324/967/242 322/966/242 321/965/242
f 328/972/243 323/971/243 321/970/243 326/969/243
f 327/976/244 328/975/244 326/974/244 325/973/244
f 326/980/245 321/979/245 322/978/245 325/977/245
f 327/984/246 324/983/246 323/982/246 328/981/246
o bone30
v 0.10472798239232785 1.1159568587099582 -0.29044705454388076
v 0.10472798239232785 1.1159568587099582 -0.29044705454388076
v 0.09928074847059921 1.0536946900792241 -0.29044705454388076
v 0.09928074847059921 1.0536946900792241 -0.29044705454388076
v 0.002723616960864317 1.124881084315367 -0.21875
v 0.002723616960864317 1.124881084315367 -0.21875
v -0.002723616960864317 1.0626189156846328 -0.21875
v -0.002723616960864317 1.0626189156846328 -0.21875
vt 0.1015625 0.96875
vt 0.1171875 0.96875
vt 0.1171875 0.9609375
vt 0.1015625 0.9609375
vt 0.1015625 0.96875
vt 0.1015625 0.96875
vt 0.1015625 0.9609375
vt 0.1015625 0.9609375
vt 0.1171875 0.96875
vt 0.1328125 0.96875
vt 0.1328125 0.9609375
vt 0.1171875 0.9609375
vt 0.1171875 0.96875
vt 0.1171875 0.96875
vt 0.1171875 0.9609375
vt 0.1171875 0.9609375
vt 0.1171875 0.96875
vt 0.1015625 0.96875
vt 0.1015625 0.96875
vt 0.1171875 0.96875
vt 0.1328125 0.96875
vt 0.1171875 0.96875
vt 0.1171875 0.96875
vt 0.1328125 0.96875
vn -0.5713938048432697 0.04999048033273031 -0.8191520442889919
vn 0.8160349234517084 -0.07139380484326967 -0.5735764363510462
vn 0.5713938048432697 -0.04999048033273031 0.8191520442889919
vn -0.8160349234517084 0.07139380484326967 0.5735764363510462
vn 0.08715574274765818 0.9961946980917457 -6.938893903907228e-18
vn -0.08715574274765818 -0.9961946980917457 6.938893903907228e-18
usemtl m_ad71440e-4a14-ea9f-b633-fe5378009ab6
f 332/988/247 335/987/247 333/986/247 330/985/247
f 331/992/248 332/991/248 330/990/248 329/989/248
f 336/996/249 331/995/249 329/994/249 334/993/249
f 335/1000/250 336/999/250 334/998/250 333/997/250
f 334/1004/251 329/1003/251 330/1002/251 333/1001/251
f 335/1008/252 332/1007/252 331/1006/252 336/1005/252
o bone3
v 0.030185182071533423 1.1018380951594537 -0.21875
v 0.030185182071533423 1.1018380951594537 -0.21875
v 0.07797649499231693 0.9234784871786668 -0.25130903331254945
v 0.07797649499231693 0.9234784871786668 -0.25130903331254945
v -0.030185182071533367 1.0856619048405463 -0.21875
v -0.030185182071533367 1.0856619048405463 -0.21875
v 0.017606130849250168 0.9073022968597593 -0.25130903331254945
v 0.017606130849250168 0.9073022968597593 -0.25130903331254945
vt 0.1875 0.765625
vt 0.1953125 0.765625
vt 0.1953125 0.7421875
vt 0.1875 0.7421875
vt 0.1875 0.765625
vt 0.1875 0.765625
vt 0.1875 0.7421875
vt 0.1875 0.7421875
vt 0.1953125 0.765625
vt 0.203125 0.765625
vt 0.203125 0.7421875
vt 0.1953125 0.7421875
vt 0.1953125 0.765625
vt 0.1953125 0.765625
vt 0.1953125 0.7421875
vt 0.1953125 0.7421875
vt 0.1953125 0.765625
vt 0.1875 0.765625
vt 0.1875 0.765625
vt 0.1953125 0.765625
vt 0.203125 0.765625
vt 0.1953125 0.765625
vt 0.1953125 0.765625
vt 0.203125 0.765625
vn -0.04494345552754777 0.16773125949652062 -0.9848077530122081
vn 0.9659258262890683 0.2588190451025207 -6.938893903907228e-18
vn 0.04494345552754777 -0.16773125949652062 0.9848077530122081
vn -0.9659258262890683 -0.2588190451025207 6.938893903907228e-18
vn -0.25488700224417876 0.9512512425641979 0.17364817766693036
vn 0.25488700224417876 -0.9512512425641979 -0.17364817766693036
usemtl m_ad71440e-4a14-ea9f-b633-fe5378009ab6
f 340/1012/253 343/1011/253 341/1010/253 338/1009/253
f 339/1016/254 340/1015/254 338/1014/254 337/1013/254
f 344/1020/255 339/1019/255 337/1018/255 342/1017/255
f 343/1024/256 344/1023/256 342/1022/256 341/1021/256
f 342/1028/257 337/1027/257 338/1026/257 341/1025/257
f 343/1032/258 340/1031/258 339/1030/258 344/1029/258
o bone4
v 0.030185182071533367 1.0856619048405463 -0.21875
v 0.030185182071533367 1.0856619048405463 -0.21875
v -0.017606130849250168 0.9073022968597593 -0.25130903331254945
v -0.017606130849250168 0.9073022968597593 -0.25130903331254945
v -0.030185182071533423 1.1018380951594537 -0.21875
v -0.030185182071533423 1.1018380951594537 -0.21875
v -0.07797649499231693 0.9234784871786668 -0.25130903331254945
v -0.07797649499231693 0.9234784871786668 -0.25130903331254945
vt 0.265625 1
vt 0.2734375 1
vt 0.2734375 0.9765625
vt 0.265625 0.9765625
vt 0.265625 1
vt 0.265625 1
vt 0.265625 0.9765625
vt 0.265625 0.9765625
vt 0.2734375 1
vt 0.28125 1
vt 0.28125 0.9765625
vt 0.2734375 0.9765625
vt 0.2734375 1
vt 0.2734375 1
vt 0.2734375 0.9765625
vt 0.2734375 0.9765625
vt 0.2734375 1
vt 0.265625 1
vt 0.265625 1
vt 0.2734375 1
vt 0.28125 1
vt 0.2734375 1
vt 0.2734375 1
vt 0.28125 1
vn 0.04494345552754777 0.16773125949652062 -0.9848077530122081
vn 0.9659258262890683 -0.2588190451025207 6.938893903907228e-18
vn -0.04494345552754777 -0.16773125949652062 0.9848077530122081
vn -0.9659258262890683 0.2588190451025207 -6.938893903907228e-18
vn 0.25488700224417876 0.9512512425641979 0.17364817766693036
vn -0.25488700224417876 -0.9512512425641979 -0.17364817766693036
usemtl m_ad71440e-4a14-ea9f-b633-fe5378009ab6
f 348/1036/259 351/1035/259 349/1034/259 346/1033/259
f 347/1040/260 348/1039/260 346/1038/260 345/1037/260
f 352/1044/261 347/1043/261 345/1042/261 350/1041/261
f 351/1048/262 352/1047/262 350/1046/262 349/1045/262
f 350/1052/263 345/1051/263 346/1050/263 349/1049/263
f 351/1056/264 348/1055/264 347/1054/264 352/1053/264
o skirt
v 0.21875 0.6875 0.21875
v 0.21875 0.6875 -0.21875
v 0.21875 0.5625 0.21875
v 0.21875 0.5625 -0.21875
v -0.21875 0.6875 -0.21875
v -0.21875 0.6875 0.21875
v -0.21875 0.5625 -0.21875
v -0.21875 0.5625 0.21875
vt 0.0546875 0.59375
vt 0.109375 0.59375
vt 0.109375 0.578125
vt 0.0546875 0.578125
vt 0 0.59375
vt 0.0546875 0.59375
vt 0.0546875 0.578125
vt 0 0.578125
vt 0.1640625 0.59375
vt 0.21875 0.59375
vt 0.21875 0.578125
vt 0.1640625 0.578125
vt 0.109375 0.59375
vt 0.1640625 0.59375
vt 0.1640625 0.578125
vt 0.109375 0.578125
vt 0.109375 0.59375
vt 0.0546875 0.59375
vt 0.0546875 0.6484375
vt 0.109375 0.6484375
vt 0.1640625 0.6484375
vt 0.109375 0.6484375
vt 0.109375 0.59375
vt 0.1640625 0.59375
vn 0 0 -1
vn 1 0 0
vn 0 0 1
vn -1 0 0
vn 0 1 0
vn 0 -1 0
usemtl m_ad71440e-4a14-ea9f-b633-fe5378009ab6
f 356/1060/265 359/1059/265 357/1058/265 354/1057/265
f 355/1064/266 356/1063/266 354/1062/266 353/1061/266
f 360/1068/267 355/1067/267 353/1066/267 358/1065/267
f 359/1072/268 360/1071/268 358/1070/268 357/1069/268
f 358/1076/269 353/1075/269 354/1074/269 357/1073/269
f 359/1080/270 356/1079/270 355/1078/270 360/1077/270
o skirt
v 0.221875 0.690625 0.221875
v 0.221875 0.690625 -0.221875
v 0.221875 0.559375 0.221875
v 0.221875 0.559375 -0.221875
v -0.221875 0.690625 -0.221875
v -0.221875 0.690625 0.221875
v -0.221875 0.559375 -0.221875
v -0.221875 0.559375 0.221875
vt 0.265625 0.3359375
vt 0.3203125 0.3359375
vt 0.3203125 0.3203125
vt 0.265625 0.3203125
vt 0.2109375 0.3359375
vt 0.265625 0.3359375
vt 0.265625 0.3203125
vt 0.2109375 0.3203125
vt 0.375 0.3359375
vt 0.4296875 0.3359375
vt 0.4296875 0.3203125
vt 0.375 0.3203125
vt 0.3203125 0.3359375
vt 0.375 0.3359375
vt 0.375 0.3203125
vt 0.3203125 0.3203125
vt 0.3203125 0.3359375
vt 0.265625 0.3359375
vt 0.265625 0.390625
vt 0.3203125 0.390625
vt 0.375 0.390625
vt 0.3203125 0.390625
vt 0.3203125 0.3359375
vt 0.375 0.3359375
vn 0 0 -1
vn 1 0 0
vn 0 0 1
vn -1 0 0
vn 0 1 0
vn 0 -1 0
usemtl m_ad71440e-4a14-ea9f-b633-fe5378009ab6
f 364/1084/271 367/1083/271 365/1082/271 362/1081/271
f 363/1088/272 364/1087/272 362/1086/272 361/1085/272
f 368/1092/273 363/1091/273 361/1090/273 366/1089/273
f 367/1096/274 368/1095/274 366/1094/274 365/1093/274
f 366/1100/275 361/1099/275 362/1098/275 365/1097/275
f 367/1104/276 364/1103/276 363/1102/276 368/1101/276
o bone49
v 0.15625 0.6607415625717208 0.2180024917145305
v 0.15625 0.6607415625717208 0.2180024917145305
v 0.15625 0.10678720150235366 0.31567959165217885
v 0.15625 0.10678720150235366 0.31567959165217885
v -0.15625 0.6607415625717208 0.2180024917145305
v -0.15625 0.6607415625717208 0.2180024917145305
v -0.15625 0.10678720150235366 0.31567959165217885
v -0.15625 0.10678720150235366 0.31567959165217885
vt 0.2734375 0.46875
vt 0.3125 0.46875
vt 0.3125 0.3984375
vt 0.2734375 0.3984375
vt 0.2734375 0.46875
vt 0.2734375 0.46875
vt 0.2734375 0.3984375
vt 0.2734375 0.3984375
vt 0.3125 0.46875
vt 0.3515625 0.46875
vt 0.3515625 0.3984375
vt 0.3125 0.3984375
vt 0.3125 0.46875
vt 0.3125 0.46875
vt 0.3125 0.3984375
vt 0.3125 0.3984375
vt 0.3125 0.46875
vt 0.2734375 0.46875
vt 0.2734375 0.46875
vt 0.3125 0.46875
vt 0.3515625 0.46875
vt 0.3125 0.46875
vt 0.3125 0.46875
vt 0.3515625 0.46875
vn 0 -0.17364817766693033 -0.984807753012208
vn 1 0 0
vn 0 0.17364817766693033 0.984807753012208
vn -1 0 0
vn 0 0.984807753012208 -0.17364817766693033
vn 0 -0.984807753012208 0.17364817766693033
usemtl m_ad71440e-4a14-ea9f-b633-fe5378009ab6
f 372/1108/277 375/1107/277 373/1106/277 370/1105/277
f 371/1112/278 372/1111/278 370/1110/278 369/1109/278
f 376/1116/279 371/1115/279 369/1114/279 374/1113/279
f 375/1120/280 376/1119/280 374/1118/280 373/1117/280
f 374/1124/281 369/1123/281 370/1122/281 373/1121/281
f 375/1128/282 372/1127/282 371/1126/282 376/1125/282
o bone50
v 0.21524899414325643 0.676346710658605 0.21518741890561882
v 0.21524899414325643 0.676346710658605 0.21518741890561882
v 0.3114859584386208 0.13055998413039982 0.31142434450509393
v 0.3114859584386208 0.13055998413039982 0.31142434450509393
v 0.06130278121804893 0.6500203471684844 0.21982946709286533
v 0.06130278121804893 0.6500203471684844 0.21982946709286533
v 0.15753974551341327 0.1042336206402793 0.31606639269234044
v 0.15753974551341327 0.1042336206402793 0.31606639269234044
vt 0.6015625 0.6953125
vt 0.6171875 0.6953125
vt 0.6171875 0.625
vt 0.6015625 0.625
vt 0.6015625 0.6953125
vt 0.6015625 0.6953125
vt 0.6015625 0.625
vt 0.6015625 0.625
vt 0.6171875 0.6953125
vt 0.6328125 0.6953125
vt 0.6328125 0.625
vt 0.6171875 0.625
vt 0.6171875 0.6953125
vt 0.6171875 0.6953125
vt 0.6171875 0.625
vt 0.6171875 0.625
vt 0.6171875 0.6953125
vt 0.6015625 0.6953125
vt 0.6015625 0.6953125
vt 0.6171875 0.6953125
vt 0.6328125 0.6953125
vt 0.6171875 0.6953125
vt 0.6171875 0.6953125
vt 0.6328125 0.6953125
vn 0 -0.1736481776669303 -0.984807753012208
vn 0.9852557627213282 0.1684887263367713 -0.029709108398377704
vn 0 0.1736481776669303 0.984807753012208
vn -0.9852557627213282 -0.1684887263367713 0.029709108398377704
vn -0.17108793652509213 0.9702875138279203 -0.17108786773240015
vn 0.17108793652509213 -0.9702875138279203 0.17108786773240015
usemtl m_ad71440e-4a14-ea9f-b633-fe5378009ab6
f 380/1132/283 383/1131/283 381/1130/283 378/1129/283
f 379/1136/284 380/1135/284 378/1134/284 377/1133/284
f 384/1140/285 379/1139/285 377/1138/285 382/1137/285
f 383/1144/286 384/1143/286 382/1142/286 381/1141/286
f 382/1148/287 377/1147/287 378/1146/287 381/1145/287
f 383/1152/288 380/1151/288 379/1150/288 384/1149/288
o bone51
v -0.06130278121804893 0.650042053190693 0.21995256806199187
v -0.06130278121804893 0.650042053190693 0.21995256806199187
v -0.15753974551341327 0.10425532666248766 0.316189493661467
v -0.15753974551341327 0.10425532666248766 0.316189493661467
v -0.21524899414325643 0.6763684166808135 0.21531051987474537
v -0.21524899414325643 0.6763684166808135 0.21531051987474537
v -0.3114859584386208 0.13058169015260818 0.3115474454742204
v -0.3114859584386208 0.13058169015260818 0.3115474454742204
vt 0.0625 0.421875
vt 0.078125 0.421875
vt 0.078125 0.3515625
vt 0.0625 0.3515625
vt 0.0625 0.421875
vt 0.0625 0.421875
vt 0.0625 0.3515625
vt 0.0625 0.3515625
vt 0.078125 0.421875
vt 0.09375 0.421875
vt 0.09375 0.3515625
vt 0.078125 0.3515625
vt 0.078125 0.421875
vt 0.078125 0.421875
vt 0.078125 0.3515625
vt 0.078125 0.3515625
vt 0.078125 0.421875
vt 0.0625 0.421875
vt 0.0625 0.421875
vt 0.078125 0.421875
vt 0.09375 0.421875
vt 0.078125 0.421875
vt 0.078125 0.421875
vt 0.09375 0.421875
vn 0 -0.1736481776669303 -0.984807753012208
vn 0.9852557627213282 -0.1684887263367713 0.029709108398377704
vn 0 0.1736481776669303 0.984807753012208
vn -0.9852557627213282 0.1684887263367713 -0.029709108398377704
vn 0.17108793652509213 0.9702875138279203 -0.17108786773240015
vn -0.17108793652509213 -0.9702875138279203 0.17108786773240015
usemtl m_ad71440e-4a14-ea9f-b633-fe5378009ab6
f 388/1156/289 391/1155/289 389/1154/289 386/1153/289
f 387/1160/290 388/1159/290 386/1158/290 385/1157/290
f 392/1164/291 387/1163/291 385/1162/291 390/1161/291
f 391/1168/292 392/1167/292 390/1166/292 389/1165/292
f 390/1172/293 385/1171/293 386/1170/293 389/1169/293
f 391/1176/294 388/1175/294 387/1174/294 392/1173/294
o bone53
v 0.21800249171453054 0.6607415625717208 -0.15624999999999997
v 0.21800249171453054 0.6607415625717208 -0.15624999999999997
v 0.31567959165217885 0.10678720150235366 -0.15624999999999994
v 0.31567959165217885 0.10678720150235366 -0.15624999999999994
v 0.21800249171453048 0.6607415625717208 0.15625000000000003
v 0.21800249171453048 0.6607415625717208 0.15625000000000003
v 0.31567959165217885 0.10678720150235366 0.15625000000000006
v 0.31567959165217885 0.10678720150235366 0.15625000000000006
vt 0.09375 0.4453125
vt 0.1328125 0.4453125
vt 0.1328125 0.375
vt 0.09375 0.375
vt 0.09375 0.4453125
vt 0.09375 0.4453125
vt 0.09375 0.375
vt 0.09375 0.375
vt 0.1328125 0.4453125
vt 0.171875 0.4453125
vt 0.171875 0.375
vt 0.1328125 0.375
vt 0.1328125 0.4453125
vt 0.1328125 0.4453125
vt 0.1328125 0.375
vt 0.1328125 0.375
vt 0.1328125 0.4453125
vt 0.09375 0.4453125
vt 0.09375 0.4453125
vt 0.1328125 0.4453125
vt 0.171875 0.4453125
vt 0.1328125 0.4453125
vt 0.1328125 0.4453125
vt 0.171875 0.4453125
vn -0.984807753012208 -0.17364817766693033 -2.1867124844470354e-16
vn 2.220446049250313e-16 0 -1
vn 0.984807753012208 0.17364817766693033 2.1867124844470354e-16
vn -2.220446049250313e-16 0 1
vn -0.17364817766693033 0.984807753012208 -3.855764100600519e-17
vn 0.17364817766693033 -0.984807753012208 3.855764100600519e-17
usemtl m_ad71440e-4a14-ea9f-b633-fe5378009ab6
f 396/1180/295 399/1179/295 397/1178/295 394/1177/295
f 395/1184/296 396/1183/296 394/1182/296 393/1181/296
f 400/1188/297 395/1187/297 393/1186/297 398/1185/297
f 399/1192/298 400/1191/298 398/1190/298 397/1189/298
f 398/1196/299 393/1195/299 394/1194/299 397/1193/299
f 399/1200/300 396/1199/300 395/1198/300 400/1197/300
o bone54
v 0.21518741890561888 0.676346710658605 -0.21524899414325643
v 0.21518741890561888 0.676346710658605 -0.21524899414325643
v 0.31142434450509393 0.13055998413039982 -0.31148595843862076
v 0.31142434450509393 0.13055998413039982 -0.31148595843862076
v 0.21982946709286533 0.6500203471684844 -0.06130278121804889
v 0.21982946709286533 0.6500203471684844 -0.06130278121804889
v 0.31606639269234044 0.1042336206402793 -0.1575397455134132
v 0.31606639269234044 0.1042336206402793 -0.1575397455134132
vt 0.03125 0.421875
vt 0.046875 0.421875
vt 0.046875 0.3515625
vt 0.03125 0.3515625
vt 0.03125 0.421875
vt 0.03125 0.421875
vt 0.03125 0.3515625
vt 0.03125 0.3515625
vt 0.046875 0.421875
vt 0.0625 0.421875
vt 0.0625 0.3515625
vt 0.046875 0.3515625
vt 0.046875 0.421875
vt 0.046875 0.421875
vt 0.046875 0.3515625
vt 0.046875 0.3515625
vt 0.046875 0.421875
vt 0.03125 0.421875
vt 0.03125 0.421875
vt 0.046875 0.421875
vt 0.0625 0.421875
vt 0.046875 0.421875
vt 0.046875 0.421875
vt 0.0625 0.421875
vn -0.984807753012208 -0.1736481776669303 -2.185751579730777e-16
vn -0.02970910839837749 0.16848872633677128 -0.9852557627213282
vn 0.984807753012208 0.1736481776669303 2.185751579730777e-16
vn 0.02970910839837749 -0.16848872633677128 0.9852557627213282
vn -0.1710878677324002 0.9702875138279206 0.1710879365250921
vn 0.1710878677324002 -0.9702875138279206 -0.1710879365250921
usemtl m_ad71440e-4a14-ea9f-b633-fe5378009ab6
f 404/1204/301 407/1203/301 405/1202/301 402/1201/301
f 403/1208/302 404/1207/302 402/1206/302 401/1205/302
f 408/1212/303 403/1211/303 401/1210/303 406/1209/303
f 407/1216/304 408/1215/304 406/1214/304 405/1213/304
f 406/1220/305 401/1219/305 402/1218/305 405/1217/305
f 407/1224/306 404/1223/306 403/1222/306 408/1221/306
o bone55
v 0.21995256806199187 0.650042053190693 0.061302781218048975
v 0.21995256806199187 0.650042053190693 0.061302781218048975
v 0.3161894936614669 0.10425532666248766 0.15753974551341332
v 0.3161894936614669 0.10425532666248766 0.15753974551341332
v 0.2153105198747453 0.6763684166808135 0.2152489941432565
v 0.2153105198747453 0.6763684166808135 0.2152489941432565
v 0.3115474454742204 0.13058169015260818 0.3114859584386208
v 0.3115474454742204 0.13058169015260818 0.3114859584386208
vt 0 0.421875
vt 0.015625 0.421875
vt 0.015625 0.3515625
vt 0 0.3515625
vt 0 0.421875
vt 0 0.421875
vt 0 0.3515625
vt 0 0.3515625
vt 0.015625 0.421875
vt 0.03125 0.421875
vt 0.03125 0.3515625
vt 0.015625 0.3515625
vt 0.015625 0.421875
vt 0.015625 0.421875
vt 0.015625 0.3515625
vt 0.015625 0.3515625
vt 0.015625 0.421875
vt 0 0.421875
vt 0 0.421875
vt 0.015625 0.421875
vt 0.03125 0.421875
vt 0.015625 0.421875
vt 0.015625 0.421875
vt 0.03125 0.421875
vn -0.984807753012208 -0.17364817766693033 -2.1510571102112408e-16
vn 0.029709108398377922 -0.16848872633677128 -0.9852557627213282
vn 0.984807753012208 0.17364817766693033 2.1510571102112408e-16
vn -0.029709108398377922 0.16848872633677128 0.9852557627213282
vn -0.17108786773240012 0.9702875138279203 -0.17108793652509216
vn 0.17108786773240012 -0.9702875138279203 0.17108793652509216
usemtl m_ad71440e-4a14-ea9f-b633-fe5378009ab6
f 412/1228/307 415/1227/307 413/1226/307 410/1225/307
f 411/1232/308 412/1231/308 410/1230/308 409/1229/308
f 416/1236/309 411/1235/309 409/1234/309 414/1233/309
f 415/1240/310 416/1239/310 414/1238/310 413/1237/310
f 414/1244/311 409/1243/311 410/1242/311 413/1241/311
f 415/1248/312 412/1247/312 411/1246/312 416/1245/312
o bone57
v -0.1875 0.6607415625717208 -0.21800249171453054
v -0.1875 0.6607415625717208 -0.21800249171453054
v -0.18749999999999997 0.10678720150235366 -0.31567959165217885
v -0.18749999999999997 0.10678720150235366 -0.31567959165217885
v 0.1875 0.6607415625717208 -0.21800249171453048
v 0.1875 0.6607415625717208 -0.21800249171453048
v 0.18750000000000003 0.10678720150235366 -0.31567959165217885
v 0.18750000000000003 0.10678720150235366 -0.31567959165217885
vt 0.484375 0.40625
vt 0.53125 0.40625
vt 0.53125 0.3359375
vt 0.484375 0.3359375
vt 0.484375 0.40625
vt 0.484375 0.40625
vt 0.484375 0.3359375
vt 0.484375 0.3359375
vt 0.53125 0.40625
vt 0.578125 0.40625
vt 0.578125 0.3359375
vt 0.53125 0.3359375
vt 0.53125 0.40625
vt 0.53125 0.40625
vt 0.53125 0.3359375
vt 0.53125 0.3359375
vt 0.53125 0.40625
vt 0.484375 0.40625
vt 0.484375 0.40625
vt 0.53125 0.40625
vt 0.578125 0.40625
vt 0.53125 0.40625
vt 0.53125 0.40625
vt 0.578125 0.40625
vn -1.2060416625018976e-16 -0.17364817766693033 0.984807753012208
vn -1 0 -1.2246467991473532e-16
vn 1.2060416625018976e-16 0.17364817766693033 -0.984807753012208
vn 1 0 1.2246467991473532e-16
vn -2.1265768495757713e-17 0.984807753012208 0.17364817766693033
vn 2.1265768495757713e-17 -0.984807753012208 -0.17364817766693033
usemtl m_ad71440e-4a14-ea9f-b633-fe5378009ab6
f 420/1252/313 423/1251/313 421/1250/313 418/1249/313
f 419/1256/314 420/1255/314 418/1254/314 417/1253/314
f 424/1260/315 419/1259/315 417/1258/315 422/1257/315
f 423/1264/316 424/1263/316 422/1262/316 421/1261/316
f 422/1268/317 417/1267/317 418/1266/317 421/1265/317
f 423/1272/318 420/1271/318 419/1270/318 424/1269/318
o bone8
v -0.21524899414325646 0.6766180359362097 -0.21672618101970043
v -0.21524899414325646 0.6766180359362097 -0.21672618101970043
v -0.31148595843862076 0.1308313094080044 -0.31296310661917554
v -0.31148595843862076 0.1308313094080044 -0.31296310661917554
v -0.09209202380309042 0.6555569451441132 -0.22043981956949765
v -0.09209202380309042 0.6555569451441132 -0.22043981956949765
v -0.18832898809845475 0.10977021861590797 -0.31667674516897276
v -0.18832898809845475 0.10977021861590797 -0.31667674516897276
vt 0.4765625 0.4765625
vt 0.4921875 0.4765625
vt 0.4921875 0.40625
vt 0.4765625 0.40625
vt 0.4765625 0.4765625
vt 0.4765625 0.4765625
vt 0.4765625 0.40625
vt 0.4765625 0.40625
vt 0.4921875 0.4765625
vt 0.5078125 0.4765625
vt 0.5078125 0.40625
vt 0.4921875 0.40625
vt 0.4921875 0.4765625
vt 0.4921875 0.4765625
vt 0.4921875 0.40625
vt 0.4921875 0.40625
vt 0.4921875 0.4765625
vt 0.4765625 0.4765625
vt 0.4765625 0.4765625
vt 0.4921875 0.4765625
vt 0.5078125 0.4765625
vt 0.4921875 0.4765625
vt 0.4921875 0.4765625
vt 0.5078125 0.4765625
vn -1.214306433183765e-16 -0.17364817766693033 0.984807753012208
vn -0.9852557627213282 0.1684887263367713 0.029709108398377582
vn 1.214306433183765e-16 0.17364817766693033 -0.984807753012208
vn 0.9852557627213282 -0.1684887263367713 -0.029709108398377582
vn 0.1710879365250921 0.9702875138279203 0.17108786773240017
vn -0.1710879365250921 -0.9702875138279203 -0.17108786773240017
usemtl m_ad71440e-4a14-ea9f-b633-fe5378009ab6
f 428/1276/319 431/1275/319 429/1274/319 426/1273/319
f 427/1280/320 428/1279/320 426/1278/320 425/1277/320
f 432/1284/321 427/1283/321 425/1282/321 430/1281/321
f 431/1288/322 432/1287/322 430/1286/322 429/1285/322
f 430/1292/323 425/1291/323 426/1290/323 429/1289/323
f 431/1296/324 428/1295/324 427/1294/324 432/1293/324
o bone9
v 0.0920920736080805 0.6553075922229523 -0.21902411146263098
v 0.0920920736080805 0.6553075922229523 -0.21902411146263098
v 0.18832903790344482 0.10952086569474717 -0.31526103706210606
v 0.18832903790344482 0.10952086569474717 -0.31526103706210606
v 0.21524904394824648 0.6763686830150488 -0.21531047291283376
v 0.21524904394824648 0.6763686830150488 -0.21531047291283376
v 0.31148600824361083 0.1305819564868436 -0.31154739851230884
v 0.31148600824361083 0.1305819564868436 -0.31154739851230884
vt 0.4453125 0.4765625
vt 0.4609375 0.4765625
vt 0.4609375 0.40625
vt 0.4453125 0.40625
vt 0.4453125 0.4765625
vt 0.4453125 0.4765625
vt 0.4453125 0.40625
vt 0.4453125 0.40625
vt 0.4609375 0.4765625
vt 0.4765625 0.4765625
vt 0.4765625 0.40625
vt 0.4609375 0.40625
vt 0.4609375 0.4765625
vt 0.4609375 0.4765625
vt 0.4609375 0.40625
vt 0.4609375 0.40625
vt 0.4609375 0.4765625
vt 0.4453125 0.4765625
vt 0.4453125 0.4765625
vt 0.4609375 0.4765625
vt 0.4765625 0.4765625
vt 0.4609375 0.4765625
vt 0.4609375 0.4765625
vt 0.4765625 0.4765625
vn -1.214306433183765e-16 -0.1736481776669303 0.984807753012208
vn -0.9852557627213282 -0.1684887263367713 -0.02970910839837783
vn 1.214306433183765e-16 0.1736481776669303 -0.984807753012208
vn 0.9852557627213282 0.1684887263367713 0.02970910839837783
vn -0.1710879365250922 0.9702875138279206 0.17108786773240017
vn 0.1710879365250922 -0.9702875138279206 -0.17108786773240017
usemtl m_ad71440e-4a14-ea9f-b633-fe5378009ab6
f 436/1300/325 439/1299/325 437/1298/325 434/1297/325
f 435/1304/326 436/1303/326 434/1302/326 433/1301/326
f 440/1308/327 435/1307/327 433/1306/327 438/1305/327
f 439/1312/328 440/1311/328 438/1310/328 437/1309/328
f 438/1316/329 433/1315/329 434/1314/329 437/1313/329
f 439/1320/330 436/1319/330 435/1318/330 440/1317/330
o bone10
v -0.15624999999999997 0.6607418658466924 -0.20550252156674237
v -0.15624999999999997 0.6607418658466924 -0.20550252156674237
v -0.15624999999999994 0.1683379893405883 -0.2923266104002076
v -0.15624999999999994 0.1683379893405883 -0.2923266104002076
v 0.15625000000000003 0.6607418658466924 -0.20550252156674237
v 0.15625000000000003 0.6607418658466924 -0.20550252156674237
v 0.15625000000000006 0.1683379893405883 -0.2923266104002075
v 0.15625000000000006 0.1683379893405883 -0.2923266104002075
vt 0 1
vt 0.0390625 1
vt 0.0390625 0.9375
vt 0 0.9375
vt 0 1
vt 0 1
vt 0 0.9375
vt 0 0.9375
vt 0.0390625 1
vt 0.078125 1
vt 0.078125 0.9375
vt 0.0390625 0.9375
vt 0.0390625 1
vt 0.0390625 1
vt 0.0390625 0.9375
vt 0.0390625 0.9375
vt 0.0390625 1
vt 0 1
vt 0 1
vt 0.0390625 1
vt 0.078125 1
vt 0.0390625 1
vt 0.0390625 1
vt 0.078125 1
vn -1.2060416625018976e-16 -0.17364817766693033 0.984807753012208
vn -1 0 -1.2246467991473532e-16
vn 1.2060416625018976e-16 0.17364817766693033 -0.984807753012208
vn 1 0 1.2246467991473532e-16
vn -2.1265768495757713e-17 0.984807753012208 0.17364817766693033
vn 2.1265768495757713e-17 -0.984807753012208 -0.17364817766693033
usemtl m_ad71440e-4a14-ea9f-b633-fe5378009ab6
f 444/1324/331 447/1323/331 445/1322/331 442/1321/331
f 443/1328/332 444/1327/332 442/1326/332 441/1325/332
f 448/1332/333 443/1331/333 441/1330/333 446/1329/333
f 447/1336/334 448/1335/334 446/1334/334 445/1333/334
f 446/1340/335 441/1339/335 442/1338/335 445/1337/335
f 447/1344/336 444/1343/336 443/1342/336 448/1341/336
o bone61
v -0.21800249171453054 0.6607415625717208 0.15624999999999997
v -0.21800249171453054 0.6607415625717208 0.15624999999999997
v -0.31567959165217885 0.10678720150235366 0.15624999999999994
v -0.31567959165217885 0.10678720150235366 0.15624999999999994
v -0.21800249171453048 0.6607415625717208 -0.15625000000000003
v -0.21800249171453048 0.6607415625717208 -0.15625000000000003
v -0.31567959165217885 0.10678720150235366 -0.15625000000000006
v -0.31567959165217885 0.10678720150235366 -0.15625000000000006
vt 0.546875 0.765625
vt 0.5859375 0.765625
vt 0.5859375 0.6953125
vt 0.546875 0.6953125
vt 0.546875 0.765625
vt 0.546875 0.765625
vt 0.546875 0.6953125
vt 0.546875 0.6953125
vt 0.5859375 0.765625
vt 0.625 0.765625
vt 0.625 0.6953125
vt 0.5859375 0.6953125
vt 0.5859375 0.765625
vt 0.5859375 0.765625
vt 0.5859375 0.6953125
vt 0.5859375 0.6953125
vt 0.5859375 0.765625
vt 0.546875 0.765625
vt 0.546875 0.765625
vt 0.5859375 0.765625
vt 0.625 0.765625
vt 0.5859375 0.765625
vt 0.5859375 0.765625
vt 0.625 0.765625
vn 0.984807753012208 -0.17364817766693033 2.1867124844470354e-16
vn -2.220446049250313e-16 0 1
vn -0.984807753012208 0.17364817766693033 -2.1867124844470354e-16
vn 2.220446049250313e-16 0 -1
vn 0.17364817766693033 0.984807753012208 3.855764100600519e-17
vn -0.17364817766693033 -0.984807753012208 -3.855764100600519e-17
usemtl m_ad71440e-4a14-ea9f-b633-fe5378009ab6
f 452/1348/337 455/1347/337 453/1346/337 450/1345/337
f 451/1352/338 452/1351/338 450/1350/338 449/1349/338
f 456/1356/339 451/1355/339 449/1354/339 454/1353/339
f 455/1360/340 456/1359/340 454/1358/340 453/1357/340
f 454/1364/341 449/1363/341 450/1362/341 453/1361/341
f 455/1368/342 452/1367/342 451/1366/342 456/1365/342
o bone62
v -0.21518741890561888 0.676346710658605 0.21524899414325643
v -0.21518741890561888 0.676346710658605 0.21524899414325643
v -0.31142434450509393 0.13055998413039982 0.31148595843862076
v -0.31142434450509393 0.13055998413039982 0.31148595843862076
v -0.22020083094784507 0.6479142380892748 0.04898708418403228
v -0.22020083094784507 0.6479142380892748 0.04898708418403228
v -0.31643775654732015 0.10212751156106964 0.1452240484793966
v -0.31643775654732015 0.10212751156106964 0.1452240484793966
vt 0.5390625 0.4765625
vt 0.5546875 0.4765625
vt 0.5546875 0.40625
vt 0.5390625 0.40625
vt 0.5390625 0.4765625
vt 0.5390625 0.4765625
vt 0.5390625 0.40625
vt 0.5390625 0.40625
vt 0.5546875 0.4765625
vt 0.5703125 0.4765625
vt 0.5703125 0.40625
vt 0.5546875 0.40625
vt 0.5546875 0.4765625
vt 0.5546875 0.4765625
vt 0.5546875 0.40625
vt 0.5546875 0.40625
vt 0.5546875 0.4765625
vt 0.5390625 0.4765625
vt 0.5390625 0.4765625
vt 0.5546875 0.4765625
vt 0.5703125 0.4765625
vt 0.5546875 0.4765625
vt 0.5546875 0.4765625
vt 0.5703125 0.4765625
vn 0.984807753012208 -0.1736481776669303 2.185751579730777e-16
vn 0.02970910839837749 0.16848872633677128 0.9852557627213282
vn -0.984807753012208 0.1736481776669303 -2.185751579730777e-16
vn -0.02970910839837749 -0.16848872633677128 -0.9852557627213282
vn 0.1710878677324002 0.9702875138279206 -0.1710879365250921
vn -0.1710878677324002 -0.9702875138279206 0.1710879365250921
usemtl m_ad71440e-4a14-ea9f-b633-fe5378009ab6
f 460/1372/343 463/1371/343 461/1370/343 458/1369/343
f 459/1376/344 460/1375/344 458/1374/344 457/1373/344
f 464/1380/345 459/1379/345 457/1378/345 462/1377/345
f 463/1384/346 464/1383/346 462/1382/346 461/1381/346
f 462/1388/347 457/1387/347 458/1386/347 461/1385/347
f 463/1392/348 460/1391/348 459/1390/348 464/1389/348
o bone63
v -0.21995256806199187 0.650042053190693 -0.061302781218048975
v -0.21995256806199187 0.650042053190693 -0.061302781218048975
v -0.3161894936614669 0.10425532666248766 -0.15753974551341332
v -0.3161894936614669 0.10425532666248766 -0.15753974551341332
v -0.2149391560197656 0.6784745257600231 -0.22756469117727307
v -0.2149391560197656 0.6784745257600231 -0.22756469117727307
v -0.31117608161924065 0.1326877992318178 -0.3238016554726374
v -0.31117608161924065 0.1326877992318178 -0.3238016554726374
vt 0.5078125 0.4765625
vt 0.5234375 0.4765625
vt 0.5234375 0.40625
vt 0.5078125 0.40625
vt 0.5078125 0.4765625
vt 0.5078125 0.4765625
vt 0.5078125 0.40625
vt 0.5078125 0.40625
vt 0.5234375 0.4765625
vt 0.5390625 0.4765625
vt 0.5390625 0.40625
vt 0.5234375 0.40625
vt 0.5234375 0.4765625
vt 0.5234375 0.4765625
vt 0.5234375 0.40625
vt 0.5234375 0.40625
vt 0.5234375 0.4765625
vt 0.5078125 0.4765625
vt 0.5078125 0.4765625
vt 0.5234375 0.4765625
vt 0.5390625 0.4765625
vt 0.5234375 0.4765625
vt 0.5234375 0.4765625
vt 0.5390625 0.4765625
vn 0.984807753012208 -0.17364817766693033 2.1510571102112408e-16
vn -0.029709108398377922 -0.16848872633677128 0.9852557627213282
vn -0.984807753012208 0.17364817766693033 -2.1510571102112408e-16
vn 0.029709108398377922 0.16848872633677128 -0.9852557627213282
vn 0.17108786773240012 0.9702875138279203 0.17108793652509216
vn -0.17108786773240012 -0.9702875138279203 -0.17108793652509216
usemtl m_ad71440e-4a14-ea9f-b633-fe5378009ab6
f 468/1396/349 471/1395/349 469/1394/349 466/1393/349
f 467/1400/350 468/1399/350 466/1398/350 465/1397/350
f 472/1404/351 467/1403/351 465/1402/351 470/1401/351
f 471/1408/352 472/1407/352 470/1406/352 469/1405/352
f 470/1412/353 465/1411/353 466/1410/353 469/1409/353
f 471/1416/354 468/1415/354 467/1414/354 472/1413/354
o clothLeft
v -0.07543641047620497 1.1778211432709207 0.2186875
v -0.07543641047620497 1.1778211432709207 -0.2188125
v 0.010068625355212135 0.9428979880744436 0.2186875
v 0.010068625355212135 0.9428979880744436 -0.2188125
v -0.4278211432709207 1.0495635895237951 -0.2188125
v -0.4278211432709207 1.0495635895237951 0.2186875
v -0.3423161074395036 0.8146404343273178 -0.2188125
v -0.3423161074395036 0.8146404343273178 0.2186875
vt 0.3359375 0.9453125
vt 0.3828125 0.9453125
vt 0.3828125 0.9140625
vt 0.3359375 0.9140625
vt 0.28125 0.9453125
vt 0.3359375 0.9453125
vt 0.3359375 0.9140625
vt 0.28125 0.9140625
vt 0.4375 0.9453125
vt 0.484375 0.9453125
vt 0.484375 0.9140625
vt 0.4375 0.9140625
vt 0.3828125 0.9453125
vt 0.4375 0.9453125
vt 0.4375 0.9140625
vt 0.3828125 0.9140625
vt 0.3828125 0.9453125
vt 0.3359375 0.9453125
vt 0.3359375 1
vt 0.3828125 1
vt 0.4296875 1
vt 0.3828125 1
vt 0.3828125 0.9453125
vt 0.4296875 0.9453125
vn 0 0 -1
vn 0.9396926207859084 0.34202014332566866 0
vn 0 0 1
vn -0.9396926207859084 -0.34202014332566866 0
vn -0.34202014332566866 0.9396926207859084 0
vn 0.34202014332566866 -0.9396926207859084 0
usemtl m_ad71440e-4a14-ea9f-b633-fe5378009ab6
f 476/1420/355 479/1419/355 477/1418/355 474/1417/355
f 475/1424/356 476/1423/356 474/1422/356 473/1421/356
f 480/1428/357 475/1427/357 473/1426/357 478/1425/357
f 479/1432/358 480/1431/358 478/1430/358 477/1429/358
f 478/1436/359 473/1435/359 474/1434/359 477/1433/359
f 479/1440/360 476/1439/360 475/1438/360 480/1437/360
o clothRight
v 0.4278211432709207 1.0495635895237951 0.2186875
v 0.4278211432709207 1.0495635895237951 -0.2188125
v 0.3423161074395036 0.8146404343273178 0.2186875
v 0.3423161074395036 0.8146404343273178 -0.2188125
v 0.07543641047620497 1.1778211432709207 -0.2188125
v 0.07543641047620497 1.1778211432709207 0.2186875
v -0.010068625355212135 0.9428979880744436 -0.2188125
v -0.010068625355212135 0.9428979880744436 0.2186875
vt 0.1328125 0.9453125
vt 0.1796875 0.9453125
vt 0.1796875 0.9140625
vt 0.1328125 0.9140625
vt 0.078125 0.9453125
vt 0.1328125 0.9453125
vt 0.1328125 0.9140625
vt 0.078125 0.9140625
vt 0.234375 0.9453125
vt 0.28125 0.9453125
vt 0.28125 0.9140625
vt 0.234375 0.9140625
vt 0.1796875 0.9453125
vt 0.234375 0.9453125
vt 0.234375 0.9140625
vt 0.1796875 0.9140625
vt 0.1796875 0.9453125
vt 0.1328125 0.9453125
vt 0.1328125 1
vt 0.1796875 1
vt 0.2265625 1
vt 0.1796875 1
vt 0.1796875 0.9453125
vt 0.2265625 0.9453125
vn 0 0 -1
vn 0.9396926207859084 -0.34202014332566866 0
vn 0 0 1
vn -0.9396926207859084 0.34202014332566866 0
vn 0.34202014332566866 0.9396926207859084 0
vn -0.34202014332566866 -0.9396926207859084 0
usemtl m_ad71440e-4a14-ea9f-b633-fe5378009ab6
f 484/1444/361 487/1443/361 485/1442/361 482/1441/361
f 483/1448/362 484/1447/362 482/1446/362 481/1445/362
f 488/1452/363 483/1451/363 481/1450/363 486/1449/363
f 487/1456/364 488/1455/364 486/1454/364 485/1453/364
f 486/1460/365 481/1459/365 482/1458/365 485/1457/365
f 487/1464/366 484/1463/366 483/1462/366 488/1461/366
o legLeft
v -0.015625 0.5625 0.09375
v -0.015625 0.5625 -0.09375
v -0.015625 0 0.09375
v -0.015625 0 -0.09375
v -0.203125 0.5625 -0.09375
v -0.203125 0.5625 0.09375
v -0.203125 0 -0.09375
v -0.203125 0 0.09375
vt 0.0234375 0.5546875
vt 0.046875 0.5546875
vt 0.046875 0.484375
vt 0.0234375 0.484375
vt 0 0.5546875
vt 0.0234375 0.5546875
vt 0.0234375 0.484375
vt 0 0.484375
vt 0.0703125 0.5546875
vt 0.09375 0.5546875
vt 0.09375 0.484375
vt 0.0703125 0.484375
vt 0.046875 0.5546875
vt 0.0703125 0.5546875
vt 0.0703125 0.484375
vt 0.046875 0.484375
vt 0.046875 0.5546875
vt 0.0234375 0.5546875
vt 0.0234375 0.578125
vt 0.046875 0.578125
vt 0.0703125 0.578125
vt 0.046875 0.578125
vt 0.046875 0.5546875
vt 0.0703125 0.5546875
vn 0 0 -1
vn 1 0 0
vn 0 0 1
vn -1 0 0
vn 0 1 0
vn 0 -1 0
usemtl m_ad71440e-4a14-ea9f-b633-fe5378009ab6
f 492/1468/367 495/1467/367 493/1466/367 490/1465/367
f 491/1472/368 492/1471/368 490/1470/368 489/1469/368
f 496/1476/369 491/1475/369 489/1474/369 494/1473/369
f 495/1480/370 496/1479/370 494/1478/370 493/1477/370
f 494/1484/371 489/1483/371 490/1482/371 493/1481/371
f 495/1488/372 492/1487/372 491/1486/372 496/1485/372
o bone36
v -0.032765704065690515 0.16919389164514714 -0.09375
v -0.032765704065690515 0.16919389164514714 -0.15625
v -0.04894189438459806 0.10882352750208035 -0.09375
v -0.04894189438459806 0.10882352750208035 -0.15625
v -0.09313606820875725 0.1853700819640547 -0.15625
v -0.09313606820875725 0.1853700819640547 -0.09375
v -0.1093122585276648 0.1249997178209879 -0.15625
v -0.1093122585276648 0.1249997178209879 -0.09375
vt 0.234375 0.9609375
vt 0.2421875 0.9609375
vt 0.2421875 0.953125
vt 0.234375 0.953125
vt 0.2265625 0.9609375
vt 0.234375 0.9609375
vt 0.234375 0.953125
vt 0.2265625 0.953125
vt 0.25 0.9609375
vt 0.2578125 0.9609375
vt 0.2578125 0.953125
vt 0.25 0.953125
vt 0.2421875 0.9609375
vt 0.25 0.9609375
vt 0.25 0.953125
vt 0.2421875 0.953125
vt 0.2421875 0.9609375
vt 0.234375 0.9609375
vt 0.234375 0.96875
vt 0.2421875 0.96875
vt 0.25 0.96875
vt 0.2421875 0.96875
vt 0.2421875 0.9609375
vt 0.25 0.9609375
vn 0 0 -1
vn 0.9659258262890683 -0.25881904510252074 0
vn 0 0 1
vn -0.9659258262890683 0.25881904510252074 0
vn 0.25881904510252074 0.9659258262890683 0
vn -0.25881904510252074 -0.9659258262890683 0
usemtl m_ad71440e-4a14-ea9f-b633-fe5378009ab6
f 500/1492/373 503/1491/373 501/1490/373 498/1489/373
f 499/1496/374 500/1495/374 498/1494/374 497/1493/374
f 504/1500/375 499/1499/375 497/1498/375 502/1497/375
f 503/1504/376 504/1503/376 502/1502/376 501/1501/376
f 502/1508/377 497/1507/377 498/1506/377 501/1505/377
f 503/1512/378 500/1511/378 499/1510/378 504/1509/378
o bone36
v -0.1093122585276648 0.12499971782098784 -0.125
v -0.1093122585276648 0.12499971782098784 -0.125
v -0.1254884488465724 0.06462935367792111 -0.125
v -0.1254884488465724 0.06462935367792111 -0.125
v -0.16968262267073153 0.14117590813989545 -0.125
v -0.16968262267073153 0.14117590813989545 -0.125
v -0.18585881298963913 0.08080554399682865 -0.125
v -0.18585881298963913 0.08080554399682865 -0.125
vt 0.2578125 0.953125
vt 0.265625 0.953125
vt 0.265625 0.9453125
vt 0.2578125 0.9453125
vt 0.2578125 0.953125
vt 0.2578125 0.953125
vt 0.2578125 0.9453125
vt 0.2578125 0.9453125
vt 0.265625 0.953125
vt 0.2734375 0.953125
vt 0.2734375 0.9453125
vt 0.265625 0.9453125
vt 0.265625 0.953125
vt 0.265625 0.953125
vt 0.265625 0.9453125
vt 0.265625 0.9453125
vt 0.265625 0.953125
vt 0.2578125 0.953125
vt 0.2578125 0.953125
vt 0.265625 0.953125
vt 0.2734375 0.953125
vt 0.265625 0.953125
vt 0.265625 0.953125
vt 0.2734375 0.953125
vn 0 0 -1
vn 0.9659258262890683 -0.25881904510252074 0
vn 0 0 1
vn -0.9659258262890683 0.25881904510252074 0
vn 0.25881904510252074 0.9659258262890683 0
vn -0.25881904510252074 -0.9659258262890683 0
usemtl m_ad71440e-4a14-ea9f-b633-fe5378009ab6
f 508/1516/379 511/1515/379 509/1514/379 506/1513/379
f 507/1520/380 508/1519/380 506/1518/380 505/1517/380
f 512/1524/381 507/1523/381 505/1522/381 510/1521/381
f 511/1528/382 512/1527/382 510/1526/382 509/1525/382
f 510/1532/383 505/1531/383 506/1530/383 509/1529/383
f 511/1536/384 508/1535/384 507/1534/384 512/1533/384
o bone37
v -0.12548874134783866 0.18537016210618504 -0.09375
v -0.12548874134783866 0.18537016210618504 -0.15625
v -0.10931255102893112 0.12499979796311826 -0.09375
v -0.10931255102893112 0.12499979796311826 -0.15625
v -0.18585910549090545 0.1691939717872775 -0.15625
v -0.18585910549090545 0.1691939717872775 -0.09375
v -0.1696829151719979 0.10882360764421072 -0.15625
v -0.1696829151719979 0.10882360764421072 -0.09375
vt 0.234375 0.9765625
vt 0.2421875 0.9765625
vt 0.2421875 0.96875
vt 0.234375 0.96875
vt 0.2265625 0.9765625
vt 0.234375 0.9765625
vt 0.234375 0.96875
vt 0.2265625 0.96875
vt 0.25 0.9765625
vt 0.2578125 0.9765625
vt 0.2578125 0.96875
vt 0.25 0.96875
vt 0.2421875 0.9765625
vt 0.25 0.9765625
vt 0.25 0.96875
vt 0.2421875 0.96875
vt 0.2421875 0.9765625
vt 0.234375 0.9765625
vt 0.234375 0.984375
vt 0.2421875 0.984375
vt 0.25 0.984375
vt 0.2421875 0.984375
vt 0.2421875 0.9765625
vt 0.25 0.9765625
vn 0 0 -1
vn 0.9659258262890683 0.25881904510252074 0
vn 0 0 1
vn -0.9659258262890683 -0.25881904510252074 0
vn -0.25881904510252074 0.9659258262890683 0
vn 0.25881904510252074 -0.9659258262890683 0
usemtl m_ad71440e-4a14-ea9f-b633-fe5378009ab6
f 516/1540/385 519/1539/385 517/1538/385 514/1537/385
f 515/1544/386 516/1543/386 514/1542/386 513/1541/386
f 520/1548/387 515/1547/387 513/1546/387 518/1545/387
f 519/1552/388 520/1551/388 518/1550/388 517/1549/388
f 518/1556/389 513/1555/389 514/1554/389 517/1553/389
f 519/1560/390 516/1559/390 515/1558/390 520/1557/390
o bone37
v -0.048942186885864325 0.1411759882820258 -0.125
v -0.048942186885864325 0.1411759882820258 -0.125
v -0.03276599656695678 0.08080562413895903 -0.125
v -0.03276599656695678 0.08080562413895903 -0.125
v -0.10931255102893112 0.12499979796311825 -0.125
v -0.10931255102893112 0.12499979796311825 -0.125
v -0.09313636071002357 0.06462943382005149 -0.125
v -0.09313636071002357 0.06462943382005149 -0.125
vt 0.3125 0.9921875
vt 0.3203125 0.9921875
vt 0.3203125 0.984375
vt 0.3125 0.984375
vt 0.3125 0.9921875
vt 0.3125 0.9921875
vt 0.3125 0.984375
vt 0.3125 0.984375
vt 0.3203125 0.9921875
vt 0.328125 0.9921875
vt 0.328125 0.984375
vt 0.3203125 0.984375
vt 0.3203125 0.9921875
vt 0.3203125 0.9921875
vt 0.3203125 0.984375
vt 0.3203125 0.984375
vt 0.3203125 0.9921875
vt 0.3125 0.9921875
vt 0.3125 0.9921875
vt 0.3203125 0.9921875
vt 0.328125 0.9921875
vt 0.3203125 0.9921875
vt 0.3203125 0.9921875
vt 0.328125 0.9921875
vn 0 0 -1
vn 0.9659258262890683 0.25881904510252074 0
vn 0 0 1
vn -0.9659258262890683 -0.25881904510252074 0
vn -0.25881904510252074 0.9659258262890683 0
vn 0.25881904510252074 -0.9659258262890683 0
usemtl m_ad71440e-4a14-ea9f-b633-fe5378009ab6
f 524/1564/391 527/1563/391 525/1562/391 522/1561/391
f 523/1568/392 524/1567/392 522/1566/392 521/1565/392
f 528/1572/393 523/1571/393 521/1570/393 526/1569/393
f 527/1576/394 528/1575/394 526/1574/394 525/1573/394
f 526/1580/395 521/1579/395 522/1578/395 525/1577/395
f 527/1584/396 524/1583/396 523/1582/396 528/1581/396
o legRight
v 0.203125 0.5625 0.09375
v 0.203125 0.5625 -0.09375
v 0.203125 0 0.09375
v 0.203125 0 -0.09375
v 0.015625 0.5625 -0.09375
v 0.015625 0.5625 0.09375
v 0.015625 0 -0.09375
v 0.015625 0 0.09375
vt 0.4453125 0.6171875
vt 0.46875 0.6171875
vt 0.46875 0.546875
vt 0.4453125 0.546875
vt 0.421875 0.6171875
vt 0.4453125 0.6171875
vt 0.4453125 0.546875
vt 0.421875 0.546875
vt 0.4921875 0.6171875
vt 0.515625 0.6171875
vt 0.515625 0.546875
vt 0.4921875 0.546875
vt 0.46875 0.6171875
vt 0.4921875 0.6171875
vt 0.4921875 0.546875
vt 0.46875 0.546875
vt 0.46875 0.6171875
vt 0.4453125 0.6171875
vt 0.4453125 0.640625
vt 0.46875 0.640625
vt 0.4921875 0.640625
vt 0.46875 0.640625
vt 0.46875 0.6171875
vt 0.4921875 0.6171875
vn 0 0 -1
vn 1 0 0
vn 0 0 1
vn -1 0 0
vn 0 1 0
vn 0 -1 0
usemtl m_ad71440e-4a14-ea9f-b633-fe5378009ab6
f 532/1588/397 535/1587/397 533/1586/397 530/1585/397
f 531/1592/398 532/1591/398 530/1590/398 529/1589/398
f 536/1596/399 531/1595/399 529/1594/399 534/1593/399
f 535/1600/400 536/1599/400 534/1598/400 533/1597/400
f 534/1604/401 529/1603/401 530/1602/401 533/1601/401
f 535/1608/402 532/1607/402 531/1606/402 536/1605/402
o bone39
v 0.18598429593430937 0.16919389164514714 -0.09375
v 0.18598429593430937 0.16919389164514714 -0.15625
v 0.16980810561540183 0.10882352750208035 -0.09375
v 0.16980810561540183 0.10882352750208035 -0.15625
v 0.12561393179124264 0.1853700819640547 -0.15625
v 0.12561393179124264 0.1853700819640547 -0.09375
v 0.10943774147233509 0.1249997178209879 -0.15625
v 0.10943774147233509 0.1249997178209879 -0.09375
vt 0.0859375 0.9609375
vt 0.09375 0.9609375
vt 0.09375 0.953125
vt 0.0859375 0.953125
vt 0.078125 0.9609375
vt 0.0859375 0.9609375
vt 0.0859375 0.953125
vt 0.078125 0.953125
vt 0.1015625 0.9609375
vt 0.109375 0.9609375
vt 0.109375 0.953125
vt 0.1015625 0.953125
vt 0.09375 0.9609375
vt 0.1015625 0.9609375
vt 0.1015625 0.953125
vt 0.09375 0.953125
vt 0.09375 0.9609375
vt 0.0859375 0.9609375
vt 0.0859375 0.96875
vt 0.09375 0.96875
vt 0.1015625 0.96875
vt 0.09375 0.96875
vt 0.09375 0.9609375
vt 0.1015625 0.9609375
vn 0 0 -1
vn 0.9659258262890683 -0.25881904510252074 0
vn 0 0 1
vn -0.9659258262890683 0.25881904510252074 0
vn 0.25881904510252074 0.9659258262890683 0
vn -0.25881904510252074 -0.9659258262890683 0
usemtl m_ad71440e-4a14-ea9f-b633-fe5378009ab6
f 540/1612/403 543/1611/403 541/1610/403 538/1609/403
f 539/1616/404 540/1615/404 538/1614/404 537/1613/404
f 544/1620/405 539/1619/405 537/1618/405 542/1617/405
f 543/1624/406 544/1623/406 542/1622/406 541/1621/406
f 542/1628/407 537/1627/407 538/1626/407 541/1625/407
f 543/1632/408 540/1631/408 539/1630/408 544/1629/408
o bone39
v 0.10943774147233509 0.12499971782098784 -0.125
v 0.10943774147233509 0.12499971782098784 -0.125
v 0.09326155115342755 0.06462935367792111 -0.125
v 0.09326155115342755 0.06462935367792111 -0.125
v 0.0490673773292683 0.14117590813989545 -0.125
v 0.0490673773292683 0.14117590813989545 -0.125
v 0.032891187010360756 0.08080554399682865 -0.125
v 0.032891187010360756 0.08080554399682865 -0.125
vt 0.2421875 0.953125
vt 0.25 0.953125
vt 0.25 0.9453125
vt 0.2421875 0.9453125
vt 0.2421875 0.953125
vt 0.2421875 0.953125
vt 0.2421875 0.9453125
vt 0.2421875 0.9453125
vt 0.25 0.953125
vt 0.2578125 0.953125
vt 0.2578125 0.9453125
vt 0.25 0.9453125
vt 0.25 0.953125
vt 0.25 0.953125
vt 0.25 0.9453125
vt 0.25 0.9453125
vt 0.25 0.953125
vt 0.2421875 0.953125
vt 0.2421875 0.953125
vt 0.25 0.953125
vt 0.2578125 0.953125
vt 0.25 0.953125
vt 0.25 0.953125
vt 0.2578125 0.953125
vn 0 0 -1
vn 0.9659258262890683 -0.25881904510252074 0
vn 0 0 1
vn -0.9659258262890683 0.25881904510252074 0
vn 0.25881904510252074 0.9659258262890683 0
vn -0.25881904510252074 -0.9659258262890683 0
usemtl m_ad71440e-4a14-ea9f-b633-fe5378009ab6
f 548/1636/409 551/1635/409 549/1634/409 546/1633/409
f 547/1640/410 548/1639/410 546/1638/410 545/1637/410
f 552/1644/411 547/1643/411 545/1642/411 550/1641/411
f 551/1648/412 552/1647/412 550/1646/412 549/1645/412
f 550/1652/413 545/1651/413 546/1650/413 549/1649/413
f 551/1656/414 548/1655/414 547/1654/414 552/1653/414
o bone40
v 0.09326125865216134 0.18537016210618498 -0.09375
v 0.09326125865216134 0.18537016210618498 -0.15625
v 0.10943744897106883 0.1249997979631182 -0.09375
v 0.10943744897106883 0.1249997979631182 -0.15625
v 0.03289089450909455 0.16919397178727746 -0.15625
v 0.03289089450909455 0.16919397178727746 -0.09375
v 0.049067084828002094 0.10882360764421067 -0.15625
v 0.049067084828002094 0.10882360764421067 -0.09375
vt 0.109375 0.953125
vt 0.1171875 0.953125
vt 0.1171875 0.9453125
vt 0.109375 0.9453125
vt 0.1015625 0.953125
vt 0.109375 0.953125
vt 0.109375 0.9453125
vt 0.1015625 0.9453125
vt 0.125 0.953125
vt 0.1328125 0.953125
vt 0.1328125 0.9453125
vt 0.125 0.9453125
vt 0.1171875 0.953125
vt 0.125 0.953125
vt 0.125 0.9453125
vt 0.1171875 0.9453125
vt 0.1171875 0.953125
vt 0.109375 0.953125
vt 0.109375 0.9609375
vt 0.1171875 0.9609375
vt 0.125 0.9609375
vt 0.1171875 0.9609375
vt 0.1171875 0.953125
vt 0.125 0.953125
vn 0 0 -1
vn 0.9659258262890683 0.25881904510252074 0
vn 0 0 1
vn -0.9659258262890683 -0.25881904510252074 0
vn -0.25881904510252074 0.9659258262890683 0
vn 0.25881904510252074 -0.9659258262890683 0
usemtl m_ad71440e-4a14-ea9f-b633-fe5378009ab6
f 556/1660/415 559/1659/415 557/1658/415 554/1657/415
f 555/1664/416 556/1663/416 554/1662/416 553/1661/416
f 560/1668/417 555/1667/417 553/1666/417 558/1665/417
f 559/1672/418 560/1671/418 558/1670/418 557/1669/418
f 558/1676/419 553/1675/419 554/1674/419 557/1673/419
f 559/1680/420 556/1679/420 555/1678/420 560/1677/420
o bone40
v 0.16980781311413556 0.14117598828202574 -0.125
v 0.16980781311413556 0.14117598828202574 -0.125
v 0.18598400343304317 0.08080562413895898 -0.125
v 0.18598400343304317 0.08080562413895898 -0.125
v 0.10943744897106883 0.12499979796311819 -0.125
v 0.10943744897106883 0.12499979796311819 -0.125
v 0.12561363928997643 0.06462943382005143 -0.125
v 0.12561363928997643 0.06462943382005143 -0.125
vt 0.2421875 0.75
vt 0.25 0.75
vt 0.25 0.7421875
vt 0.2421875 0.7421875
vt 0.2421875 0.75
vt 0.2421875 0.75
vt 0.2421875 0.7421875
vt 0.2421875 0.7421875
vt 0.25 0.75
vt 0.2578125 0.75
vt 0.2578125 0.7421875
vt 0.25 0.7421875
vt 0.25 0.75
vt 0.25 0.75
vt 0.25 0.7421875
vt 0.25 0.7421875
vt 0.25 0.75
vt 0.2421875 0.75
vt 0.2421875 0.75
vt 0.25 0.75
vt 0.2578125 0.75
vt 0.25 0.75
vt 0.25 0.75
vt 0.2578125 0.75
vn 0 0 -1
vn 0.9659258262890683 0.25881904510252074 0
vn 0 0 1
vn -0.9659258262890683 -0.25881904510252074 0
vn -0.25881904510252074 0.9659258262890683 0
vn 0.25881904510252074 -0.9659258262890683 0
usemtl m_ad71440e-4a14-ea9f-b633-fe5378009ab6
f 564/1684/421 567/1683/421 565/1682/421 562/1681/421
f 563/1688/422 564/1687/422 562/1686/422 561/1685/422
f 568/1692/423 563/1691/423 561/1690/423 566/1689/423
f 567/1696/424 568/1695/424 566/1694/424 565/1693/424
f 566/1700/425 561/1699/425 562/1698/425 565/1697/425
f 567/1704/426 564/1703/426 563/1702/426 568/1701/426
o sin_wingRight
v 0.5819833322323528 0.5475925490014675 0.9374999999999998
v 0.5819833322323528 0.5475925490014675 0.9374999999999998
v 0.5819833322323528 0.5475925490014674 0.3749999999999999
v 0.5819833322323528 0.5475925490014674 0.3749999999999999
v 0.46875 0.12500000000000017 0.9375
v 0.46875 0.12500000000000017 0.9375
v 0.46875 0.125 0.375
v 0.46875 0.125 0.375
vt 0.5078125 0.84375
vt 0.5625 0.84375
vt 0.5625 0.7734375
vt 0.5078125 0.7734375
vt 0.5078125 0.84375
vt 0.5078125 0.84375
vt 0.5078125 0.7734375
vt 0.5078125 0.7734375
vt 0.5625 0.84375
vt 0.6171875 0.84375
vt 0.6171875 0.7734375
vt 0.5625 0.7734375
vt 0.5625 0.84375
vt 0.5625 0.84375
vt 0.5625 0.7734375
vt 0.5625 0.7734375
vt 0.5625 0.84375
vt 0.5078125 0.84375
vt 0.5078125 0.84375
vt 0.5625 0.84375
vt 0.6171875 0.84375
vt 0.5625 0.84375
vt 0.5625 0.84375
vt 0.6171875 0.84375
vn -0.9659258262890683 0.25881904510252074 -5.746937261686308e-17
vn 0.25881904510252074 0.9659258262890683 -2.144786184852406e-16
vn 0.9659258262890683 -0.25881904510252074 5.746937261686308e-17
vn -0.25881904510252074 -0.9659258262890683 2.144786184852406e-16
vn 0 2.220446049250313e-16 1
vn 0 -2.220446049250313e-16 -1
usemtl m_ad71440e-4a14-ea9f-b633-fe5378009ab6
f 572/1708/427 575/1707/427 573/1706/427 570/1705/427
f 571/1712/428 572/1711/428 570/1710/428 569/1709/428
f 576/1716/429 571/1715/429 569/1714/429 574/1713/429
f 575/1720/430 576/1719/430 574/1718/430 573/1717/430
f 574/1724/431 569/1723/431 570/1722/431 573/1721/431
f 575/1728/432 572/1727/432 571/1726/432 576/1725/432
o sin_wingRight
v 0.5738348667087559 0.517423543120253 0.9062499999999998
v 0.5134645025656892 0.5335997334391606 0.9062499999999998
v 0.5738348667087559 0.5174235431202528 0.4062499999999999
v 0.5134645025656892 0.5335997334391603 0.4062499999999999
v 0.4164073606522439 0.17137754858076 0.90625
v 0.47677772479531066 0.15520135826185244 0.90625
v 0.4164073606522439 0.17137754858075988 0.40625
v 0.47677772479531066 0.15520135826185233 0.40625
vt 0.40625 0.8515625
vt 0.453125 0.8515625
vt 0.453125 0.7890625
vt 0.40625 0.7890625
vt 0.3984375 0.8515625
vt 0.40625 0.8515625
vt 0.40625 0.7890625
vt 0.3984375 0.7890625
vt 0.4609375 0.8515625
vt 0.5078125 0.8515625
vt 0.5078125 0.7890625
vt 0.4609375 0.7890625
vt 0.453125 0.8515625
vt 0.4609375 0.8515625
vt 0.4609375 0.7890625
vt 0.453125 0.7890625
vt 0.453125 0.8515625
vt 0.40625 0.8515625
vt 0.40625 0.859375
vt 0.453125 0.859375
vt 0.5 0.859375
vt 0.453125 0.859375
vt 0.453125 0.8515625
vt 0.5 0.8515625
vn -0.9659258262890683 0.25881904510252074 -5.746937261686308e-17
vn 0.25881904510252074 0.9659258262890683 -2.144786184852406e-16
vn 0.9659258262890683 -0.25881904510252074 5.746937261686308e-17
vn -0.25881904510252074 -0.9659258262890683 2.144786184852406e-16
vn 0 2.220446049250313e-16 1
vn 0 -2.220446049250313e-16 -1
usemtl m_ad71440e-4a14-ea9f-b633-fe5378009ab6
f 580/1732/433 583/1731/433 581/1730/433 578/1729/433
f 579/1736/434 580/1735/434 578/1734/434 577/1733/434
f 584/1740/435 579/1739/435 577/1738/435 582/1737/435
f 583/1744/436 584/1743/436 582/1742/436 581/1741/436
f 582/1748/437 577/1747/437 578/1746/437 581/1745/437
f 583/1752/438 580/1751/438 579/1750/438 584/1749/438
o sin_wingLeft
v 0.40625 0.1250000000000001 0.9375
v 0.40625 0.1250000000000001 0.9375
v 0.40625 0.125 0.375
v 0.40625 0.125 0.375
v 0.29301666776764723 0.5475925490014675 0.9374999999999999
v 0.29301666776764723 0.5475925490014675 0.9374999999999999
v 0.29301666776764723 0.5475925490014674 0.3749999999999999
v 0.29301666776764723 0.5475925490014674 0.3749999999999999
vt 0.5234375 0.625
vt 0.578125 0.625
vt 0.578125 0.5546875
vt 0.5234375 0.5546875
vt 0.5234375 0.625
vt 0.5234375 0.625
vt 0.5234375 0.5546875
vt 0.5234375 0.5546875
vt 0.578125 0.625
vt 0.6328125 0.625
vt 0.6328125 0.5546875
vt 0.578125 0.5546875
vt 0.578125 0.625
vt 0.578125 0.625
vt 0.578125 0.5546875
vt 0.578125 0.5546875
vt 0.578125 0.625
vt 0.5234375 0.625
vt 0.5234375 0.625
vt 0.578125 0.625
vt 0.6328125 0.625
vt 0.578125 0.625
vt 0.578125 0.625
vt 0.6328125 0.625
vn 0.9659258262890683 0.25881904510252074 -5.746937261686308e-17
vn 0.25881904510252074 -0.9659258262890683 2.144786184852406e-16
vn -0.9659258262890683 -0.25881904510252074 5.746937261686308e-17
vn -0.25881904510252074 0.9659258262890683 -2.144786184852406e-16
vn 0 2.220446049250313e-16 1
vn 0 -2.220446049250313e-16 -1
usemtl m_ad71440e-4a14-ea9f-b633-fe5378009ab6
f 588/1756/439 591/1755/439 589/1754/439 586/1753/439
f 587/1760/440 588/1759/440 586/1758/440 585/1757/440
f 592/1764/441 587/1763/441 585/1762/441 590/1761/441
f 591/1768/442 592/1767/442 590/1766/442 589/1765/442
f 590/1772/443 585/1771/443 586/1770/443 589/1769/443
f 591/1776/444 588/1775/444 587/1774/444 592/1773/444
o sin_wingLeft
v 0.39822227520468934 0.15520135826185238 0.90625
v 0.4585926393477561 0.17137754858075993 0.90625
v 0.39822227520468934 0.15520135826185227 0.40625
v 0.4585926393477561 0.17137754858075982 0.40625
v 0.36153549743431085 0.5335997334391606 0.9062499999999999
v 0.30116513329124406 0.517423543120253 0.9062499999999999
v 0.36153549743431085 0.5335997334391605 0.4062499999999999
v 0.30116513329124406 0.5174235431202528 0.4062499999999999
vt 0.1015625 0.5078125
vt 0.1484375 0.5078125
vt 0.1484375 0.4453125
vt 0.1015625 0.4453125
vt 0.09375 0.5078125
vt 0.1015625 0.5078125
vt 0.1015625 0.4453125
vt 0.09375 0.4453125
vt 0.15625 0.5078125
vt 0.203125 0.5078125
vt 0.203125 0.4453125
vt 0.15625 0.4453125
vt 0.1484375 0.5078125
vt 0.15625 0.5078125
vt 0.15625 0.4453125
vt 0.1484375 0.4453125
vt 0.1484375 0.5078125
vt 0.1015625 0.5078125
vt 0.1015625 0.515625
vt 0.1484375 0.515625
vt 0.1953125 0.515625
vt 0.1484375 0.515625
vt 0.1484375 0.5078125
vt 0.1953125 0.5078125
vn 0.9659258262890683 0.25881904510252074 -5.746937261686308e-17
vn 0.25881904510252074 -0.9659258262890683 2.144786184852406e-16
vn -0.9659258262890683 -0.25881904510252074 5.746937261686308e-17
vn -0.25881904510252074 0.9659258262890683 -2.144786184852406e-16
vn 0 2.220446049250313e-16 1
vn 0 -2.220446049250313e-16 -1
usemtl m_ad71440e-4a14-ea9f-b633-fe5378009ab6
f 596/1780/445 599/1779/445 597/1778/445 594/1777/445
f 595/1784/446 596/1783/446 594/1782/446 593/1781/446
f 600/1788/447 595/1787/447 593/1786/447 598/1785/447
f 599/1792/448 600/1791/448 598/1790/448 597/1789/448
f 598/1796/449 593/1795/449 594/1794/449 597/1793/449
f 599/1800/450 596/1799/450 595/1798/450 600/1797/450
o sin_page
v 0.46875 0.12500000000000017 0.9375
v 0.46875 0.12500000000000017 0.9375
v 0.46875 0.125 0.375
v 0.46875 0.125 0.375
v 0.40625 0.12500000000000017 0.9375
v 0.40625 0.12500000000000017 0.9375
v 0.40625 0.125 0.375
v 0.40625 0.125 0.375
vt 0.25 0.40625
vt 0.2578125 0.40625
vt 0.2578125 0.3359375
vt 0.25 0.3359375
vt 0.25 0.40625
vt 0.25 0.40625
vt 0.25 0.3359375
vt 0.25 0.3359375
vt 0.2578125 0.40625
vt 0.265625 0.40625
vt 0.265625 0.3359375
vt 0.2578125 0.3359375
vt 0.2578125 0.40625
vt 0.2578125 0.40625
vt 0.2578125 0.3359375
vt 0.2578125 0.3359375
vt 0.2578125 0.40625
vt 0.25 0.40625
vt 0.25 0.40625
vt 0.2578125 0.40625
vt 0.265625 0.40625
vt 0.2578125 0.40625
vt 0.2578125 0.40625
vt 0.265625 0.40625
vn 0 1 -2.220446049250313e-16
vn 1 0 0
vn 0 -1 2.220446049250313e-16
vn -1 0 0
vn 0 2.220446049250313e-16 1
vn 0 -2.220446049250313e-16 -1
usemtl m_ad71440e-4a14-ea9f-b633-fe5378009ab6
f 604/1804/451 607/1803/451 605/1802/451 602/1801/451
f 603/1808/452 604/1807/452 602/1806/452 601/1805/452
f 608/1812/453 603/1811/453 601/1810/453 606/1809/453
f 607/1816/454 608/1815/454 606/1814/454 605/1813/454
f 606/1820/455 601/1819/455 602/1818/455 605/1817/455
f 607/1824/456 604/1823/456 603/1822/456 608/1821/456
o sin_page
v 0.46875 0.1250625000000002 0.90625
v 0.46875 0.1875625000000002 0.90625
v 0.46875 0.12506250000000008 0.40625
v 0.46875 0.18756250000000008 0.40625
v 0.40625 0.1875625000000002 0.90625
v 0.40625 0.1250625000000002 0.90625
v 0.40625 0.18756250000000008 0.40625
v 0.40625 0.12506250000000008 0.40625
vt 0.2109375 0.3984375
vt 0.21875 0.3984375
vt 0.21875 0.3359375
vt 0.2109375 0.3359375
vt 0.203125 0.3984375
vt 0.2109375 0.3984375
vt 0.2109375 0.3359375
vt 0.203125 0.3359375
vt 0.2265625 0.3984375
vt 0.234375 0.3984375
vt 0.234375 0.3359375
vt 0.2265625 0.3359375
vt 0.21875 0.3984375
vt 0.2265625 0.3984375
vt 0.2265625 0.3359375
vt 0.21875 0.3359375
vt 0.21875 0.3984375
vt 0.2109375 0.3984375
vt 0.2109375 0.40625
vt 0.21875 0.40625
vt 0.2265625 0.40625
vt 0.21875 0.40625
vt 0.21875 0.3984375
vt 0.2265625 0.3984375
vn 0 1 -2.220446049250313e-16
vn 1 0 0
vn 0 -1 2.220446049250313e-16
vn -1 0 0
vn 0 2.220446049250313e-16 1
vn 0 -2.220446049250313e-16 -1
usemtl m_ad71440e-4a14-ea9f-b633-fe5378009ab6
f 612/1828/457 615/1827/457 613/1826/457 610/1825/457
f 611/1832/458 612/1831/458 610/1830/458 609/1829/458
f 616/1836/459 611/1835/459 609/1834/459 614/1833/459
f 615/1840/460 616/1839/460 614/1838/460 613/1837/460
f 614/1844/461 609/1843/461 610/1842/461 613/1841/461
f 615/1848/462 612/1847/462 611/1846/462 616/1845/462
o cos_page4
v -0.27736388584430816 1.221514289628747 0.591806942922154
v -0.27736388584430816 1.221514289628747 0.591806942922154
v -0.27736388584430816 0.734375 0.31055694292215397
v -0.27736388584430816 0.734375 0.31055694292215397
v -0.65625 1.112139289628747 0.78125
v -0.65625 1.112139289628747 0.78125
v -0.65625 0.625 0.5
v -0.65625 0.625 0.5
vt 0.4921875 0.6953125
vt 0.546875 0.6953125
vt 0.546875 0.625
vt 0.4921875 0.625
vt 0.4921875 0.6953125
vt 0.4921875 0.6953125
vt 0.4921875 0.625
vt 0.4921875 0.625
vt 0.546875 0.6953125
vt 0.6015625 0.6953125
vt 0.6015625 0.625
vt 0.546875 0.625
vt 0.546875 0.6953125
vt 0.546875 0.6953125
vt 0.546875 0.625
vt 0.546875 0.625
vt 0.546875 0.6953125
vt 0.4921875 0.6953125
vt 0.4921875 0.6953125
vt 0.546875 0.6953125
vt 0.6015625 0.6953125
vt 0.546875 0.6953125
vt 0.546875 0.6953125
vt 0.6015625 0.6953125
vn -0.49999999999999994 0.4330127018922193 -0.7500000000000001
vn 0.8660254037844387 0.24999999999999994 -0.4330127018922193
vn 0.49999999999999994 -0.4330127018922193 0.7500000000000001
vn -0.8660254037844387 -0.24999999999999994 0.4330127018922193
vn 0 0.8660254037844387 0.49999999999999994
vn 0 -0.8660254037844387 -0.49999999999999994
usemtl m_ad71440e-4a14-ea9f-b633-fe5378009ab6
f 620/1852/463 623/1851/463 621/1850/463 618/1849/463
f 619/1856/464 620/1855/464 618/1854/464 617/1853/464
f 624/1860/465 619/1859/465 617/1858/465 622/1857/465
f 623/1864/466 624/1863/466 622/1862/466 621/1861/466
f 622/1868/467 617/1867/467 618/1866/467 621/1865/467
f 623/1872/468 620/1871/468 619/1870/468 624/1869/468
o cos_page4
v -0.30445842971257187 1.1866655590543513 0.5896667148562857
v -0.33570842971257187 1.2137288529226151 0.5427917148562857
v -0.30445842971257187 0.7536528571621319 0.33966671485628597
v -0.33570842971257187 0.7807161510303957 0.29279171485628597
v -0.6604679561317364 1.1199788529226151 0.705171478065868
v -0.6292179561317364 1.0929155590543513 0.752046478065868
v -0.6604679561317364 0.6869661510303957 0.455171478065868
v -0.6292179561317364 0.6599028571621319 0.502046478065868
vt 0.2265625 0.53125
vt 0.2734375 0.53125
vt 0.2734375 0.46875
vt 0.2265625 0.46875
vt 0.21875 0.53125
vt 0.2265625 0.53125
vt 0.2265625 0.46875
vt 0.21875 0.46875
vt 0.28125 0.53125
vt 0.328125 0.53125
vt 0.328125 0.46875
vt 0.28125 0.46875
vt 0.2734375 0.53125
vt 0.28125 0.53125
vt 0.28125 0.46875
vt 0.2734375 0.46875
vt 0.2734375 0.53125
vt 0.2265625 0.53125
vt 0.2265625 0.5390625
vt 0.2734375 0.5390625
vt 0.3203125 0.5390625
vt 0.2734375 0.5390625
vt 0.2734375 0.53125
vt 0.3203125 0.53125
vn -0.49999999999999994 0.4330127018922193 -0.7500000000000001
vn 0.8660254037844387 0.24999999999999994 -0.4330127018922193
vn 0.49999999999999994 -0.4330127018922193 0.7500000000000001
vn -0.8660254037844387 -0.24999999999999994 0.4330127018922193
vn 0 0.8660254037844387 0.49999999999999994
vn 0 -0.8660254037844387 -0.49999999999999994
usemtl m_ad71440e-4a14-ea9f-b633-fe5378009ab6
f 628/1876/469 631/1875/469 629/1874/469 626/1873/469
f 627/1880/470 628/1879/470 626/1878/470 625/1877/470
f 632/1884/471 627/1883/471 625/1882/471 630/1881/471
f 631/1888/472 632/1887/472 630/1886/472 629/1885/472
f 630/1892/473 625/1891/473 626/1890/473 629/1889/473
f 631/1896/474 628/1895/474 627/1894/474 632/1893/474
o cos_page5
v -0.71875 1.112139289628747 0.7812499999999999
v -0.71875 1.112139289628747 0.7812499999999999
v -0.71875 0.625 0.5
v -0.71875 0.625 0.5
v -1.097636114155692 1.221514289628747 0.591806942922154
v -1.097636114155692 1.221514289628747 0.591806942922154
v -1.097636114155692 0.734375 0.3105569429221541
v -1.097636114155692 0.734375 0.3105569429221541
vt 0.421875 0.546875
vt 0.4765625 0.546875
vt 0.4765625 0.4765625
vt 0.421875 0.4765625
vt 0.421875 0.546875
vt 0.421875 0.546875
vt 0.421875 0.4765625
vt 0.421875 0.4765625
vt 0.4765625 0.546875
vt 0.53125 0.546875
vt 0.53125 0.4765625
vt 0.4765625 0.4765625
vt 0.4765625 0.546875
vt 0.4765625 0.546875
vt 0.4765625 0.4765625
vt 0.4765625 0.4765625
vt 0.4765625 0.546875
vt 0.421875 0.546875
vt 0.421875 0.546875
vt 0.4765625 0.546875
vt 0.53125 0.546875
vt 0.4765625 0.546875
vt 0.4765625 0.546875
vt 0.53125 0.546875
vn 0.49999999999999994 0.4330127018922193 -0.7500000000000001
vn 0.8660254037844387 -0.24999999999999994 0.4330127018922193
vn -0.49999999999999994 -0.4330127018922193 0.7500000000000001
vn -0.8660254037844387 0.24999999999999994 -0.4330127018922193
vn 0 0.8660254037844387 0.49999999999999994
vn 0 -0.8660254037844387 -0.49999999999999994
usemtl m_ad71440e-4a14-ea9f-b633-fe5378009ab6
f 636/1900/475 639/1899/475 637/1898/475 634/1897/475
f 635/1904/476 636/1903/476 634/1902/476 633/1901/476
f 640/1908/477 635/1907/477 633/1906/477 638/1905/477
f 639/1912/478 640/1911/478 638/1910/478 637/1909/478
f 638/1916/479 633/1915/479 634/1914/479 637/1913/479
f 639/1920/480 636/1919/480 635/1918/480 640/1917/480
o cos_page5
v -0.7457820438682636 1.0929155590543513 0.7520464780658681
v -0.7145320438682636 1.1199788529226151 0.7051714780658681
v -0.7457820438682636 0.659902857162132 0.5020464780658681
v -0.7145320438682636 0.6869661510303957 0.4551714780658681
v -1.039291570287428 1.2137288529226151 0.5427917148562859
v -1.070541570287428 1.1866655590543513 0.5896667148562859
v -1.039291570287428 0.7807161510303957 0.2927917148562859
v -1.070541570287428 0.753652857162132 0.3396667148562859
vt 0.4453125 0.7578125
vt 0.4921875 0.7578125
vt 0.4921875 0.6953125
vt 0.4453125 0.6953125
vt 0.4375 0.7578125
vt 0.4453125 0.7578125
vt 0.4453125 0.6953125
vt 0.4375 0.6953125
vt 0.5 0.7578125
vt 0.546875 0.7578125
vt 0.546875 0.6953125
vt 0.5 0.6953125
vt 0.4921875 0.7578125
vt 0.5 0.7578125
vt 0.5 0.6953125
vt 0.4921875 0.6953125
vt 0.4921875 0.7578125
vt 0.4453125 0.7578125
vt 0.4453125 0.765625
vt 0.4921875 0.765625
vt 0.5390625 0.765625
vt 0.4921875 0.765625
vt 0.4921875 0.7578125
vt 0.5390625 0.7578125
vn 0.49999999999999994 0.4330127018922193 -0.7500000000000001
vn 0.8660254037844387 -0.24999999999999994 0.4330127018922193
vn -0.49999999999999994 -0.4330127018922193 0.7500000000000001
vn -0.8660254037844387 0.24999999999999994 -0.4330127018922193
vn 0 0.8660254037844387 0.49999999999999994
vn 0 -0.8660254037844387 -0.49999999999999994
usemtl m_ad71440e-4a14-ea9f-b633-fe5378009ab6
f 644/1924/481 647/1923/481 645/1922/481 642/1921/481
f 643/1928/482 644/1927/482 642/1926/482 641/1925/482
f 648/1932/483 643/1931/483 641/1930/483 646/1929/483
f 647/1936/484 648/1935/484 646/1934/484 645/1933/484
f 646/1940/485 641/1939/485 642/1938/485 645/1937/485
f 647/1944/486 644/1943/486 643/1942/486 648/1941/486
o cos_page6
v -0.65625 1.1121392896287468 0.7812499999999999
v -0.65625 1.1121392896287468 0.7812499999999999
v -0.65625 0.625 0.5
v -0.65625 0.625 0.5
v -0.71875 1.1121392896287468 0.7812499999999999
v -0.71875 1.1121392896287468 0.7812499999999999
v -0.71875 0.625 0.5
v -0.71875 0.625 0.5
vt 0.234375 0.40625
vt 0.2421875 0.40625
vt 0.2421875 0.3359375
vt 0.234375 0.3359375
vt 0.234375 0.40625
vt 0.234375 0.40625
vt 0.234375 0.3359375
vt 0.234375 0.3359375
vt 0.2421875 0.40625
vt 0.25 0.40625
vt 0.25 0.3359375
vt 0.2421875 0.3359375
vt 0.2421875 0.40625
vt 0.2421875 0.40625
vt 0.2421875 0.3359375
vt 0.2421875 0.3359375
vt 0.2421875 0.40625
vt 0.234375 0.40625
vt 0.234375 0.40625
vt 0.2421875 0.40625
vt 0.25 0.40625
vt 0.2421875 0.40625
vt 0.2421875 0.40625
vt 0.25 0.40625
vn 0 0.49999999999999994 -0.8660254037844387
vn 1 0 0
vn 0 -0.49999999999999994 0.8660254037844387
vn -1 0 0
vn 0 0.8660254037844387 0.49999999999999994
vn 0 -0.8660254037844387 -0.49999999999999994
usemtl m_ad71440e-4a14-ea9f-b633-fe5378009ab6
f 652/1948/487 655/1947/487 653/1946/487 650/1945/487
f 651/1952/488 652/1951/488 650/1950/488 649/1949/488
f 656/1956/489 651/1955/489 649/1954/489 654/1953/489
f 655/1960/490 656/1959/490 654/1958/490 653/1957/490
f 654/1964/491 649/1963/491 650/1962/491 653/1961/491
f 655/1968/492 652/1967/492 651/1966/492 656/1965/492
o cos_page6
v -0.65625 1.0851072457604831 0.7655708734122634
v -0.65625 1.1163572457604831 0.711444285675736
v -0.65625 0.6520945438682637 0.5155708734122634
v -0.65625 0.6833445438682637 0.46144428567573603
v -0.71875 1.1163572457604831 0.711444285675736
v -0.71875 1.0851072457604831 0.7655708734122634
v -0.71875 0.6833445438682637 0.46144428567573603
v -0.71875 0.6520945438682637 0.5155708734122634
vt 0.1796875 0.3984375
vt 0.1875 0.3984375
vt 0.1875 0.3359375
vt 0.1796875 0.3359375
vt 0.171875 0.3984375
vt 0.1796875 0.3984375
vt 0.1796875 0.3359375
vt 0.171875 0.3359375
vt 0.1953125 0.3984375
vt 0.203125 0.3984375
vt 0.203125 0.3359375
vt 0.1953125 0.3359375
vt 0.1875 0.3984375
vt 0.1953125 0.3984375
vt 0.1953125 0.3359375
vt 0.1875 0.3359375
vt 0.1875 0.3984375
vt 0.1796875 0.3984375
vt 0.1796875 0.40625
vt 0.1875 0.40625
vt 0.1953125 0.40625
vt 0.1875 0.40625
vt 0.1875 0.3984375
vt 0.1953125 0.3984375
vn 0 0.49999999999999994 -0.8660254037844387
vn 1 0 0
vn 0 -0.49999999999999994 0.8660254037844387
vn -1 0 0
vn 0 0.8660254037844387 0.49999999999999994
vn 0 -0.8660254037844387 -0.49999999999999994
usemtl m_ad71440e-4a14-ea9f-b633-fe5378009ab6
f 660/1972/493 663/1971/493 661/1970/493 658/1969/493
f 659/1976/494 660/1975/494 658/1974/494 657/1973/494
f 664/1980/495 659/1979/495 657/1978/495 662/1977/495
f 663/1984/496 664/1983/496 662/1982/496 661/1981/496
f 662/1988/497 657/1987/497 658/1986/497 661/1985/497
f 663/1992/498 660/1991/498 659/1990/498 664/1989/498
o armLeft
v -0.14406258398960625 1.039014240296311 0.0625
v -0.14406258398960625 1.039014240296311 -0.0625
v -0.35537171485995594 0.585860346777986 0.0625
v -0.35537171485995594 0.585860346777986 -0.0625
v -0.2573510573691875 1.0918415230138985 -0.0625
v -0.2573510573691875 1.0918415230138985 0.0625
v -0.4686601882395372 0.6386876294955735 -0.0625
v -0.4686601882395372 0.6386876294955735 0.0625
vt 0.015625 0.7734375
vt 0.03125 0.7734375
vt 0.03125 0.7109375
vt 0.015625 0.7109375
vt 0 0.7734375
vt 0.015625 0.7734375
vt 0.015625 0.7109375
vt 0 0.7109375
vt 0.046875 0.7734375
vt 0.0625 0.7734375
vt 0.0625 0.7109375
vt 0.046875 0.7109375
vt 0.03125 0.7734375
vt 0.046875 0.7734375
vt 0.046875 0.7109375
vt 0.03125 0.7109375
vt 0.03125 0.7734375
vt 0.015625 0.7734375
vt 0.015625 0.7890625
vt 0.03125 0.7890625
vt 0.046875 0.7890625
vt 0.03125 0.7890625
vt 0.03125 0.7734375
vt 0.046875 0.7734375
vn 0 0 -1
vn 0.9063077870366499 -0.42261826174069944 0
vn 0 0 1
vn -0.9063077870366499 0.42261826174069944 0
vn 0.42261826174069944 0.9063077870366499 0
vn -0.42261826174069944 -0.9063077870366499 0
usemtl m_ad71440e-4a14-ea9f-b633-fe5378009ab6
f 668/1996/499 671/1995/499 669/1994/499 666/1993/499
f 667/2000/500 668/1999/500 666/1998/500 665/1997/500
f 672/2004/501 667/2003/501 665/2002/501 670/2001/501
f 671/2008/502 672/2007/502 670/2006/502 669/2005/502
f 670/2012/503 665/2011/503 666/2010/503 669/2009/503
f 671/2016/504 668/2015/504 667/2014/504 672/2013/504
o bone18
v -0.18371168195307924 0.8800426758481661 0.10947244215653318
v -0.15660968974321693 0.938163085701812 -0.06671992424082462
v -0.3078152013177989 0.6139018197109327 0.002591147367261737
v -0.28071320910793657 0.6720222295645786 -0.17360121903009612
v -0.3265423998125888 1.0174040097781931 -0.06671992424082462
v -0.3536443920224511 0.9592835999245473 0.10947244215653318
v -0.45064591917730845 0.7512631536409597 -0.17360121903009612
v -0.47774791138717076 0.6931427437873139 0.002591147367261737
vt 0.203125 0.4453125
vt 0.2265625 0.4453125
vt 0.2265625 0.40625
vt 0.203125 0.40625
vt 0.1796875 0.4453125
vt 0.203125 0.4453125
vt 0.203125 0.40625
vt 0.1796875 0.40625
vt 0.25 0.4453125
vt 0.2734375 0.4453125
vt 0.2734375 0.40625
vt 0.25 0.40625
vt 0.2265625 0.4453125
vt 0.25 0.4453125
vt 0.25 0.40625
vt 0.2265625 0.40625
vt 0.2265625 0.4453125
vt 0.203125 0.4453125
vt 0.203125 0.46875
vt 0.2265625 0.46875
vt 0.25 0.46875
vt 0.2265625 0.46875
vt 0.2265625 0.4453125
vt 0.25 0.4453125
vn 0.144543958452599 0.3099755192194446 -0.9396926207859084
vn 0.9063077870366499 -0.42261826174069944 0
vn -0.144543958452599 -0.3099755192194446 0.9396926207859084
vn -0.9063077870366499 0.42261826174069944 0
vn 0.39713126196710297 0.8516507396391467 0.3420201433256687
vn -0.39713126196710297 -0.8516507396391467 -0.3420201433256687
usemtl m_ad71440e-4a14-ea9f-b633-fe5378009ab6
f 676/2020/505 679/2019/505 677/2018/505 674/2017/505
f 675/2024/506 676/2023/506 674/2022/506 673/2021/506
f 680/2028/507 675/2027/507 673/2026/507 678/2025/507
f 679/2032/508 680/2031/508 678/2030/508 677/2029/508
f 678/2036/509 673/2035/509 674/2034/509 677/2033/509
f 679/2040/510 676/2039/510 675/2038/510 680/2037/510
o bone6
v -0.15094526607423792 0.9355217215659326 0.06671992424082462
v -0.17804725828410023 0.8774013117122867 -0.10947244215653318
v -0.27504878543895755 0.6693808654286992 0.17360121903009612
v -0.30215077764881987 0.6112604555750534 -0.002591147367261737
v -0.3479799683534721 0.9566422357886679 -0.10947244215653318
v -0.3208779761436098 1.0147626456423138 0.06671992424082462
v -0.4720834877181917 0.6905013796514345 -0.002591147367261737
v -0.44498149550832944 0.7486217895050804 0.17360121903009612
vt 0.0234375 0.4609375
vt 0.046875 0.4609375
vt 0.046875 0.421875
vt 0.0234375 0.421875
vt 0 0.4609375
vt 0.0234375 0.4609375
vt 0.0234375 0.421875
vt 0 0.421875
vt 0.0703125 0.4609375
vt 0.09375 0.4609375
vt 0.09375 0.421875
vt 0.0703125 0.421875
vt 0.046875 0.4609375
vt 0.0703125 0.4609375
vt 0.0703125 0.421875
vt 0.046875 0.421875
vt 0.046875 0.4609375
vt 0.0234375 0.4609375
vt 0.0234375 0.484375
vt 0.046875 0.484375
vt 0.0703125 0.484375
vt 0.046875 0.484375
vt 0.046875 0.4609375
vt 0.0703125 0.4609375
vn -0.144543958452599 -0.3099755192194446 -0.9396926207859084
vn 0.9063077870366499 -0.42261826174069944 0
vn 0.144543958452599 0.3099755192194446 0.9396926207859084
vn -0.9063077870366499 0.42261826174069944 0
vn 0.39713126196710297 0.8516507396391467 -0.3420201433256687
vn -0.39713126196710297 -0.8516507396391467 0.3420201433256687
usemtl m_ad71440e-4a14-ea9f-b633-fe5378009ab6
f 684/2044/511 687/2043/511 685/2042/511 682/2041/511
f 683/2048/512 684/2047/512 682/2046/512 681/2045/512
f 688/2052/513 683/2051/513 681/2050/513 686/2049/513
f 687/2056/514 688/2055/514 686/2054/514 685/2053/514
f 686/2060/515 681/2059/515 682/2058/515 685/2057/515
f 687/2064/516 684/2063/516 683/2062/516 688/2061/516
o armRight
v 0.2573510573691875 1.0918415230138985 0.0625
v 0.2573510573691875 1.0918415230138985 -0.0625
v 0.4686601882395372 0.6386876294955735 0.0625
v 0.4686601882395372 0.6386876294955735 -0.0625
v 0.14406258398960625 1.039014240296311 -0.0625
v 0.14406258398960625 1.039014240296311 0.0625
v 0.35537171485995594 0.585860346777986 -0.0625
v 0.35537171485995594 0.585860346777986 0.0625
vt 0.015625 0.9140625
vt 0.03125 0.9140625
vt 0.03125 0.8515625
vt 0.015625 0.8515625
vt 0 0.9140625
vt 0.015625 0.9140625
vt 0.015625 0.8515625
vt 0 0.8515625
vt 0.046875 0.9140625
vt 0.0625 0.9140625
vt 0.0625 0.8515625
vt 0.046875 0.8515625
vt 0.03125 0.9140625
vt 0.046875 0.9140625
vt 0.046875 0.8515625
vt 0.03125 0.8515625
vt 0.03125 0.9140625
vt 0.015625 0.9140625
vt 0.015625 0.9296875
vt 0.03125 0.9296875
vt 0.046875 0.9296875
vt 0.03125 0.9296875
vt 0.03125 0.9140625
vt 0.046875 0.9140625
vn 0 0 -1
vn 0.9063077870366499 0.42261826174069944 0
vn 0 0 1
vn -0.9063077870366499 -0.42261826174069944 0
vn -0.42261826174069944 0.9063077870366499 0
vn 0.42261826174069944 -0.9063077870366499 0
usemtl m_ad71440e-4a14-ea9f-b633-fe5378009ab6
f 692/2068/517 695/2067/517 693/2066/517 690/2065/517
f 691/2072/518 692/2071/518 690/2070/518 689/2069/518
f 696/2076/519 691/2075/519 689/2074/519 694/2073/519
f 695/2080/520 696/2079/520 694/2078/520 693/2077/520
f 694/2084/521 689/2083/521 690/2082/521 693/2081/521
f 695/2088/522 692/2087/522 691/2086/522 696/2085/522
o bone71
v 0.3536443920224511 0.9592835999245473 0.10947244215653318
v 0.3265423998125888 1.0174040097781931 -0.06671992424082462
v 0.47774791138717076 0.6931427437873139 0.002591147367261737
v 0.45064591917730845 0.7512631536409597 -0.17360121903009612
v 0.15660968974321693 0.938163085701812 -0.06671992424082462
v 0.18371168195307924 0.8800426758481661 0.10947244215653318
v 0.28071320910793657 0.6720222295645786 -0.17360121903009612
v 0.3078152013177989 0.6139018197109327 0.002591147367261737
vt 0.578125 0.53125
vt 0.5546875 0.53125
vt 0.5546875 0.4921875
vt 0.578125 0.4921875
vt 0.6015625 0.53125
vt 0.578125 0.53125
vt 0.578125 0.4921875
vt 0.6015625 0.4921875
vt 0.625 0.53125
vt 0.6015625 0.53125
vt 0.6015625 0.4921875
vt 0.625 0.4921875
vt 0.5546875 0.53125
vt 0.53125 0.53125
vt 0.53125 0.4921875
vt 0.5546875 0.4921875
vt 0.5546875 0.53125
vt 0.578125 0.53125
vt 0.578125 0.5546875
vt 0.5546875 0.5546875
vt 0.578125 0.5546875
vt 0.6015625 0.5546875
vt 0.6015625 0.53125
vt 0.578125 0.53125
vn -0.144543958452599 0.3099755192194446 -0.9396926207859084
vn 0.9063077870366499 0.42261826174069944 0
vn 0.144543958452599 -0.3099755192194446 0.9396926207859084
vn -0.9063077870366499 -0.42261826174069944 0
vn -0.39713126196710297 0.8516507396391467 0.3420201433256687
vn 0.39713126196710297 -0.8516507396391467 -0.3420201433256687
usemtl m_ad71440e-4a14-ea9f-b633-fe5378009ab6
f 700/2092/523 703/2091/523 701/2090/523 698/2089/523
f 699/2096/524 700/2095/524 698/2094/524 697/2093/524
f 704/2100/525 699/2099/525 697/2098/525 702/2097/525
f 703/2104/526 704/2103/526 702/2102/526 701/2101/526
f 702/2108/527 697/2107/527 698/2106/527 701/2105/527
f 703/2112/528 700/2111/528 699/2110/528 704/2109/528
o bone73
v 0.3208779761436098 1.0147626456423138 0.06671992424082462
v 0.3479799683534721 0.9566422357886679 -0.10947244215653318
v 0.44498149550832944 0.7486217895050804 0.17360121903009612
v 0.4720834877181917 0.6905013796514345 -0.002591147367261737
v 0.17804725828410023 0.8774013117122867 -0.10947244215653318
v 0.15094526607423792 0.9355217215659326 0.06671992424082462
v 0.30215077764881987 0.6112604555750534 -0.002591147367261737
v 0.27504878543895755 0.6693808654286992 0.17360121903009612
vt 0.3515625 0.515625
vt 0.375 0.515625
vt 0.375 0.4765625
vt 0.3515625 0.4765625
vt 0.328125 0.515625
vt 0.3515625 0.515625
vt 0.3515625 0.4765625
vt 0.328125 0.4765625
vt 0.3984375 0.515625
vt 0.421875 0.515625
vt 0.421875 0.4765625
vt 0.3984375 0.4765625
vt 0.375 0.515625
vt 0.3984375 0.515625
vt 0.3984375 0.4765625
vt 0.375 0.4765625
vt 0.375 0.515625
vt 0.3515625 0.515625
vt 0.3515625 0.5390625
vt 0.375 0.5390625
vt 0.3984375 0.5390625
vt 0.375 0.5390625
vt 0.375 0.515625
vt 0.3984375 0.515625
vn 0.144543958452599 -0.3099755192194446 -0.9396926207859084
vn 0.9063077870366499 0.42261826174069944 0
vn -0.144543958452599 0.3099755192194446 0.9396926207859084
vn -0.9063077870366499 -0.42261826174069944 0
vn -0.39713126196710297 0.8516507396391467 -0.3420201433256687
vn 0.39713126196710297 -0.8516507396391467 0.3420201433256687
usemtl m_ad71440e-4a14-ea9f-b633-fe5378009ab6
f 708/2116/529 711/2115/529 709/2114/529 706/2113/529
f 707/2120/530 708/2119/530 706/2118/530 705/2117/530
f 712/2124/531 707/2123/531 705/2122/531 710/2121/531
f 711/2128/532 712/2127/532 710/2126/532 709/2125/532
f 710/2132/533 705/2131/533 706/2130/533 709/2129/533
f 711/2136/534 708/2135/534 707/2134/534 712/2133/534