# Made in Blockbench 5.1.6
mtllib remilia_scarlet_2.mtl

o head
v 0.25 1.625 0.25
v 0.25 1.625 -0.25
v 0.25 1.125 0.25
v 0.25 1.125 -0.25
v -0.25 1.625 -0.25
v -0.25 1.625 0.25
v -0.25 1.125 -0.25
v -0.25 1.125 0.25
vt 0.296875 0.73046875
vt 0.328125 0.73046875
vt 0.328125 0.69921875
vt 0.296875 0.69921875
vt 0.265625 0.73046875
vt 0.296875 0.73046875
vt 0.296875 0.69921875
vt 0.265625 0.69921875
vt 0.359375 0.73046875
vt 0.390625 0.73046875
vt 0.390625 0.69921875
vt 0.359375 0.69921875
vt 0.328125 0.73046875
vt 0.359375 0.73046875
vt 0.359375 0.69921875
vt 0.328125 0.69921875
vt 0.328125 0.73046875
vt 0.296875 0.73046875
vt 0.296875 0.76171875
vt 0.328125 0.76171875
vt 0.359375 0.76171875
vt 0.328125 0.76171875
vt 0.328125 0.73046875
vt 0.359375 0.73046875
vn 0 0 -1
vn 1 0 0
vn 0 0 1
vn -1 0 0
vn 0 1 0
vn 0 -1 0
usemtl m_f18e4d70-e62f-3225-0177-13cdc6e50965
f 4/4/1 7/3/1 5/2/1 2/1/1
f 3/8/2 4/7/2 2/6/2 1/5/2
f 8/12/3 3/11/3 1/10/3 6/9/3
f 7/16/4 8/15/4 6/14/4 5/13/4
f 6/20/5 1/19/5 2/18/5 5/17/5
f 7/24/6 4/23/6 3/22/6 8/21/6
o head
v 0.265625 1.640625 0.265625
v 0.265625 1.640625 -0.265625
v 0.265625 1.109375 0.265625
v 0.265625 1.109375 -0.265625
v -0.265625 1.640625 -0.265625
v -0.265625 1.640625 0.265625
v -0.265625 1.109375 -0.265625
v -0.265625 1.109375 0.265625
vt 0.42578125 0.7265625
vt 0.45703125 0.7265625
vt 0.45703125 0.6953125
vt 0.42578125 0.6953125
vt 0.39453125 0.7265625
vt 0.42578125 0.7265625
vt 0.42578125 0.6953125
vt 0.39453125 0.6953125
vt 0.48828125 0.7265625
vt 0.51953125 0.7265625
vt 0.51953125 0.6953125
vt 0.48828125 0.6953125
vt 0.45703125 0.7265625
vt 0.48828125 0.7265625
vt 0.48828125 0.6953125
vt 0.45703125 0.6953125
vt 0.45703125 0.7265625
vt 0.42578125 0.7265625
vt 0.42578125 0.7578125
vt 0.45703125 0.7578125
vt 0.48828125 0.7578125
vt 0.45703125 0.7578125
vt 0.45703125 0.7265625
vt 0.48828125 0.7265625
vn 0 0 -1
vn 1 0 0
vn 0 0 1
vn -1 0 0
vn 0 1 0
vn 0 -1 0
usemtl m_f18e4d70-e62f-3225-0177-13cdc6e50965
f 12/28/7 15/27/7 13/26/7 10/25/7
f 11/32/8 12/31/8 10/30/8 9/29/8
f 16/36/9 11/35/9 9/34/9 14/33/9
f 15/40/10 16/39/10 14/38/10 13/37/10
f 14/44/11 9/43/11 10/42/11 13/41/11
f 15/48/12 12/47/12 11/46/12 16/45/12
o blink
v 0.25 1.625 -0.2500625
v 0.25 1.625 -0.2500625
v 0.25 1.125 -0.2500625
v 0.25 1.125 -0.2500625
v -0.25 1.625 -0.2500625
v -0.25 1.625 -0.2500625
v -0.25 1.125 -0.2500625
v -0.25 1.125 -0.2500625
vt 0.1875 0.55859375
vt 0.21875 0.55859375
vt 0.21875 0.52734375
vt 0.1875 0.52734375
vt 0.1875 0.55859375
vt 0.1875 0.55859375
vt 0.1875 0.52734375
vt 0.1875 0.52734375
vt 0.21875 0.55859375
vt 0.25 0.55859375
vt 0.25 0.52734375
vt 0.21875 0.52734375
vt 0.21875 0.55859375
vt 0.21875 0.55859375
vt 0.21875 0.52734375
vt 0.21875 0.52734375
vt 0.21875 0.55859375
vt 0.1875 0.55859375
vt 0.1875 0.55859375
vt 0.21875 0.55859375
vt 0.25 0.55859375
vt 0.21875 0.55859375
vt 0.21875 0.55859375
vt 0.25 0.55859375
vn 0 0 -1
vn 1 0 0
vn 0 0 1
vn -1 0 0
vn 0 1 0
vn 0 -1 0
usemtl m_f18e4d70-e62f-3225-0177-13cdc6e50965
f 20/52/13 23/51/13 21/50/13 18/49/13
f 19/56/14 20/55/14 18/54/14 17/53/14
f 24/60/15 19/59/15 17/58/15 22/57/15
f 23/64/16 24/63/16 22/62/16 21/61/16
f 22/68/17 17/67/17 18/66/17 21/65/17
f 23/72/18 20/71/18 19/70/18 24/69/18
o hat
v 0.28125 1.6875625 0.28125
v 0.28125 1.6875625 -0.28125
v 0.28125 1.4375625 0.28125
v 0.28125 1.4375625 -0.28125
v -0.28125 1.6875625 -0.28125
v -0.28125 1.6875625 0.28125
v -0.28125 1.4375625 -0.28125
v -0.28125 1.4375625 0.28125
vt 0.16015625 0.7265625
vt 0.1953125 0.7265625
vt 0.1953125 0.7109375
vt 0.16015625 0.7109375
vt 0.125 0.7265625
vt 0.16015625 0.7265625
vt 0.16015625 0.7109375
vt 0.125 0.7109375
vt 0.23046875 0.7265625
vt 0.265625 0.7265625
vt 0.265625 0.7109375
vt 0.23046875 0.7109375
vt 0.1953125 0.7265625
vt 0.23046875 0.7265625
vt 0.23046875 0.7109375
vt 0.1953125 0.7109375
vt 0.1953125 0.7265625
vt 0.16015625 0.7265625
vt 0.16015625 0.76171875
vt 0.1953125 0.76171875
vt 0.23046875 0.76171875
vt 0.1953125 0.76171875
vt 0.1953125 0.7265625
vt 0.23046875 0.7265625
vn 0 0 -1
vn 1 0 0
vn 0 0 1
vn -1 0 0
vn 0 1 0
vn 0 -1 0
usemtl m_f18e4d70-e62f-3225-0177-13cdc6e50965
f 28/76/19 31/75/19 29/74/19 26/73/19
f 27/80/20 28/79/20 26/78/20 25/77/20
f 32/84/21 27/83/21 25/82/21 30/81/21
f 31/88/22 32/87/22 30/86/22 29/85/22
f 30/92/23 25/91/23 26/90/23 29/89/23
f 31/96/24 28/95/24 27/94/24 32/93/24
o hat
v 0.34375 1.4374375 0.34375
v 0.34375 1.4374375 -0.34375
v 0.34375 1.4374375 0.34375
v 0.34375 1.4374375 -0.34375
v -0.34375 1.4374375 -0.34375
v -0.34375 1.4374375 0.34375
v -0.34375 1.4374375 -0.34375
v -0.34375 1.4374375 0.34375
vt 0.04296875 0.78125
vt 0.0859375 0.78125
vt 0.0859375 0.78125
vt 0.04296875 0.78125
vt 0 0.78125
vt 0.04296875 0.78125
vt 0.04296875 0.78125
vt 0 0.78125
vt 0.12890625 0.78125
vt 0.171875 0.78125
vt 0.171875 0.78125
vt 0.12890625 0.78125
vt 0.0859375 0.78125
vt 0.12890625 0.78125
vt 0.12890625 0.78125
vt 0.0859375 0.78125
vt 0.0859375 0.78125
vt 0.04296875 0.78125
vt 0.04296875 0.82421875
vt 0.0859375 0.82421875
vt 0.12890625 0.82421875
vt 0.0859375 0.82421875
vt 0.0859375 0.78125
vt 0.12890625 0.78125
vn 0 0 -1
vn 1 0 0
vn 0 0 1
vn -1 0 0
vn 0 1 0
vn 0 -1 0
usemtl m_f18e4d70-e62f-3225-0177-13cdc6e50965
f 36/100/25 39/99/25 37/98/25 34/97/25
f 35/104/26 36/103/26 34/102/26 33/101/26
f 40/108/27 35/107/27 33/106/27 38/105/27
f 39/112/28 40/111/28 38/110/28 37/109/28
f 38/116/29 33/115/29 34/114/29 37/113/29
f 39/120/30 36/119/30 35/118/30 40/117/30
o hat
v 0.15625 1.5 -0.28125
v 0.15625 1.5 -0.34375
v 0.15625 1.4375 -0.28125
v 0.15625 1.4375 -0.34375
v 0.03125 1.5 -0.34375
v 0.03125 1.5 -0.28125
v 0.03125 1.4375 -0.34375
v 0.03125 1.4375 -0.28125
vt 0.00390625 0.390625
vt 0.01171875 0.390625
vt 0.01171875 0.38671875
vt 0.00390625 0.38671875
vt 0 0.390625
vt 0.00390625 0.390625
vt 0.00390625 0.38671875
vt 0 0.38671875
vt 0.015625 0.390625
vt 0.0234375 0.390625
vt 0.0234375 0.38671875
vt 0.015625 0.38671875
vt 0.01171875 0.390625
vt 0.015625 0.390625
vt 0.015625 0.38671875
vt 0.01171875 0.38671875
vt 0.01171875 0.390625
vt 0.00390625 0.390625
vt 0.00390625 0.39453125
vt 0.01171875 0.39453125
vt 0.01953125 0.39453125
vt 0.01171875 0.39453125
vt 0.01171875 0.390625
vt 0.01953125 0.390625
vn 0 0 -1
vn 1 0 0
vn 0 0 1
vn -1 0 0
vn 0 1 0
vn 0 -1 0
usemtl m_f18e4d70-e62f-3225-0177-13cdc6e50965
f 44/124/31 47/123/31 45/122/31 42/121/31
f 43/128/32 44/127/32 42/126/32 41/125/32
f 48/132/33 43/131/33 41/130/33 46/129/33
f 47/136/34 48/135/34 46/134/34 45/133/34
f 46/140/35 41/139/35 42/138/35 45/137/35
f 47/144/36 44/143/36 43/142/36 48/141/36
o hat
v -0.21875 1.5 -0.21875
v -0.21875 1.5 -0.34375
v -0.21875 1.4375 -0.21875
v -0.21875 1.4375 -0.34375
v -0.34375 1.5 -0.34375
v -0.34375 1.5 -0.21875
v -0.34375 1.4375 -0.34375
v -0.34375 1.4375 -0.21875
vt 0.0390625 0.40234375
vt 0.046875 0.40234375
vt 0.046875 0.3984375
vt 0.0390625 0.3984375
vt 0.03125 0.40234375
vt 0.0390625 0.40234375
vt 0.0390625 0.3984375
vt 0.03125 0.3984375
vt 0.0546875 0.40234375
vt 0.0625 0.40234375
vt 0.0625 0.3984375
vt 0.0546875 0.3984375
vt 0.046875 0.40234375
vt 0.0546875 0.40234375
vt 0.0546875 0.3984375
vt 0.046875 0.3984375
vt 0.046875 0.40234375
vt 0.0390625 0.40234375
vt 0.0390625 0.41015625
vt 0.046875 0.41015625
vt 0.0546875 0.41015625
vt 0.046875 0.41015625
vt 0.046875 0.40234375
vt 0.0546875 0.40234375
vn 0 0 -1
vn 1 0 0
vn 0 0 1
vn -1 0 0
vn 0 1 0
vn 0 -1 0
usemtl m_f18e4d70-e62f-3225-0177-13cdc6e50965
f 52/148/37 55/147/37 53/146/37 50/145/37
f 51/152/38 52/151/38 50/150/38 49/149/38
f 56/156/39 51/155/39 49/154/39 54/153/39
f 55/160/40 56/159/40 54/158/40 53/157/40
f 54/164/41 49/163/41 50/162/41 53/161/41
f 55/168/42 52/167/42 51/166/42 56/165/42
o hat
v -0.28125 1.5 0.15625
v -0.28125 1.5 0.03125
v -0.28125 1.4375 0.15625
v -0.28125 1.4375 0.03125
v -0.34375 1.5 0.03125
v -0.34375 1.5 0.15625
v -0.34375 1.4375 0.03125
v -0.34375 1.4375 0.15625
vt 0.1875 0.40234375
vt 0.19140625 0.40234375
vt 0.19140625 0.3984375
vt 0.1875 0.3984375
vt 0.1796875 0.40234375
vt 0.1875 0.40234375
vt 0.1875 0.3984375
vt 0.1796875 0.3984375
vt 0.19921875 0.40234375
vt 0.203125 0.40234375
vt 0.203125 0.3984375
vt 0.19921875 0.3984375
vt 0.19140625 0.40234375
vt 0.19921875 0.40234375
vt 0.19921875 0.3984375
vt 0.19140625 0.3984375
vt 0.19140625 0.40234375
vt 0.1875 0.40234375
vt 0.1875 0.41015625
vt 0.19140625 0.41015625
vt 0.1953125 0.41015625
vt 0.19140625 0.41015625
vt 0.19140625 0.40234375
vt 0.1953125 0.40234375
vn 0 0 -1
vn 1 0 0
vn 0 0 1
vn -1 0 0
vn 0 1 0
vn 0 -1 0
usemtl m_f18e4d70-e62f-3225-0177-13cdc6e50965
f 60/172/43 63/171/43 61/170/43 58/169/43
f 59/176/44 60/175/44 58/174/44 57/173/44
f 64/180/45 59/179/45 57/178/45 62/177/45
f 63/184/46 64/183/46 62/182/46 61/181/46
f 62/188/47 57/187/47 58/186/47 61/185/47
f 63/192/48 60/191/48 59/190/48 64/189/48
o hat
v -0.28125 1.5 -0.03125
v -0.28125 1.5 -0.15625
v -0.28125 1.4375 -0.03125
v -0.28125 1.4375 -0.15625
v -0.34375 1.5 -0.15625
v -0.34375 1.5 -0.03125
v -0.34375 1.4375 -0.15625
v -0.34375 1.4375 -0.03125
vt 0.1640625 0.40234375
vt 0.16796875 0.40234375
vt 0.16796875 0.3984375
vt 0.1640625 0.3984375
vt 0.15625 0.40234375
vt 0.1640625 0.40234375
vt 0.1640625 0.3984375
vt 0.15625 0.3984375
vt 0.17578125 0.40234375
vt 0.1796875 0.40234375
vt 0.1796875 0.3984375
vt 0.17578125 0.3984375
vt 0.16796875 0.40234375
vt 0.17578125 0.40234375
vt 0.17578125 0.3984375
vt 0.16796875 0.3984375
vt 0.16796875 0.40234375
vt 0.1640625 0.40234375
vt 0.1640625 0.41015625
vt 0.16796875 0.41015625
vt 0.171875 0.41015625
vt 0.16796875 0.41015625
vt 0.16796875 0.40234375
vt 0.171875 0.40234375
vn 0 0 -1
vn 1 0 0
vn 0 0 1
vn -1 0 0
vn 0 1 0
vn 0 -1 0
usemtl m_f18e4d70-e62f-3225-0177-13cdc6e50965
f 68/196/49 71/195/49 69/194/49 66/193/49
f 67/200/50 68/199/50 66/198/50 65/197/50
f 72/204/51 67/203/51 65/202/51 70/201/51
f 71/208/52 72/207/52 70/206/52 69/205/52
f 70/212/53 65/211/53 66/210/53 69/209/53
f 71/216/54 68/215/54 67/214/54 72/213/54
o hat
v -0.03125 1.5 0.34375
v -0.03125 1.5 0.28125
v -0.03125 1.4375 0.34375
v -0.03125 1.4375 0.28125
v -0.15625 1.5 0.28125
v -0.15625 1.5 0.34375
v -0.15625 1.4375 0.28125
v -0.15625 1.4375 0.34375
vt 0.25390625 0.3984375
vt 0.26171875 0.3984375
vt 0.26171875 0.39453125
vt 0.25390625 0.39453125
vt 0.25 0.3984375
vt 0.25390625 0.3984375
vt 0.25390625 0.39453125
vt 0.25 0.39453125
vt 0.265625 0.3984375
vt 0.2734375 0.3984375
vt 0.2734375 0.39453125
vt 0.265625 0.39453125
vt 0.26171875 0.3984375
vt 0.265625 0.3984375
vt 0.265625 0.39453125
vt 0.26171875 0.39453125
vt 0.26171875 0.3984375
vt 0.25390625 0.3984375
vt 0.25390625 0.40234375
vt 0.26171875 0.40234375
vt 0.26953125 0.40234375
vt 0.26171875 0.40234375
vt 0.26171875 0.3984375
vt 0.26953125 0.3984375
vn 0 0 -1
vn 1 0 0
vn 0 0 1
vn -1 0 0
vn 0 1 0
vn 0 -1 0
usemtl m_f18e4d70-e62f-3225-0177-13cdc6e50965
f 76/220/55 79/219/55 77/218/55 74/217/55
f 75/224/56 76/223/56 74/222/56 73/221/56
f 80/228/57 75/227/57 73/226/57 78/225/57
f 79/232/58 80/231/58 78/230/58 77/229/58
f 78/236/59 73/235/59 74/234/59 77/233/59
f 79/240/60 76/239/60 75/238/60 80/237/60
o hat
v -0.21875 1.5 0.34375
v -0.21875 1.5 0.21875
v -0.21875 1.4375 0.34375
v -0.21875 1.4375 0.21875
v -0.34375 1.5 0.21875
v -0.34375 1.5 0.34375
v -0.34375 1.4375 0.21875
v -0.34375 1.4375 0.34375
vt 0.0078125 0.40234375
vt 0.015625 0.40234375
vt 0.015625 0.3984375
vt 0.0078125 0.3984375
vt 0 0.40234375
vt 0.0078125 0.40234375
vt 0.0078125 0.3984375
vt 0 0.3984375
vt 0.0234375 0.40234375
vt 0.03125 0.40234375
vt 0.03125 0.3984375
vt 0.0234375 0.3984375
vt 0.015625 0.40234375
vt 0.0234375 0.40234375
vt 0.0234375 0.3984375
vt 0.015625 0.3984375
vt 0.015625 0.40234375
vt 0.0078125 0.40234375
vt 0.0078125 0.41015625
vt 0.015625 0.41015625
vt 0.0234375 0.41015625
vt 0.015625 0.41015625
vt 0.015625 0.40234375
vt 0.0234375 0.40234375
vn 0 0 -1
vn 1 0 0
vn 0 0 1
vn -1 0 0
vn 0 1 0
vn 0 -1 0
usemtl m_f18e4d70-e62f-3225-0177-13cdc6e50965
f 84/244/61 87/243/61 85/242/61 82/241/61
f 83/248/62 84/247/62 82/246/62 81/245/62
f 88/252/63 83/251/63 81/250/63 86/249/63
f 87/256/64 88/255/64 86/254/64 85/253/64
f 86/260/65 81/259/65 82/258/65 85/257/65
f 87/264/66 84/263/66 83/262/66 88/261/66
o hat
v 0.15625 1.5 0.34375
v 0.15625 1.5 0.28125
v 0.15625 1.4375 0.34375
v 0.15625 1.4375 0.28125
v 0.03125 1.5 0.28125
v 0.03125 1.5 0.34375
v 0.03125 1.4375 0.28125
v 0.03125 1.4375 0.34375
vt 0.25390625 0.40625
vt 0.26171875 0.40625
vt 0.26171875 0.40234375
vt 0.25390625 0.40234375
vt 0.25 0.40625
vt 0.25390625 0.40625
vt 0.25390625 0.40234375
vt 0.25 0.40234375
vt 0.265625 0.40625
vt 0.2734375 0.40625
vt 0.2734375 0.40234375
vt 0.265625 0.40234375
vt 0.26171875 0.40625
vt 0.265625 0.40625
vt 0.265625 0.40234375
vt 0.26171875 0.40234375
vt 0.26171875 0.40625
vt 0.25390625 0.40625
vt 0.25390625 0.41015625
vt 0.26171875 0.41015625
vt 0.26953125 0.41015625
vt 0.26171875 0.41015625
vt 0.26171875 0.40625
vt 0.26953125 0.40625
vn 0 0 -1
vn 1 0 0
vn 0 0 1
vn -1 0 0
vn 0 1 0
vn 0 -1 0
usemtl m_f18e4d70-e62f-3225-0177-13cdc6e50965
f 92/268/67 95/267/67 93/266/67 90/265/67
f 91/272/68 92/271/68 90/270/68 89/269/68
f 96/276/69 91/275/69 89/274/69 94/273/69
f 95/280/70 96/279/70 94/278/70 93/277/70
f 94/284/71 89/283/71 90/282/71 93/281/71
f 95/288/72 92/287/72 91/286/72 96/285/72
o hat
v 0.34375 1.5 0.15625
v 0.34375 1.5 0.03125
v 0.34375 1.4375 0.15625
v 0.34375 1.4375 0.03125
v 0.28125 1.5 0.03125
v 0.28125 1.5 0.15625
v 0.28125 1.4375 0.03125
v 0.28125 1.4375 0.15625
vt 0.140625 0.40234375
vt 0.14453125 0.40234375
vt 0.14453125 0.3984375
vt 0.140625 0.3984375
vt 0.1328125 0.40234375
vt 0.140625 0.40234375
vt 0.140625 0.3984375
vt 0.1328125 0.3984375
vt 0.15234375 0.40234375
vt 0.15625 0.40234375
vt 0.15625 0.3984375
vt 0.15234375 0.3984375
vt 0.14453125 0.40234375
vt 0.15234375 0.40234375
vt 0.15234375 0.3984375
vt 0.14453125 0.3984375
vt 0.14453125 0.40234375
vt 0.140625 0.40234375
vt 0.140625 0.41015625
vt 0.14453125 0.41015625
vt 0.1484375 0.41015625
vt 0.14453125 0.41015625
vt 0.14453125 0.40234375
vt 0.1484375 0.40234375
vn 0 0 -1
vn 1 0 0
vn 0 0 1
vn -1 0 0
vn 0 1 0
vn 0 -1 0
usemtl m_f18e4d70-e62f-3225-0177-13cdc6e50965
f 100/292/73 103/291/73 101/290/73 98/289/73
f 99/296/74 100/295/74 98/294/74 97/293/74
f 104/300/75 99/299/75 97/298/75 102/297/75
f 103/304/76 104/303/76 102/302/76 101/301/76
f 102/308/77 97/307/77 98/306/77 101/305/77
f 103/312/78 100/311/78 99/310/78 104/309/78
o hat
v 0.34375 1.5 -0.03125
v 0.34375 1.5 -0.15625
v 0.34375 1.4375 -0.03125
v 0.34375 1.4375 -0.15625
v 0.28125 1.5 -0.15625
v 0.28125 1.5 -0.03125
v 0.28125 1.4375 -0.15625
v 0.28125 1.4375 -0.03125
vt 0.1171875 0.40234375
vt 0.12109375 0.40234375
vt 0.12109375 0.3984375
vt 0.1171875 0.3984375
vt 0.109375 0.40234375
vt 0.1171875 0.40234375
vt 0.1171875 0.3984375
vt 0.109375 0.3984375
vt 0.12890625 0.40234375
vt 0.1328125 0.40234375
vt 0.1328125 0.3984375
vt 0.12890625 0.3984375
vt 0.12109375 0.40234375
vt 0.12890625 0.40234375
vt 0.12890625 0.3984375
vt 0.12109375 0.3984375
vt 0.12109375 0.40234375
vt 0.1171875 0.40234375
vt 0.1171875 0.41015625
vt 0.12109375 0.41015625
vt 0.125 0.41015625
vt 0.12109375 0.41015625
vt 0.12109375 0.40234375
vt 0.125 0.40234375
vn 0 0 -1
vn 1 0 0
vn 0 0 1
vn -1 0 0
vn 0 1 0
vn 0 -1 0
usemtl m_f18e4d70-e62f-3225-0177-13cdc6e50965
f 108/316/79 111/315/79 109/314/79 106/313/79
f 107/320/80 108/319/80 106/318/80 105/317/80
f 112/324/81 107/323/81 105/322/81 110/321/81
f 111/328/82 112/327/82 110/326/82 109/325/82
f 110/332/83 105/331/83 106/330/83 109/329/83
f 111/336/84 108/335/84 107/334/84 112/333/84
o hat
v 0.34375 1.5 -0.21875
v 0.34375 1.5 -0.34375
v 0.34375 1.4375 -0.21875
v 0.34375 1.4375 -0.34375
v 0.21875 1.5 -0.34375
v 0.21875 1.5 -0.21875
v 0.21875 1.4375 -0.34375
v 0.21875 1.4375 -0.21875
vt 0.2578125 0.41796875
vt 0.265625 0.41796875
vt 0.265625 0.4140625
vt 0.2578125 0.4140625
vt 0.25 0.41796875
vt 0.2578125 0.41796875
vt 0.2578125 0.4140625
vt 0.25 0.4140625
vt 0.2734375 0.41796875
vt 0.28125 0.41796875
vt 0.28125 0.4140625
vt 0.2734375 0.4140625
vt 0.265625 0.41796875
vt 0.2734375 0.41796875
vt 0.2734375 0.4140625
vt 0.265625 0.4140625
vt 0.265625 0.41796875
vt 0.2578125 0.41796875
vt 0.2578125 0.42578125
vt 0.265625 0.42578125
vt 0.2734375 0.42578125
vt 0.265625 0.42578125
vt 0.265625 0.41796875
vt 0.2734375 0.41796875
vn 0 0 -1
vn 1 0 0
vn 0 0 1
vn -1 0 0
vn 0 1 0
vn 0 -1 0
usemtl m_f18e4d70-e62f-3225-0177-13cdc6e50965
f 116/340/85 119/339/85 117/338/85 114/337/85
f 115/344/86 116/343/86 114/342/86 113/341/86
f 120/348/87 115/347/87 113/346/87 118/345/87
f 119/352/88 120/351/88 118/350/88 117/349/88
f 118/356/89 113/355/89 114/354/89 117/353/89
f 119/360/90 116/359/90 115/358/90 120/357/90
o hat
v 0.34375 1.5 0.34375
v 0.34375 1.5 0.21875
v 0.34375 1.4375 0.34375
v 0.34375 1.4375 0.21875
v 0.21875 1.5 0.21875
v 0.21875 1.5 0.34375
v 0.21875 1.4375 0.21875
v 0.21875 1.4375 0.34375
vt 0.2890625 0.41796875
vt 0.296875 0.41796875
vt 0.296875 0.4140625
vt 0.2890625 0.4140625
vt 0.28125 0.41796875
vt 0.2890625 0.41796875
vt 0.2890625 0.4140625
vt 0.28125 0.4140625
vt 0.3046875 0.41796875
vt 0.3125 0.41796875
vt 0.3125 0.4140625
vt 0.3046875 0.4140625
vt 0.296875 0.41796875
vt 0.3046875 0.41796875
vt 0.3046875 0.4140625
vt 0.296875 0.4140625
vt 0.296875 0.41796875
vt 0.2890625 0.41796875
vt 0.2890625 0.42578125
vt 0.296875 0.42578125
vt 0.3046875 0.42578125
vt 0.296875 0.42578125
vt 0.296875 0.41796875
vt 0.3046875 0.41796875
vn 0 0 -1
vn 1 0 0
vn 0 0 1
vn -1 0 0
vn 0 1 0
vn 0 -1 0
usemtl m_f18e4d70-e62f-3225-0177-13cdc6e50965
f 124/364/91 127/363/91 125/362/91 122/361/91
f 123/368/92 124/367/92 122/366/92 121/365/92
f 128/372/93 123/371/93 121/370/93 126/369/93
f 127/376/94 128/375/94 126/374/94 125/373/94
f 126/380/95 121/379/95 122/378/95 125/377/95
f 127/384/96 124/383/96 123/382/96 128/381/96
o hat
v -0.03125 1.5 -0.28125
v -0.03125 1.5 -0.34375
v -0.03125 1.4375 -0.28125
v -0.03125 1.4375 -0.34375
v -0.15625 1.5 -0.34375
v -0.15625 1.5 -0.28125
v -0.15625 1.4375 -0.34375
v -0.15625 1.4375 -0.28125
vt 0.27734375 0.40625
vt 0.28515625 0.40625
vt 0.28515625 0.40234375
vt 0.27734375 0.40234375
vt 0.2734375 0.40625
vt 0.27734375 0.40625
vt 0.27734375 0.40234375
vt 0.2734375 0.40234375
vt 0.2890625 0.40625
vt 0.296875 0.40625
vt 0.296875 0.40234375
vt 0.2890625 0.40234375
vt 0.28515625 0.40625
vt 0.2890625 0.40625
vt 0.2890625 0.40234375
vt 0.28515625 0.40234375
vt 0.28515625 0.40625
vt 0.27734375 0.40625
vt 0.27734375 0.41015625
vt 0.28515625 0.41015625
vt 0.29296875 0.41015625
vt 0.28515625 0.41015625
vt 0.28515625 0.40625
vt 0.29296875 0.40625
vn 0 0 -1
vn 1 0 0
vn 0 0 1
vn -1 0 0
vn 0 1 0
vn 0 -1 0
usemtl m_f18e4d70-e62f-3225-0177-13cdc6e50965
f 132/388/97 135/387/97 133/386/97 130/385/97
f 131/392/98 132/391/98 130/390/98 129/389/98
f 136/396/99 131/395/99 129/394/99 134/393/99
f 135/400/100 136/399/100 134/398/100 133/397/100
f 134/404/101 129/403/101 130/402/101 133/401/101
f 135/408/102 132/407/102 131/406/102 136/405/102
o headband2
v 0.34878607838087794 1.5193860073850933 -0.0441941738241592
v 0.46638821121705 1.580605802814214 -0.1767766952966368
v 0.262208213399309 1.6857005386060098 -0.0441941738241592
v 0.3798103462354808 1.7469203340351305 -0.1767766952966368
v 0.5055889221624404 1.6010124012905875 -0.13258252147247757
v 0.3879867893262686 1.539792605861467 4.163336342344337e-17
v 0.4190110571808715 1.767326932511504 -0.13258252147247757
v 0.3014089243446997 1.7061071370823835 4.163336342344337e-17
vt 0.20703125 0.453125
vt 0.2109375 0.453125
vt 0.2109375 0.44140625
vt 0.20703125 0.44140625
vt 0.1953125 0.453125
vt 0.20703125 0.453125
vt 0.20703125 0.44140625
vt 0.1953125 0.44140625
vt 0.22265625 0.453125
vt 0.2265625 0.453125
vt 0.2265625 0.44140625
vt 0.22265625 0.44140625
vt 0.2109375 0.453125
vt 0.22265625 0.453125
vt 0.22265625 0.44140625
vt 0.2109375 0.44140625
vt 0.2109375 0.453125
vt 0.20703125 0.453125
vt 0.20703125 0.46484375
vt 0.2109375 0.46484375
vt 0.21484375 0.46484375
vt 0.2109375 0.46484375
vt 0.2109375 0.453125
vt 0.21484375 0.453125
vn 0.6272113751262501 0.32650557562197696 -0.7071067811865475
vn -0.62721137512625 -0.3265055756219769 -0.7071067811865476
vn -0.6272113751262501 -0.32650557562197696 0.7071067811865475
vn 0.62721137512625 0.3265055756219769 0.7071067811865476
vn 0.461748613235034 -0.8870108331782218 0
vn -0.461748613235034 0.8870108331782218 0
usemtl m_f18e4d70-e62f-3225-0177-13cdc6e50965
f 140/412/103 143/411/103 141/410/103 138/409/103
f 139/416/104 140/415/104 138/414/104 137/413/104
f 144/420/105 139/419/105 137/418/105 142/417/105
f 143/424/106 144/423/106 142/422/106 141/421/106
f 142/428/107 137/427/107 138/426/107 141/425/107
f 143/432/108 140/431/108 139/430/108 144/429/108
o headband
v 0.3023705453536899 1.5128389531771294 9.71445146547012e-17
v 0.3415712562990806 1.5332455516535028 -0.04419417382415915
v 0.21579268037212107 1.679153484398046 9.71445146547012e-17
v 0.25499339131751164 1.6995600828744195 -0.04419417382415915
v 0.4983741000806431 1.614871945558997 0.13258252147247773
v 0.4591733891352524 1.5944653470826236 0.17677669529663698
v 0.41179623509907415 1.7811864767799137 0.13258252147247773
v 0.37259552415368347 1.76077987830354 0.17677669529663698
vt 0.234375 0.45703125
vt 0.25 0.45703125
vt 0.25 0.4453125
vt 0.234375 0.4453125
vt 0.23046875 0.45703125
vt 0.234375 0.45703125
vt 0.234375 0.4453125
vt 0.23046875 0.4453125
vt 0.25390625 0.45703125
vt 0.26953125 0.45703125
vt 0.26953125 0.4453125
vt 0.25390625 0.4453125
vt 0.25 0.45703125
vt 0.25390625 0.45703125
vt 0.25390625 0.4453125
vt 0.25 0.4453125
vt 0.25 0.45703125
vt 0.234375 0.45703125
vt 0.234375 0.4609375
vt 0.25 0.4609375
vt 0.265625 0.4609375
vt 0.25 0.4609375
vt 0.25 0.45703125
vt 0.265625 0.45703125
vn 0.6272113751262501 0.32650557562197696 -0.7071067811865475
vn -0.62721137512625 -0.3265055756219769 -0.7071067811865476
vn -0.6272113751262501 -0.32650557562197696 0.7071067811865475
vn 0.62721137512625 0.3265055756219769 0.7071067811865476
vn 0.461748613235034 -0.8870108331782218 0
vn -0.461748613235034 0.8870108331782218 0
usemtl m_f18e4d70-e62f-3225-0177-13cdc6e50965
f 148/436/109 151/435/109 149/434/109 146/433/109
f 147/440/110 148/439/110 146/438/110 145/437/110
f 152/444/111 147/443/111 145/442/111 150/441/111
f 151/448/112 152/447/112 150/446/112 149/445/112
f 150/452/113 145/451/113 146/450/113 149/449/113
f 151/456/114 148/455/114 147/454/114 152/453/114
o armRight
v 0.32720226681155723 1.0899328484393023 0.0625
v 0.32720226681155723 1.0899328484393023 -0.0625
v 0.5385113976819069 0.6367789549209774 0.0625
v 0.5385113976819069 0.6367789549209774 -0.0625
v 0.21391379343197603 1.037105565721715 -0.0625
v 0.21391379343197603 1.037105565721715 0.0625
v 0.4252229243023257 0.58395167220339 -0.0625
v 0.4252229243023257 0.58395167220339 0.0625
vt 0.0546875 0.45703125
vt 0.0625 0.45703125
vt 0.0625 0.42578125
vt 0.0546875 0.42578125
vt 0.046875 0.45703125
vt 0.0546875 0.45703125
vt 0.0546875 0.42578125
vt 0.046875 0.42578125
vt 0.0703125 0.45703125
vt 0.078125 0.45703125
vt 0.078125 0.42578125
vt 0.0703125 0.42578125
vt 0.0625 0.45703125
vt 0.0703125 0.45703125
vt 0.0703125 0.42578125
vt 0.0625 0.42578125
vt 0.0625 0.45703125
vt 0.0546875 0.45703125
vt 0.0546875 0.46484375
vt 0.0625 0.46484375
vt 0.0703125 0.46484375
vt 0.0625 0.46484375
vt 0.0625 0.45703125
vt 0.0703125 0.45703125
vn 0 0 -1
vn 0.9063077870366499 0.42261826174069944 0
vn 0 0 1
vn -0.9063077870366499 -0.42261826174069944 0
vn -0.42261826174069944 0.9063077870366499 0
vn 0.42261826174069944 -0.9063077870366499 0
usemtl m_f18e4d70-e62f-3225-0177-13cdc6e50965
f 156/460/115 159/459/115 157/458/115 154/457/115
f 155/464/116 156/463/116 154/462/116 153/461/116
f 160/468/117 155/467/117 153/466/117 158/465/117
f 159/472/118 160/471/118 158/470/118 157/469/118
f 158/476/119 153/475/119 154/474/119 157/473/119
f 159/480/120 156/479/120 155/478/120 160/477/120
o armRight
v 0.32911074379765887 1.1597839058084898 0.09375
v 0.32911074379765887 1.1597839058084898 -0.09375
v 0.43476530923283374 0.9332069590493273 0.09375
v 0.43476530923283374 0.9332069590493273 -0.09375
v 0.15917803372828698 1.0805429817321086 -0.09375
v 0.15917803372828698 1.0805429817321086 0.09375
v 0.26483259916346186 0.8539660349729461 -0.09375
v 0.26483259916346186 0.8539660349729461 0.09375
vt 0.01171875 0.453125
vt 0.0234375 0.453125
vt 0.0234375 0.4375
vt 0.01171875 0.4375
vt 0 0.453125
vt 0.01171875 0.453125
vt 0.01171875 0.4375
vt 0 0.4375
vt 0.03515625 0.453125
vt 0.046875 0.453125
vt 0.046875 0.4375
vt 0.03515625 0.4375
vt 0.0234375 0.453125
vt 0.03515625 0.453125
vt 0.03515625 0.4375
vt 0.0234375 0.4375
vt 0.0234375 0.453125
vt 0.01171875 0.453125
vt 0.01171875 0.46484375
vt 0.0234375 0.46484375
vt 0.03515625 0.46484375
vt 0.0234375 0.46484375
vt 0.0234375 0.453125
vt 0.03515625 0.453125
vn 0 0 -1
vn 0.9063077870366499 0.42261826174069944 0
vn 0 0 1
vn -0.9063077870366499 -0.42261826174069944 0
vn -0.42261826174069944 0.9063077870366499 0
vn 0.42261826174069944 -0.9063077870366499 0
usemtl m_f18e4d70-e62f-3225-0177-13cdc6e50965
f 164/484/121 167/483/121 165/482/121 162/481/121
f 163/488/122 164/487/122 162/486/122 161/485/122
f 168/492/123 163/491/123 161/490/123 166/489/123
f 167/496/124 168/495/124 166/494/124 165/493/124
f 166/500/125 161/499/125 162/498/125 165/497/125
f 167/504/126 164/503/126 163/502/126 168/501/126
o armLeft
v -0.15917803372828698 1.0805429817321086 0.09375
v -0.15917803372828698 1.0805429817321086 -0.09375
v -0.26483259916346186 0.8539660349729461 0.09375
v -0.26483259916346186 0.8539660349729461 -0.09375
v -0.32911074379765887 1.1597839058084898 -0.09375
v -0.32911074379765887 1.1597839058084898 0.09375
v -0.43476530923283374 0.9332069590493273 -0.09375
v -0.43476530923283374 0.9332069590493273 0.09375
vt 0.01171875 0.453125
vt 0.0234375 0.453125
vt 0.0234375 0.4375
vt 0.01171875 0.4375
vt 0 0.453125
vt 0.01171875 0.453125
vt 0.01171875 0.4375
vt 0 0.4375
vt 0.03515625 0.453125
vt 0.046875 0.453125
vt 0.046875 0.4375
vt 0.03515625 0.4375
vt 0.0234375 0.453125
vt 0.03515625 0.453125
vt 0.03515625 0.4375
vt 0.0234375 0.4375
vt 0.0234375 0.453125
vt 0.01171875 0.453125
vt 0.01171875 0.46484375
vt 0.0234375 0.46484375
vt 0.03515625 0.46484375
vt 0.0234375 0.46484375
vt 0.0234375 0.453125
vt 0.03515625 0.453125
vn 0 0 -1
vn 0.9063077870366499 -0.42261826174069944 0
vn 0 0 1
vn -0.9063077870366499 0.42261826174069944 0
vn 0.42261826174069944 0.9063077870366499 0
vn -0.42261826174069944 -0.9063077870366499 0
usemtl m_f18e4d70-e62f-3225-0177-13cdc6e50965
f 172/508/127 175/507/127 173/506/127 170/505/127
f 171/512/128 172/511/128 170/510/128 169/509/128
f 176/516/129 171/515/129 169/514/129 174/513/129
f 175/520/130 176/519/130 174/518/130 173/517/130
f 174/524/131 169/523/131 170/522/131 173/521/131
f 175/528/132 172/527/132 171/526/132 176/525/132
o armLeft
v -0.21391379343197603 1.037105565721715 0.0625
v -0.21391379343197603 1.037105565721715 -0.0625
v -0.4252229243023257 0.58395167220339 0.0625
v -0.4252229243023257 0.58395167220339 -0.0625
v -0.32720226681155723 1.0899328484393023 -0.0625
v -0.32720226681155723 1.0899328484393023 0.0625
v -0.5385113976819069 0.6367789549209774 -0.0625
v -0.5385113976819069 0.6367789549209774 0.0625
vt 0.0546875 0.45703125
vt 0.0625 0.45703125
vt 0.0625 0.42578125
vt 0.0546875 0.42578125
vt 0.046875 0.45703125
vt 0.0546875 0.45703125
vt 0.0546875 0.42578125
vt 0.046875 0.42578125
vt 0.0703125 0.45703125
vt 0.078125 0.45703125
vt 0.078125 0.42578125
vt 0.0703125 0.42578125
vt 0.0625 0.45703125
vt 0.0703125 0.45703125
vt 0.0703125 0.42578125
vt 0.0625 0.42578125
vt 0.0625 0.45703125
vt 0.0546875 0.45703125
vt 0.0546875 0.46484375
vt 0.0625 0.46484375
vt 0.0703125 0.46484375
vt 0.0625 0.46484375
vt 0.0625 0.45703125
vt 0.0703125 0.45703125
vn 0 0 -1
vn 0.9063077870366499 -0.42261826174069944 0
vn 0 0 1
vn -0.9063077870366499 0.42261826174069944 0
vn 0.42261826174069944 0.9063077870366499 0
vn -0.42261826174069944 -0.9063077870366499 0
usemtl m_f18e4d70-e62f-3225-0177-13cdc6e50965
f 180/532/133 183/531/133 181/530/133 178/529/133
f 179/536/134 180/535/134 178/534/134 177/533/134
f 184/540/135 179/539/135 177/538/135 182/537/135
f 183/544/136 184/543/136 182/542/136 181/541/136
f 182/548/137 177/547/137 178/546/137 181/545/137
f 183/552/138 180/551/138 179/550/138 184/549/138
o body
v 0.1875 1.125 0.1875
v 0.1875 1.125 -0.1875
v 0.1875 0.75 0.1875
v 0.1875 0.75 -0.1875
v -0.1875 1.125 -0.1875
v -0.1875 1.125 0.1875
v -0.1875 0.75 -0.1875
v -0.1875 0.75 0.1875
vt 0.2109375 0.62109375
vt 0.234375 0.62109375
vt 0.234375 0.59765625
vt 0.2109375 0.59765625
vt 0.1875 0.62109375
vt 0.2109375 0.62109375
vt 0.2109375 0.59765625
vt 0.1875 0.59765625
vt 0.2578125 0.62109375
vt 0.28125 0.62109375
vt 0.28125 0.59765625
vt 0.2578125 0.59765625
vt 0.234375 0.62109375
vt 0.2578125 0.62109375
vt 0.2578125 0.59765625
vt 0.234375 0.59765625
vt 0.234375 0.62109375
vt 0.2109375 0.62109375
vt 0.2109375 0.64453125
vt 0.234375 0.64453125
vt 0.2578125 0.64453125
vt 0.234375 0.64453125
vt 0.234375 0.62109375
vt 0.2578125 0.62109375
vn 0 0 -1
vn 1 0 0
vn 0 0 1
vn -1 0 0
vn 0 1 0
vn 0 -1 0
usemtl m_f18e4d70-e62f-3225-0177-13cdc6e50965
f 188/556/139 191/555/139 189/554/139 186/553/139
f 187/560/140 188/559/140 186/558/140 185/557/140
f 192/564/141 187/563/141 185/562/141 190/561/141
f 191/568/142 192/567/142 190/566/142 189/565/142
f 190/572/143 185/571/143 186/570/143 189/569/143
f 191/576/144 188/575/144 187/574/144 192/573/144
o body
v 0.1875 0.75 0.1875
v 0.1875 0.75 -0.1875
v 0.1875 0.5625 0.1875
v 0.1875 0.5625 -0.1875
v -0.1875 0.75 -0.1875
v -0.1875 0.75 0.1875
v -0.1875 0.5625 -0.1875
v -0.1875 0.5625 0.1875
vt 0.2109375 0.61328125
vt 0.234375 0.61328125
vt 0.234375 0.6015625
vt 0.2109375 0.6015625
vt 0.1875 0.61328125
vt 0.2109375 0.61328125
vt 0.2109375 0.6015625
vt 0.1875 0.6015625
vt 0.2578125 0.61328125
vt 0.28125 0.61328125
vt 0.28125 0.6015625
vt 0.2578125 0.6015625
vt 0.234375 0.61328125
vt 0.2578125 0.61328125
vt 0.2578125 0.6015625
vt 0.234375 0.6015625
vt 0.234375 0.61328125
vt 0.2109375 0.61328125
vt 0.2109375 0.63671875
vt 0.234375 0.63671875
vt 0.2578125 0.63671875
vt 0.234375 0.63671875
vt 0.234375 0.61328125
vt 0.2578125 0.61328125
vn 0 0 -1
vn 1 0 0
vn 0 0 1
vn -1 0 0
vn 0 1 0
vn 0 -1 0
usemtl m_f18e4d70-e62f-3225-0177-13cdc6e50965
f 196/580/145 199/579/145 197/578/145 194/577/145
f 195/584/146 196/583/146 194/582/146 193/581/146
f 200/588/147 195/587/147 193/586/147 198/585/147
f 199/592/148 200/591/148 198/590/148 197/589/148
f 198/596/149 193/595/149 194/594/149 197/593/149
f 199/600/150 196/599/150 195/598/150 200/597/150
o body
v 0.24375 0.55625 0.11875
v 0.24375 0.55625 -0.11875
v 0.24375 0.44375 0.11875
v 0.24375 0.44375 -0.11875
v -0.24375 0.55625 -0.11875
v -0.24375 0.55625 0.11875
v -0.24375 0.44375 -0.11875
v -0.24375 0.44375 0.11875
vt 0.09375 0.58203125
vt 0.125 0.58203125
vt 0.125 0.57421875
vt 0.09375 0.57421875
vt 0.078125 0.58203125
vt 0.09375 0.58203125
vt 0.09375 0.57421875
vt 0.078125 0.57421875
vt 0.140625 0.58203125
vt 0.171875 0.58203125
vt 0.171875 0.57421875
vt 0.140625 0.57421875
vt 0.125 0.58203125
vt 0.140625 0.58203125
vt 0.140625 0.57421875
vt 0.125 0.57421875
vt 0.125 0.58203125
vt 0.09375 0.58203125
vt 0.09375 0.59765625
vt 0.125 0.59765625
vt 0.15625 0.59765625
vt 0.125 0.59765625
vt 0.125 0.58203125
vt 0.15625 0.58203125
vn 0 0 -1
vn 1 0 0
vn 0 0 1
vn -1 0 0
vn 0 1 0
vn 0 -1 0
usemtl m_f18e4d70-e62f-3225-0177-13cdc6e50965
f 204/604/151 207/603/151 205/602/151 202/601/151
f 203/608/152 204/607/152 202/606/152 201/605/152
f 208/612/153 203/611/153 201/610/153 206/609/153
f 207/616/154 208/615/154 206/614/154 205/613/154
f 206/620/155 201/619/155 202/618/155 205/617/155
f 207/624/156 204/623/156 203/622/156 208/621/156
o bone77
v 0.08570752147247784 1.03125 -0.171875
v 0.08570752147247784 1.03125 -0.234375
v -0.002680826175840645 0.9428616523516815 -0.171875
v -0.002680826175840645 0.9428616523516815 -0.234375
v -0.002680826175840645 1.1196383476483185 -0.234375
v -0.002680826175840645 1.1196383476483185 -0.171875
v -0.09106917382415913 1.03125 -0.234375
v -0.09106917382415913 1.03125 -0.171875
vt 0.00390625 0.359375
vt 0.01171875 0.359375
vt 0.01171875 0.3515625
vt 0.00390625 0.3515625
vt 0 0.359375
vt 0.00390625 0.359375
vt 0.00390625 0.3515625
vt 0 0.3515625
vt 0.015625 0.359375
vt 0.0234375 0.359375
vt 0.0234375 0.3515625
vt 0.015625 0.3515625
vt 0.01171875 0.359375
vt 0.015625 0.359375
vt 0.015625 0.3515625
vt 0.01171875 0.3515625
vt 0.01171875 0.359375
vt 0.00390625 0.359375
vt 0.00390625 0.36328125
vt 0.01171875 0.36328125
vt 0.01953125 0.36328125
vt 0.01171875 0.36328125
vt 0.01171875 0.359375
vt 0.01953125 0.359375
vn 0 0 -1
vn 0.7071067811865475 -0.7071067811865476 0
vn 0 0 1
vn -0.7071067811865475 0.7071067811865476 0
vn 0.7071067811865476 0.7071067811865475 0
vn -0.7071067811865476 -0.7071067811865475 0
usemtl m_f18e4d70-e62f-3225-0177-13cdc6e50965
f 212/628/157 215/627/157 213/626/157 210/625/157
f 211/632/158 212/631/158 210/630/158 209/629/158
f 216/636/159 211/635/159 209/634/159 214/633/159
f 215/640/160 216/639/160 214/638/160 213/637/160
f 214/644/161 209/643/161 210/642/161 213/641/161
f 215/648/162 212/647/162 211/646/162 216/645/162
o sittingRotationSkirt
v 0.234375 0.78125 0.234375
v 0.234375 0.78125 -0.234375
v 0.234375 0.71875 0.234375
v 0.234375 0.71875 -0.234375
v -0.21875 0.78125 -0.234375
v -0.21875 0.78125 0.234375
v -0.21875 0.71875 -0.234375
v -0.21875 0.71875 0.234375
vt 0.34375 0.64453125
vt 0.37109375 0.64453125
vt 0.37109375 0.640625
vt 0.34375 0.640625
vt 0.31640625 0.64453125
vt 0.34375 0.64453125
vt 0.34375 0.640625
vt 0.31640625 0.640625
vt 0.3984375 0.64453125
vt 0.42578125 0.64453125
vt 0.42578125 0.640625
vt 0.3984375 0.640625
vt 0.37109375 0.64453125
vt 0.3984375 0.64453125
vt 0.3984375 0.640625
vt 0.37109375 0.640625
vt 0.37109375 0.64453125
vt 0.34375 0.64453125
vt 0.34375 0.671875
vt 0.37109375 0.671875
vt 0.3984375 0.671875
vt 0.37109375 0.671875
vt 0.37109375 0.64453125
vt 0.3984375 0.64453125
vn 0 0 -1
vn 1 0 0
vn 0 0 1
vn -1 0 0
vn 0 1 0
vn 0 -1 0
usemtl m_f18e4d70-e62f-3225-0177-13cdc6e50965
f 220/652/163 223/651/163 221/650/163 218/649/163
f 219/656/164 220/655/164 218/654/164 217/653/164
f 224/660/165 219/659/165 217/658/165 222/657/165
f 223/664/166 224/663/166 222/662/166 221/661/166
f 222/668/167 217/667/167 218/666/167 221/665/167
f 223/672/168 220/671/168 219/670/168 224/669/168
o sittingRotationSkirt
v 0.21875 0.8125 0.21875
v 0.21875 0.8125 -0.21875
v 0.21875 0.75 0.21875
v 0.21875 0.75 -0.21875
v -0.203125 0.8125 -0.21875
v -0.203125 0.8125 0.21875
v -0.203125 0.75 -0.21875
v -0.203125 0.75 0.21875
vt 0.34375 0.64453125
vt 0.3671875 0.64453125
vt 0.3671875 0.640625
vt 0.34375 0.640625
vt 0.31640625 0.64453125
vt 0.34375 0.64453125
vt 0.34375 0.640625
vt 0.31640625 0.640625
vt 0.39453125 0.64453125
vt 0.41796875 0.64453125
vt 0.41796875 0.640625
vt 0.39453125 0.640625
vt 0.3671875 0.64453125
vt 0.39453125 0.64453125
vt 0.39453125 0.640625
vt 0.3671875 0.640625
vt 0.3671875 0.64453125
vt 0.34375 0.64453125
vt 0.34375 0.671875
vt 0.3671875 0.671875
vt 0.390625 0.671875
vt 0.3671875 0.671875
vt 0.3671875 0.64453125
vt 0.390625 0.64453125
vn 0 0 -1
vn 1 0 0
vn 0 0 1
vn -1 0 0
vn 0 1 0
vn 0 -1 0
usemtl m_f18e4d70-e62f-3225-0177-13cdc6e50965
f 228/676/169 231/675/169 229/674/169 226/673/169
f 227/680/170 228/679/170 226/678/170 225/677/170
f 232/684/171 227/683/171 225/682/171 230/681/171
f 231/688/172 232/687/172 230/686/172 229/685/172
f 230/692/173 225/691/173 226/690/173 229/689/173
f 231/696/174 228/695/174 227/694/174 232/693/174
o sittingRotationSkirt
v 0.25 0.75 0.25
v 0.25 0.75 -0.25
v 0.25 0.6875 0.25
v 0.25 0.6875 -0.25
v -0.234375 0.75 -0.25
v -0.234375 0.75 0.25
v -0.234375 0.6875 -0.25
v -0.234375 0.6875 0.25
vt 0.22265625 0.78125
vt 0.25 0.78125
vt 0.25 0.77734375
vt 0.22265625 0.77734375
vt 0.19140625 0.78125
vt 0.22265625 0.78125
vt 0.22265625 0.77734375
vt 0.19140625 0.77734375
vt 0.28125 0.78125
vt 0.30859375 0.78125
vt 0.30859375 0.77734375
vt 0.28125 0.77734375
vt 0.25 0.78125
vt 0.28125 0.78125
vt 0.28125 0.77734375
vt 0.25 0.77734375
vt 0.25 0.78125
vt 0.22265625 0.78125
vt 0.22265625 0.8125
vt 0.25 0.8125
vt 0.27734375 0.8125
vt 0.25 0.8125
vt 0.25 0.78125
vt 0.27734375 0.78125
vn 0 0 -1
vn 1 0 0
vn 0 0 1
vn -1 0 0
vn 0 1 0
vn 0 -1 0
usemtl m_f18e4d70-e62f-3225-0177-13cdc6e50965
f 236/700/175 239/699/175 237/698/175 234/697/175
f 235/704/176 236/703/176 234/702/176 233/701/176
f 240/708/177 235/707/177 233/706/177 238/705/177
f 239/712/178 240/711/178 238/710/178 237/709/178
f 238/716/179 233/715/179 234/714/179 237/713/179
f 239/720/180 236/719/180 235/718/180 240/717/180
o bone27
v -0.1875 0.21140989111806818 0.28181152502707996
v -0.1875 0.21140989111806818 0.28181152502707996
v -0.1875 0.3960613448078572 0.3143705583396294
v -0.1875 0.3960613448078572 0.3143705583396294
v 0.1875 0.21140989111806818 0.28181152502707996
v 0.1875 0.21140989111806818 0.28181152502707996
v 0.1875 0.3960613448078572 0.3143705583396294
v 0.1875 0.3960613448078572 0.3143705583396294
vt 0.953125 0.0390625
vt 0.9765625 0.0390625
vt 0.9765625 0.02734375
vt 0.953125 0.02734375
vt 0.953125 0.0390625
vt 0.953125 0.0390625
vt 0.953125 0.02734375
vt 0.953125 0.02734375
vt 0.9765625 0.0390625
vt 1 0.0390625
vt 1 0.02734375
vt 0.9765625 0.02734375
vt 0.9765625 0.0390625
vt 0.9765625 0.0390625
vt 0.9765625 0.02734375
vt 0.9765625 0.02734375
vt 0.9765625 0.0390625
vt 0.953125 0.0390625
vt 0.953125 0.0390625
vt 0.9765625 0.0390625
vt 1 0.0390625
vt 0.9765625 0.0390625
vt 0.9765625 0.0390625
vt 1 0.0390625
vn -2.1265768495757713e-17 0.17364817766693033 -0.984807753012208
vn -1 -1.2246467991473532e-16 0
vn 2.1265768495757713e-17 -0.17364817766693033 0.984807753012208
vn 1 1.2246467991473532e-16 0
vn 1.2060416625018976e-16 -0.984807753012208 -0.17364817766693033
vn -1.2060416625018976e-16 0.984807753012208 0.17364817766693033
usemtl m_f18e4d70-e62f-3225-0177-13cdc6e50965
f 244/724/181 247/723/181 245/722/181 242/721/181
f 243/728/182 244/727/182 242/726/182 241/725/182
f 248/732/183 243/731/183 241/730/183 246/729/183
f 247/736/184 248/735/184 246/734/184 245/733/184
f 246/740/185 241/739/185 242/738/185 245/737/185
f 247/744/186 244/743/186 243/742/186 248/741/186
o bone28
v -0.2785779822417112 0.19308219818412997 0.2785163941054438
v -0.2785779822417112 0.19308219818412997 0.2785163941054438
v -0.31065697034016604 0.3750111070268651 0.3105953693052689
v -0.31065697034016604 0.3750111070268651 0.3105953693052689
v -0.1554210119015452 0.21414328897622648 0.28223003265524105
v -0.1554210119015452 0.21414328897622648 0.28223003265524105
v -0.1875 0.39607219781896147 0.3143090078550661
v -0.1875 0.39607219781896147 0.3143090078550661
vt 0.93359375 0.0390625
vt 0.94140625 0.0390625
vt 0.94140625 0.02734375
vt 0.93359375 0.02734375
vt 0.93359375 0.0390625
vt 0.93359375 0.0390625
vt 0.93359375 0.02734375
vt 0.93359375 0.02734375
vt 0.94140625 0.0390625
vt 0.94921875 0.0390625
vt 0.94921875 0.02734375
vt 0.94140625 0.02734375
vt 0.94140625 0.0390625
vt 0.94140625 0.0390625
vt 0.94140625 0.02734375
vt 0.94140625 0.02734375
vt 0.94140625 0.0390625
vt 0.93359375 0.0390625
vt 0.93359375 0.0390625
vt 0.94140625 0.0390625
vt 0.94921875 0.0390625
vt 0.94140625 0.0390625
vt 0.94140625 0.0390625
vt 0.94921875 0.0390625
vn -2.0816681711721685e-17 0.17364817766693033 -0.984807753012208
vn -0.9852557627213282 -0.1684887263367714 -0.029709108398377704
vn 2.0816681711721685e-17 -0.17364817766693033 0.984807753012208
vn 0.9852557627213282 0.1684887263367714 0.029709108398377704
vn 0.17108793652509227 -0.9702875138279206 -0.17108786773240017
vn -0.17108793652509227 0.9702875138279206 0.17108786773240017
usemtl m_f18e4d70-e62f-3225-0177-13cdc6e50965
f 252/748/187 255/747/187 253/746/187 250/745/187
f 251/752/188 252/751/188 250/750/188 249/749/188
f 256/756/189 251/755/189 249/754/189 254/753/189
f 255/760/190 256/759/190 254/758/190 253/757/190
f 254/764/191 249/763/191 250/762/191 253/761/191
f 255/768/192 252/767/192 251/766/192 256/765/192
o bone29
v 0.15542101190154523 0.21412158295401806 0.28235313362436765
v 0.15542101190154523 0.21412158295401806 0.28235313362436765
v 0.1875 0.39605049179675317 0.3144321088241927
v 0.1875 0.39605049179675317 0.3144321088241927
v 0.27857798224171126 0.19306049216192178 0.2786394950745704
v 0.27857798224171126 0.19306049216192178 0.2786394950745704
v 0.31065697034016604 0.3749894010046568 0.3107184702743955
v 0.31065697034016604 0.3749894010046568 0.3107184702743955
vt 0.93359375 0.0390625
vt 0.94140625 0.0390625
vt 0.94140625 0.02734375
vt 0.93359375 0.02734375
vt 0.93359375 0.0390625
vt 0.93359375 0.0390625
vt 0.93359375 0.02734375
vt 0.93359375 0.02734375
vt 0.94140625 0.0390625
vt 0.94921875 0.0390625
vt 0.94921875 0.02734375
vt 0.94140625 0.02734375
vt 0.94140625 0.0390625
vt 0.94140625 0.0390625
vt 0.94140625 0.02734375
vt 0.94140625 0.02734375
vt 0.94140625 0.0390625
vt 0.93359375 0.0390625
vt 0.93359375 0.0390625
vt 0.94140625 0.0390625
vt 0.94921875 0.0390625
vt 0.94140625 0.0390625
vt 0.94140625 0.0390625
vt 0.94921875 0.0390625
vn -1.7347234759768074e-17 0.17364817766693036 -0.9848077530122081
vn -0.9852557627213282 0.1684887263367712 0.029709108398377707
vn 1.7347234759768074e-17 -0.17364817766693036 0.9848077530122081
vn 0.9852557627213282 -0.1684887263367712 -0.029709108398377707
vn -0.17108793652509202 -0.9702875138279203 -0.17108786773240015
vn 0.17108793652509202 0.9702875138279203 0.17108786773240015
usemtl m_f18e4d70-e62f-3225-0177-13cdc6e50965
f 260/772/193 263/771/193 261/770/193 258/769/193
f 259/776/194 260/775/194 258/774/194 257/773/194
f 264/780/195 259/779/195 257/778/195 262/777/195
f 263/784/196 264/783/196 262/782/196 261/781/196
f 262/788/197 257/787/197 258/786/197 261/785/197
f 263/792/198 260/791/198 259/790/198 264/789/198
o bone31
v -0.28181152502707996 0.21140989111806818 -0.18749999999999994
v -0.28181152502707996 0.21140989111806818 -0.18749999999999994
v -0.31437055833962946 0.3960613448078572 -0.18749999999999992
v -0.31437055833962946 0.3960613448078572 -0.18749999999999992
v -0.28181152502707985 0.21140989111806818 0.18750000000000006
v -0.28181152502707985 0.21140989111806818 0.18750000000000006
v -0.31437055833962935 0.3960613448078572 0.18750000000000008
v -0.31437055833962935 0.3960613448078572 0.18750000000000008
vt 0.953125 0.0390625
vt 0.9765625 0.0390625
vt 0.9765625 0.02734375
vt 0.953125 0.02734375
vt 0.953125 0.0390625
vt 0.953125 0.0390625
vt 0.953125 0.02734375
vt 0.953125 0.02734375
vt 0.9765625 0.0390625
vt 1 0.0390625
vt 1 0.02734375
vt 0.9765625 0.02734375
vt 0.9765625 0.0390625
vt 0.9765625 0.0390625
vt 0.9765625 0.02734375
vt 0.9765625 0.02734375
vt 0.9765625 0.0390625
vt 0.953125 0.0390625
vt 0.953125 0.0390625
vt 0.9765625 0.0390625
vt 1 0.0390625
vt 0.9765625 0.0390625
vt 0.9765625 0.0390625
vt 1 0.0390625
vn 0.984807753012208 0.17364817766693044 -2.1867124844470354e-16
vn -2.2204460492503128e-16 -2.465190328815662e-32 -1
vn -0.984807753012208 -0.17364817766693044 2.1867124844470354e-16
vn 2.2204460492503128e-16 2.465190328815662e-32 1
vn 0.17364817766693044 -0.984807753012208 -3.855764100600519e-17
vn -0.17364817766693044 0.984807753012208 3.855764100600519e-17
usemtl m_f18e4d70-e62f-3225-0177-13cdc6e50965
f 268/796/199 271/795/199 269/794/199 266/793/199
f 267/800/200 268/799/200 266/798/200 265/797/200
f 272/804/201 267/803/201 265/802/201 270/801/201
f 271/808/202 272/807/202 270/806/202 269/805/202
f 270/812/203 265/811/203 266/810/203 269/809/203
f 271/816/204 268/815/204 267/814/204 272/813/204
o bone32
v -0.27851639410544393 0.19308219818412986 -0.2785779822417112
v -0.27851639410544393 0.19308219818412986 -0.2785779822417112
v -0.310595369305269 0.3750111070268649 -0.310656970340166
v -0.310595369305269 0.3750111070268649 -0.310656970340166
v -0.28223003265524105 0.21414328897622625 -0.15542101190154517
v -0.28223003265524105 0.21414328897622625 -0.15542101190154517
v -0.31430900785506616 0.39607219781896136 -0.18749999999999994
v -0.31430900785506616 0.39607219781896136 -0.18749999999999994
vt 0.93359375 0.0390625
vt 0.94140625 0.0390625
vt 0.94140625 0.02734375
vt 0.93359375 0.02734375
vt 0.93359375 0.0390625
vt 0.93359375 0.0390625
vt 0.93359375 0.02734375
vt 0.93359375 0.02734375
vt 0.94140625 0.0390625
vt 0.94921875 0.0390625
vt 0.94921875 0.02734375
vt 0.94140625 0.02734375
vt 0.94140625 0.0390625
vt 0.94140625 0.0390625
vt 0.94140625 0.02734375
vt 0.94140625 0.02734375
vt 0.94140625 0.0390625
vt 0.93359375 0.0390625
vt 0.93359375 0.0390625
vt 0.94140625 0.0390625
vt 0.94921875 0.0390625
vt 0.94140625 0.0390625
vt 0.94140625 0.0390625
vt 0.94921875 0.0390625
vn 0.984807753012208 0.17364817766693041 -2.185751579730777e-16
vn 0.029709108398377506 -0.16848872633677128 -0.9852557627213283
vn -0.984807753012208 -0.17364817766693041 2.185751579730777e-16
vn -0.029709108398377506 0.16848872633677128 0.9852557627213283
vn 0.1710878677324003 -0.9702875138279206 0.17108793652509213
vn -0.1710878677324003 0.9702875138279206 -0.17108793652509213
usemtl m_f18e4d70-e62f-3225-0177-13cdc6e50965
f 276/820/205 279/819/205 277/818/205 274/817/205
f 275/824/206 276/823/206 274/822/206 273/821/206
f 280/828/207 275/827/207 273/826/207 278/825/207
f 279/832/208 280/831/208 278/830/208 277/829/208
f 278/836/209 273/835/209 274/834/209 277/833/209
f 279/840/210 276/839/210 275/838/210 280/837/210
o bone33
v -0.2823531336243676 0.21412158295401795 0.15542101190154525
v -0.2823531336243676 0.21412158295401795 0.15542101190154525
v -0.3144321088241926 0.396050491796753 0.18750000000000003
v -0.3144321088241926 0.396050491796753 0.18750000000000003
v -0.2786394950745703 0.19306049216192156 0.27857798224171126
v -0.2786394950745703 0.19306049216192156 0.27857798224171126
v -0.31071847027439536 0.37498940100465655 0.31065697034016604
v -0.31071847027439536 0.37498940100465655 0.31065697034016604
vt 0.93359375 0.0390625
vt 0.94140625 0.0390625
vt 0.94140625 0.02734375
vt 0.93359375 0.02734375
vt 0.93359375 0.0390625
vt 0.93359375 0.0390625
vt 0.93359375 0.02734375
vt 0.93359375 0.02734375
vt 0.94140625 0.0390625
vt 0.94921875 0.0390625
vt 0.94921875 0.02734375
vt 0.94140625 0.02734375
vt 0.94140625 0.0390625
vt 0.94140625 0.0390625
vt 0.94140625 0.02734375
vt 0.94140625 0.02734375
vt 0.94140625 0.0390625
vt 0.93359375 0.0390625
vt 0.93359375 0.0390625
vt 0.94140625 0.0390625
vt 0.94921875 0.0390625
vt 0.94140625 0.0390625
vt 0.94140625 0.0390625
vt 0.94921875 0.0390625
vn 0.984807753012208 0.17364817766693044 -2.1510571102112408e-16
vn -0.029709108398377933 0.16848872633677126 -0.9852557627213281
vn -0.984807753012208 -0.17364817766693044 2.1510571102112408e-16
vn 0.029709108398377933 -0.16848872633677126 0.9852557627213281
vn 0.17108786773240023 -0.9702875138279203 -0.17108793652509216
vn -0.17108786773240023 0.9702875138279203 0.17108793652509216
usemtl m_f18e4d70-e62f-3225-0177-13cdc6e50965
f 284/844/211 287/843/211 285/842/211 282/841/211
f 283/848/212 284/847/212 282/846/212 281/845/212
f 288/852/213 283/851/213 281/850/213 286/849/213
f 287/856/214 288/855/214 286/854/214 285/853/214
f 286/860/215 281/859/215 282/858/215 285/857/215
f 287/864/216 284/863/216 283/862/216 288/861/216
o bone35
v 0.1875 0.21412314389411402 -0.26642390388626425
v 0.1875 0.21412314389411402 -0.26642390388626425
v 0.18749999999999997 0.398774597583903 -0.29898293719881364
v 0.18749999999999997 0.398774597583903 -0.29898293719881364
v -0.1875 0.21412314389411402 -0.26642390388626414
v -0.1875 0.21412314389411402 -0.26642390388626414
v -0.18750000000000003 0.398774597583903 -0.29898293719881364
v -0.18750000000000003 0.398774597583903 -0.29898293719881364
vt 0.953125 0.0390625
vt 0.9765625 0.0390625
vt 0.9765625 0.02734375
vt 0.953125 0.02734375
vt 0.953125 0.0390625
vt 0.953125 0.0390625
vt 0.953125 0.02734375
vt 0.953125 0.02734375
vt 0.9765625 0.0390625
vt 1 0.0390625
vt 1 0.02734375
vt 0.9765625 0.02734375
vt 0.9765625 0.0390625
vt 0.9765625 0.0390625
vt 0.9765625 0.02734375
vt 0.9765625 0.02734375
vt 0.9765625 0.0390625
vt 0.953125 0.0390625
vt 0.953125 0.0390625
vt 0.9765625 0.0390625
vt 1 0.0390625
vt 0.9765625 0.0390625
vt 0.9765625 0.0390625
vt 1 0.0390625
vn 9.933839775443204e-17 0.17364817766693033 0.984807753012208
vn 1 1.2246467991473532e-16 -1.2246467991473532e-16
vn -9.933839775443204e-17 -0.17364817766693033 -0.984807753012208
vn -1 -1.2246467991473532e-16 1.2246467991473532e-16
vn 1.4186993474594748e-16 -0.984807753012208 0.17364817766693033
vn -1.4186993474594748e-16 0.984807753012208 -0.17364817766693033
usemtl m_f18e4d70-e62f-3225-0177-13cdc6e50965
f 292/868/217 295/867/217 293/866/217 290/865/217
f 291/872/218 292/871/218 290/870/218 289/869/218
f 296/876/219 291/875/219 289/874/219 294/873/219
f 295/880/220 296/879/220 294/878/220 293/877/220
f 294/884/221 289/883/221 290/882/221 293/881/221
f 295/888/222 292/887/222 291/886/222 296/885/222
o bone36
v 0.27857798224171126 0.1930821981841302 -0.2785163941054439
v 0.27857798224171126 0.1930821981841302 -0.2785163941054439
v 0.310656970340166 0.37501110702686513 -0.3105953693052689
v 0.310656970340166 0.37501110702686513 -0.3105953693052689
v 0.15542101190154523 0.21414328897622648 -0.28223003265524105
v 0.15542101190154523 0.21414328897622648 -0.28223003265524105
v 0.18749999999999994 0.3960721978189615 -0.3143090078550661
v 0.18749999999999994 0.3960721978189615 -0.3143090078550661
vt 0.93359375 0.0390625
vt 0.94140625 0.0390625
vt 0.94140625 0.02734375
vt 0.93359375 0.02734375
vt 0.93359375 0.0390625
vt 0.93359375 0.0390625
vt 0.93359375 0.02734375
vt 0.93359375 0.02734375
vt 0.94140625 0.0390625
vt 0.94921875 0.0390625
vt 0.94921875 0.02734375
vt 0.94140625 0.02734375
vt 0.94140625 0.0390625
vt 0.94140625 0.0390625
vt 0.94140625 0.02734375
vt 0.94140625 0.02734375
vt 0.94140625 0.0390625
vt 0.93359375 0.0390625
vt 0.93359375 0.0390625
vt 0.94140625 0.0390625
vt 0.94921875 0.0390625
vt 0.94140625 0.0390625
vt 0.94140625 0.0390625
vt 0.94921875 0.0390625
vn 1.0408340855860845e-16 0.1736481776669304 0.9848077530122081
vn 0.9852557627213282 -0.1684887263367712 0.029709108398377582
vn -1.0408340855860845e-16 -0.1736481776669304 -0.9848077530122081
vn -0.9852557627213282 0.1684887263367712 -0.029709108398377582
vn -0.171087936525092 -0.9702875138279203 0.17108786773240017
vn 0.171087936525092 0.9702875138279203 -0.17108786773240017
usemtl m_f18e4d70-e62f-3225-0177-13cdc6e50965
f 300/892/223 303/891/223 301/890/223 298/889/223
f 299/896/224 300/895/224 298/894/224 297/893/224
f 304/900/225 299/899/225 297/898/225 302/897/225
f 303/904/226 304/903/226 302/902/226 301/901/226
f 302/908/227 297/907/227 298/906/227 301/905/227
f 303/912/228 300/911/228 299/910/228 304/909/228
o bone37
v -0.15542101190154523 0.21412158295401806 -0.28235313362436765
v -0.15542101190154523 0.21412158295401806 -0.28235313362436765
v -0.18750000000000003 0.3960504917967531 -0.3144321088241926
v -0.18750000000000003 0.3960504917967531 -0.3144321088241926
v -0.27857798224171126 0.19306049216192167 -0.2786394950745704
v -0.27857798224171126 0.19306049216192167 -0.2786394950745704
v -0.31065697034016604 0.3749894010046567 -0.31071847027439536
v -0.31065697034016604 0.3749894010046567 -0.31071847027439536
vt 0.93359375 0.0390625
vt 0.94140625 0.0390625
vt 0.94140625 0.02734375
vt 0.93359375 0.02734375
vt 0.93359375 0.0390625
vt 0.93359375 0.0390625
vt 0.93359375 0.02734375
vt 0.93359375 0.02734375
vt 0.94140625 0.0390625
vt 0.94921875 0.0390625
vt 0.94921875 0.02734375
vt 0.94140625 0.02734375
vt 0.94140625 0.0390625
vt 0.94140625 0.0390625
vt 0.94140625 0.02734375
vt 0.94140625 0.02734375
vt 0.94140625 0.0390625
vt 0.93359375 0.0390625
vt 0.93359375 0.0390625
vt 0.94140625 0.0390625
vt 0.94921875 0.0390625
vt 0.94140625 0.0390625
vt 0.94140625 0.0390625
vt 0.94921875 0.0390625
vn 1.0408340855860843e-16 0.1736481776669303 0.984807753012208
vn 0.9852557627213282 0.1684887263367714 -0.029709108398377825
vn -1.0408340855860843e-16 -0.1736481776669303 -0.984807753012208
vn -0.9852557627213282 -0.1684887263367714 0.029709108398377825
vn 0.17108793652509227 -0.9702875138279206 0.17108786773240015
vn -0.17108793652509227 0.9702875138279206 -0.17108786773240015
usemtl m_f18e4d70-e62f-3225-0177-13cdc6e50965
f 308/916/229 311/915/229 309/914/229 306/913/229
f 307/920/230 308/919/230 306/918/230 305/917/230
f 312/924/231 307/923/231 305/922/231 310/921/231
f 311/928/232 312/927/232 310/926/232 309/925/232
f 310/932/233 305/931/233 306/930/233 309/929/233
f 311/936/234 308/935/234 307/934/234 312/933/234
o bone39
v 0.28181152502708 0.21140989111806818 0.18749999999999994
v 0.28181152502708 0.21140989111806818 0.18749999999999994
v 0.31437055833962946 0.39606134480785726 0.18749999999999992
v 0.31437055833962946 0.39606134480785726 0.18749999999999992
v 0.2818115250270799 0.21140989111806818 -0.18750000000000006
v 0.2818115250270799 0.21140989111806818 -0.18750000000000006
v 0.31437055833962935 0.39606134480785726 -0.18750000000000008
v 0.31437055833962935 0.39606134480785726 -0.18750000000000008
vt 0.953125 0.0390625
vt 0.9765625 0.0390625
vt 0.9765625 0.02734375
vt 0.953125 0.02734375
vt 0.953125 0.0390625
vt 0.953125 0.0390625
vt 0.953125 0.02734375
vt 0.953125 0.02734375
vt 0.9765625 0.0390625
vt 1 0.0390625
vt 1 0.02734375
vt 0.9765625 0.02734375
vt 0.9765625 0.0390625
vt 0.9765625 0.0390625
vt 0.9765625 0.02734375
vt 0.9765625 0.02734375
vt 0.9765625 0.0390625
vt 0.953125 0.0390625
vt 0.953125 0.0390625
vt 0.9765625 0.0390625
vt 1 0.0390625
vt 0.9765625 0.0390625
vt 0.9765625 0.0390625
vt 1 0.0390625
vn -0.9848077530122082 0.17364817766693025 2.186712484447036e-16
vn 2.220446049250313e-16 1.848892746611747e-32 1
vn 0.9848077530122082 -0.17364817766693025 -2.186712484447036e-16
vn -2.220446049250313e-16 -1.848892746611747e-32 -1
vn -0.17364817766693025 -0.9848077530122082 3.8557641006005196e-17
vn 0.17364817766693025 0.9848077530122082 -3.8557641006005196e-17
usemtl m_f18e4d70-e62f-3225-0177-13cdc6e50965
f 316/940/235 319/939/235 317/938/235 314/937/235
f 315/944/236 316/943/236 314/942/236 313/941/236
f 320/948/237 315/947/237 313/946/237 318/945/237
f 319/952/238 320/951/238 318/950/238 317/949/238
f 318/956/239 313/955/239 314/954/239 317/953/239
f 319/960/240 316/959/240 315/958/240 320/957/240
o bone75
v 0.27851639410544393 0.19308219818413008 0.2785779822417112
v 0.27851639410544393 0.19308219818413008 0.2785779822417112
v 0.31059536930526893 0.37501110702686513 0.310656970340166
v 0.31059536930526893 0.37501110702686513 0.310656970340166
v 0.2822300326552411 0.21414328897622648 0.15542101190154517
v 0.2822300326552411 0.21414328897622648 0.15542101190154517
v 0.3143090078550661 0.3960721978189616 0.18749999999999994
v 0.3143090078550661 0.3960721978189616 0.18749999999999994
vt 0.93359375 0.0390625
vt 0.94140625 0.0390625
vt 0.94140625 0.02734375
vt 0.93359375 0.02734375
vt 0.93359375 0.0390625
vt 0.93359375 0.0390625
vt 0.93359375 0.02734375
vt 0.93359375 0.02734375
vt 0.94140625 0.0390625
vt 0.94921875 0.0390625
vt 0.94921875 0.02734375
vt 0.94140625 0.02734375
vt 0.94140625 0.0390625
vt 0.94140625 0.0390625
vt 0.94140625 0.02734375
vt 0.94140625 0.02734375
vt 0.94140625 0.0390625
vt 0.93359375 0.0390625
vt 0.93359375 0.0390625
vt 0.94140625 0.0390625
vt 0.94921875 0.0390625
vt 0.94140625 0.0390625
vt 0.94140625 0.0390625
vt 0.94921875 0.0390625
vn -0.9848077530122082 0.17364817766693022 2.1510571102112413e-16
vn -0.029709108398377468 -0.16848872633677128 0.9852557627213282
vn 0.9848077530122082 -0.17364817766693022 -2.1510571102112413e-16
vn 0.029709108398377468 0.16848872633677128 -0.9852557627213282
vn -0.1710878677324001 -0.9702875138279206 -0.1710879365250921
vn 0.1710878677324001 0.9702875138279206 0.1710879365250921
usemtl m_f18e4d70-e62f-3225-0177-13cdc6e50965
f 324/964/241 327/963/241 325/962/241 322/961/241
f 323/968/242 324/967/242 322/966/242 321/965/242
f 328/972/243 323/971/243 321/970/243 326/969/243
f 327/976/244 328/975/244 326/974/244 325/973/244
f 326/980/245 321/979/245 322/978/245 325/977/245
f 327/984/246 324/983/246 323/982/246 328/981/246
o bone76
v 0.28235313362436765 0.21412158295401806 -0.15542101190154525
v 0.28235313362436765 0.21412158295401806 -0.15542101190154525
v 0.31443210882419265 0.39605049179675317 -0.18750000000000003
v 0.31443210882419265 0.39605049179675317 -0.18750000000000003
v 0.2786394950745704 0.19306049216192167 -0.27857798224171126
v 0.2786394950745704 0.19306049216192167 -0.27857798224171126
v 0.3107184702743954 0.3749894010046567 -0.31065697034016604
v 0.3107184702743954 0.3749894010046567 -0.31065697034016604
vt 0.93359375 0.0390625
vt 0.94140625 0.0390625
vt 0.94140625 0.02734375
vt 0.93359375 0.02734375
vt 0.93359375 0.0390625
vt 0.93359375 0.0390625
vt 0.93359375 0.02734375
vt 0.93359375 0.02734375
vt 0.94140625 0.0390625
vt 0.94921875 0.0390625
vt 0.94921875 0.02734375
vt 0.94140625 0.02734375
vt 0.94140625 0.0390625
vt 0.94140625 0.0390625
vt 0.94140625 0.02734375
vt 0.94140625 0.02734375
vt 0.94140625 0.0390625
vt 0.93359375 0.0390625
vt 0.93359375 0.0390625
vt 0.94140625 0.0390625
vt 0.94921875 0.0390625
vt 0.94140625 0.0390625
vt 0.94140625 0.0390625
vt 0.94921875 0.0390625
vn -0.9848077530122082 0.17364817766693025 2.1857515797307774e-16
vn 0.0297091083983779 0.16848872633677128 0.9852557627213282
vn 0.9848077530122082 -0.17364817766693025 -2.1857515797307774e-16
vn -0.0297091083983779 -0.16848872633677128 -0.9852557627213282
vn -0.17108786773240003 -0.9702875138279206 0.1710879365250922
vn 0.17108786773240003 0.9702875138279206 -0.1710879365250922
usemtl m_f18e4d70-e62f-3225-0177-13cdc6e50965
f 332/988/247 335/987/247 333/986/247 330/985/247
f 331/992/248 332/991/248 330/990/248 329/989/248
f 336/996/249 331/995/249 329/994/249 334/993/249
f 335/1000/250 336/999/250 334/998/250 333/997/250
f 334/1004/251 329/1003/251 330/1002/251 333/1001/251
f 335/1008/252 332/1007/252 331/1006/252 336/1005/252
o bone9
v 0.1875 0.7232415625717208 0.2492524917145305
v 0.1875 0.7232415625717208 0.2492524917145305
v 0.1875 0.35393865519214274 0.3143705583396294
v 0.1875 0.35393865519214274 0.3143705583396294
v -0.1875 0.7232415625717208 0.2492524917145305
v -0.1875 0.7232415625717208 0.2492524917145305
v -0.1875 0.35393865519214274 0.3143705583396294
v -0.1875 0.35393865519214274 0.3143705583396294
vt 0.953125 0.0234375
vt 0.9765625 0.0234375
vt 0.9765625 0
vt 0.953125 0
vt 0.953125 0.0234375
vt 0.953125 0.0234375
vt 0.953125 0
vt 0.953125 0
vt 0.9765625 0.0234375
vt 1 0.0234375
vt 1 0
vt 0.9765625 0
vt 0.9765625 0.0234375
vt 0.9765625 0.0234375
vt 0.9765625 0
vt 0.9765625 0
vt 0.9765625 0.0234375
vt 0.953125 0.0234375
vt 0.953125 0.0234375
vt 0.9765625 0.0234375
vt 1 0.0234375
vt 0.9765625 0.0234375
vt 0.9765625 0.0234375
vt 1 0.0234375
vn 0 -0.17364817766693033 -0.984807753012208
vn 1 0 0
vn 0 0.17364817766693033 0.984807753012208
vn -1 0 0
vn 0 0.984807753012208 -0.17364817766693033
vn 0 -0.984807753012208 0.17364817766693033
usemtl m_f18e4d70-e62f-3225-0177-13cdc6e50965
f 340/1012/253 343/1011/253 341/1010/253 338/1009/253
f 339/1016/254 340/1015/254 338/1014/254 337/1013/254
f 344/1020/255 339/1019/255 337/1018/255 342/1017/255
f 343/1024/256 344/1023/256 342/1022/256 341/1021/256
f 342/1028/257 337/1027/257 338/1026/257 341/1025/257
f 343/1032/258 340/1031/258 339/1030/258 344/1029/258
o bone10
v 0.24649899414325646 0.738846710658605 0.24643741890561882
v 0.24649899414325646 0.738846710658605 0.24643741890561882
v 0.31065697034016604 0.374988892973135 0.3105953693052689
v 0.31065697034016604 0.374988892973135 0.3105953693052689
v 0.12334202380309044 0.7177856198665087 0.250151057455416
v 0.12334202380309044 0.7177856198665087 0.250151057455416
v 0.1875 0.35392780218103853 0.3143090078550661
v 0.1875 0.35392780218103853 0.3143090078550661
vt 0.93359375 0.0234375
vt 0.94140625 0.0234375
vt 0.94140625 0
vt 0.93359375 0
vt 0.93359375 0.0234375
vt 0.93359375 0.0234375
vt 0.93359375 0
vt 0.93359375 0
vt 0.94140625 0.0234375
vt 0.94921875 0.0234375
vt 0.94921875 0
vt 0.94140625 0
vt 0.94140625 0.0234375
vt 0.94140625 0.0234375
vt 0.94140625 0
vt 0.94140625 0
vt 0.94140625 0.0234375
vt 0.93359375 0.0234375
vt 0.93359375 0.0234375
vt 0.94140625 0.0234375
vt 0.94921875 0.0234375
vt 0.94140625 0.0234375
vt 0.94140625 0.0234375
vt 0.94921875 0.0234375
vn 0 -0.1736481776669303 -0.984807753012208
vn 0.9852557627213282 0.1684887263367713 -0.029709108398377704
vn 0 0.1736481776669303 0.984807753012208
vn -0.9852557627213282 -0.1684887263367713 0.029709108398377704
vn -0.17108793652509213 0.9702875138279203 -0.17108786773240015
vn 0.17108793652509213 -0.9702875138279203 0.17108786773240015
usemtl m_f18e4d70-e62f-3225-0177-13cdc6e50965
f 348/1036/259 351/1035/259 349/1034/259 346/1033/259
f 347/1040/260 348/1039/260 346/1038/260 345/1037/260
f 352/1044/261 347/1043/261 345/1042/261 350/1041/261
f 351/1048/262 352/1047/262 350/1046/262 349/1045/262
f 350/1052/263 345/1051/263 346/1050/263 349/1049/263
f 351/1056/264 348/1055/264 347/1054/264 352/1053/264
o bone11
v -0.12334202380309044 0.717807325888717 0.2502741584245426
v -0.12334202380309044 0.717807325888717 0.2502741584245426
v -0.1875 0.3539495082032469 0.3144321088241927
v -0.1875 0.3539495082032469 0.3144321088241927
v -0.24649899414325646 0.7388684166808135 0.24656051987474542
v -0.24649899414325646 0.7388684166808135 0.24656051987474542
v -0.31065697034016604 0.37501059899534334 0.3107184702743955
v -0.31065697034016604 0.37501059899534334 0.3107184702743955
vt 0.93359375 0.0234375
vt 0.94140625 0.0234375
vt 0.94140625 0
vt 0.93359375 0
vt 0.93359375 0.0234375
vt 0.93359375 0.0234375
vt 0.93359375 0
vt 0.93359375 0
vt 0.94140625 0.0234375
vt 0.94921875 0.0234375
vt 0.94921875 0
vt 0.94140625 0
vt 0.94140625 0.0234375
vt 0.94140625 0.0234375
vt 0.94140625 0
vt 0.94140625 0
vt 0.94140625 0.0234375
vt 0.93359375 0.0234375
vt 0.93359375 0.0234375
vt 0.94140625 0.0234375
vt 0.94921875 0.0234375
vt 0.94140625 0.0234375
vt 0.94140625 0.0234375
vt 0.94921875 0.0234375
vn 0 -0.1736481776669303 -0.984807753012208
vn 0.9852557627213282 -0.1684887263367713 0.029709108398377704
vn 0 0.1736481776669303 0.984807753012208
vn -0.9852557627213282 0.1684887263367713 -0.029709108398377704
vn 0.17108793652509213 0.9702875138279203 -0.17108786773240015
vn -0.17108793652509213 -0.9702875138279203 0.17108786773240015
usemtl m_f18e4d70-e62f-3225-0177-13cdc6e50965
f 356/1060/265 359/1059/265 357/1058/265 354/1057/265
f 355/1064/266 356/1063/266 354/1062/266 353/1061/266
f 360/1068/267 355/1067/267 353/1066/267 358/1065/267
f 359/1072/268 360/1071/268 358/1070/268 357/1069/268
f 358/1076/269 353/1075/269 354/1074/269 357/1073/269
f 359/1080/270 356/1079/270 355/1078/270 360/1077/270
o bone13
v 0.24925249171453057 0.7232415625717208 -0.18749999999999994
v 0.24925249171453057 0.7232415625717208 -0.18749999999999994
v 0.31437055833962946 0.35393865519214274 -0.18749999999999992
v 0.31437055833962946 0.35393865519214274 -0.18749999999999992
v 0.24925249171453046 0.7232415625717208 0.18750000000000006
v 0.24925249171453046 0.7232415625717208 0.18750000000000006
v 0.31437055833962935 0.35393865519214274 0.18750000000000008
v 0.31437055833962935 0.35393865519214274 0.18750000000000008
vt 0.953125 0.0234375
vt 0.9765625 0.0234375
vt 0.9765625 0
vt 0.953125 0
vt 0.953125 0.0234375
vt 0.953125 0.0234375
vt 0.953125 0
vt 0.953125 0
vt 0.9765625 0.0234375
vt 1 0.0234375
vt 1 0
vt 0.9765625 0
vt 0.9765625 0.0234375
vt 0.9765625 0.0234375
vt 0.9765625 0
vt 0.9765625 0
vt 0.9765625 0.0234375
vt 0.953125 0.0234375
vt 0.953125 0.0234375
vt 0.9765625 0.0234375
vt 1 0.0234375
vt 0.9765625 0.0234375
vt 0.9765625 0.0234375
vt 1 0.0234375
vn -0.984807753012208 -0.17364817766693033 -2.1867124844470354e-16
vn 2.220446049250313e-16 0 -1
vn 0.984807753012208 0.17364817766693033 2.1867124844470354e-16
vn -2.220446049250313e-16 0 1
vn -0.17364817766693033 0.984807753012208 -3.855764100600519e-17
vn 0.17364817766693033 -0.984807753012208 3.855764100600519e-17
usemtl m_f18e4d70-e62f-3225-0177-13cdc6e50965
f 364/1084/271 367/1083/271 365/1082/271 362/1081/271
f 363/1088/272 364/1087/272 362/1086/272 361/1085/272
f 368/1092/273 363/1091/273 361/1090/273 366/1089/273
f 367/1096/274 368/1095/274 366/1094/274 365/1093/274
f 366/1100/275 361/1099/275 362/1098/275 365/1097/275
f 367/1104/276 364/1103/276 363/1102/276 368/1101/276
o bone14
v 0.24643741890561882 0.738846710658605 -0.2464989941432565
v 0.24643741890561882 0.738846710658605 -0.2464989941432565
v 0.3105953693052689 0.374988892973135 -0.310656970340166
v 0.3105953693052689 0.374988892973135 -0.310656970340166
v 0.250151057455416 0.7177856198665087 -0.12334202380309041
v 0.250151057455416 0.7177856198665087 -0.12334202380309041
v 0.3143090078550661 0.35392780218103853 -0.18749999999999994
v 0.3143090078550661 0.35392780218103853 -0.18749999999999994
vt 0.93359375 0.0234375
vt 0.94140625 0.0234375
vt 0.94140625 0
vt 0.93359375 0
vt 0.93359375 0.0234375
vt 0.93359375 0.0234375
vt 0.93359375 0
vt 0.93359375 0
vt 0.94140625 0.0234375
vt 0.94921875 0.0234375
vt 0.94921875 0
vt 0.94140625 0
vt 0.94140625 0.0234375
vt 0.94140625 0.0234375
vt 0.94140625 0
vt 0.94140625 0
vt 0.94140625 0.0234375
vt 0.93359375 0.0234375
vt 0.93359375 0.0234375
vt 0.94140625 0.0234375
vt 0.94921875 0.0234375
vt 0.94140625 0.0234375
vt 0.94140625 0.0234375
vt 0.94921875 0.0234375
vn -0.984807753012208 -0.1736481776669303 -2.185751579730777e-16
vn -0.02970910839837749 0.16848872633677128 -0.9852557627213282
vn 0.984807753012208 0.1736481776669303 2.185751579730777e-16
vn 0.02970910839837749 -0.16848872633677128 0.9852557627213282
vn -0.1710878677324002 0.9702875138279206 0.1710879365250921
vn 0.1710878677324002 -0.9702875138279206 -0.1710879365250921
usemtl m_f18e4d70-e62f-3225-0177-13cdc6e50965
f 372/1108/277 375/1107/277 373/1106/277 370/1105/277
f 371/1112/278 372/1111/278 370/1110/278 369/1109/278
f 376/1116/279 371/1115/279 369/1114/279 374/1113/279
f 375/1120/280 376/1119/280 374/1118/280 373/1117/280
f 374/1124/281 369/1123/281 370/1122/281 373/1121/281
f 375/1128/282 372/1127/282 371/1126/282 376/1125/282
o bone15
v 0.2502741584245426 0.717807325888717 0.12334202380309048
v 0.2502741584245426 0.717807325888717 0.12334202380309048
v 0.31443210882419265 0.3539495082032469 0.18750000000000003
v 0.31443210882419265 0.3539495082032469 0.18750000000000003
v 0.24656051987474537 0.7388684166808135 0.2464989941432565
v 0.24656051987474537 0.7388684166808135 0.2464989941432565
v 0.3107184702743954 0.37501059899534334 0.31065697034016604
v 0.3107184702743954 0.37501059899534334 0.31065697034016604
vt 0.93359375 0.0234375
vt 0.94140625 0.0234375
vt 0.94140625 0
vt 0.93359375 0
vt 0.93359375 0.0234375
vt 0.93359375 0.0234375
vt 0.93359375 0
vt 0.93359375 0
vt 0.94140625 0.0234375
vt 0.94921875 0.0234375
vt 0.94921875 0
vt 0.94140625 0
vt 0.94140625 0.0234375
vt 0.94140625 0.0234375
vt 0.94140625 0
vt 0.94140625 0
vt 0.94140625 0.0234375
vt 0.93359375 0.0234375
vt 0.93359375 0.0234375
vt 0.94140625 0.0234375
vt 0.94921875 0.0234375
vt 0.94140625 0.0234375
vt 0.94140625 0.0234375
vt 0.94921875 0.0234375
vn -0.984807753012208 -0.17364817766693033 -2.1510571102112408e-16
vn 0.029709108398377922 -0.16848872633677128 -0.9852557627213282
vn 0.984807753012208 0.17364817766693033 2.1510571102112408e-16
vn -0.029709108398377922 0.16848872633677128 0.9852557627213282
vn -0.17108786773240012 0.9702875138279203 -0.17108793652509216
vn 0.17108786773240012 -0.9702875138279203 0.17108793652509216
usemtl m_f18e4d70-e62f-3225-0177-13cdc6e50965
f 380/1132/283 383/1131/283 381/1130/283 378/1129/283
f 379/1136/284 380/1135/284 378/1134/284 377/1133/284
f 384/1140/285 379/1139/285 377/1138/285 382/1137/285
f 383/1144/286 384/1143/286 382/1142/286 381/1141/286
f 382/1148/287 377/1147/287 378/1146/287 381/1145/287
f 383/1152/288 380/1151/288 379/1150/288 384/1149/288
o bone22
v -0.24925249171453057 0.7232415625717208 0.18749999999999994
v -0.24925249171453057 0.7232415625717208 0.18749999999999994
v -0.31437055833962946 0.35393865519214274 0.18749999999999992
v -0.31437055833962946 0.35393865519214274 0.18749999999999992
v -0.24925249171453046 0.7232415625717208 -0.18750000000000006
v -0.24925249171453046 0.7232415625717208 -0.18750000000000006
v -0.31437055833962935 0.35393865519214274 -0.18750000000000008
v -0.31437055833962935 0.35393865519214274 -0.18750000000000008
vt 0.953125 0.0234375
vt 0.9765625 0.0234375
vt 0.9765625 0
vt 0.953125 0
vt 0.953125 0.0234375
vt 0.953125 0.0234375
vt 0.953125 0
vt 0.953125 0
vt 0.9765625 0.0234375
vt 1 0.0234375
vt 1 0
vt 0.9765625 0
vt 0.9765625 0.0234375
vt 0.9765625 0.0234375
vt 0.9765625 0
vt 0.9765625 0
vt 0.9765625 0.0234375
vt 0.953125 0.0234375
vt 0.953125 0.0234375
vt 0.9765625 0.0234375
vt 1 0.0234375
vt 0.9765625 0.0234375
vt 0.9765625 0.0234375
vt 1 0.0234375
vn 0.984807753012208 -0.17364817766693033 2.1867124844470354e-16
vn -2.220446049250313e-16 0 1
vn -0.984807753012208 0.17364817766693033 -2.1867124844470354e-16
vn 2.220446049250313e-16 0 -1
vn 0.17364817766693033 0.984807753012208 3.855764100600519e-17
vn -0.17364817766693033 -0.984807753012208 -3.855764100600519e-17
usemtl m_f18e4d70-e62f-3225-0177-13cdc6e50965
f 388/1156/289 391/1155/289 389/1154/289 386/1153/289
f 387/1160/290 388/1159/290 386/1158/290 385/1157/290
f 392/1164/291 387/1163/291 385/1162/291 390/1161/291
f 391/1168/292 392/1167/292 390/1166/292 389/1165/292
f 390/1172/293 385/1171/293 386/1170/293 389/1169/293
f 391/1176/294 388/1175/294 387/1174/294 392/1173/294
o bone23
v -0.24643741890561882 0.738846710658605 0.2464989941432565
v -0.24643741890561882 0.738846710658605 0.2464989941432565
v -0.3105953693052689 0.374988892973135 0.310656970340166
v -0.3105953693052689 0.374988892973135 0.310656970340166
v -0.250151057455416 0.7177856198665087 0.12334202380309041
v -0.250151057455416 0.7177856198665087 0.12334202380309041
v -0.3143090078550661 0.35392780218103853 0.18749999999999994
v -0.3143090078550661 0.35392780218103853 0.18749999999999994
vt 0.93359375 0.0234375
vt 0.94140625 0.0234375
vt 0.94140625 0
vt 0.93359375 0
vt 0.93359375 0.0234375
vt 0.93359375 0.0234375
vt 0.93359375 0
vt 0.93359375 0
vt 0.94140625 0.0234375
vt 0.94921875 0.0234375
vt 0.94921875 0
vt 0.94140625 0
vt 0.94140625 0.0234375
vt 0.94140625 0.0234375
vt 0.94140625 0
vt 0.94140625 0
vt 0.94140625 0.0234375
vt 0.93359375 0.0234375
vt 0.93359375 0.0234375
vt 0.94140625 0.0234375
vt 0.94921875 0.0234375
vt 0.94140625 0.0234375
vt 0.94140625 0.0234375
vt 0.94921875 0.0234375
vn 0.984807753012208 -0.1736481776669303 2.185751579730777e-16
vn 0.02970910839837749 0.16848872633677128 0.9852557627213282
vn -0.984807753012208 0.1736481776669303 -2.185751579730777e-16
vn -0.02970910839837749 -0.16848872633677128 -0.9852557627213282
vn 0.1710878677324002 0.9702875138279206 -0.1710879365250921
vn -0.1710878677324002 -0.9702875138279206 0.1710879365250921
usemtl m_f18e4d70-e62f-3225-0177-13cdc6e50965
f 396/1180/295 399/1179/295 397/1178/295 394/1177/295
f 395/1184/296 396/1183/296 394/1182/296 393/1181/296
f 400/1188/297 395/1187/297 393/1186/297 398/1185/297
f 399/1192/298 400/1191/298 398/1190/298 397/1189/298
f 398/1196/299 393/1195/299 394/1194/299 397/1193/299
f 399/1200/300 396/1199/300 395/1198/300 400/1197/300
o bone24
v -0.2502741584245426 0.717807325888717 -0.12334202380309048
v -0.2502741584245426 0.717807325888717 -0.12334202380309048
v -0.31443210882419265 0.3539495082032469 -0.18750000000000003
v -0.31443210882419265 0.3539495082032469 -0.18750000000000003
v -0.24656051987474537 0.7388684166808135 -0.2464989941432565
v -0.24656051987474537 0.7388684166808135 -0.2464989941432565
v -0.3107184702743954 0.37501059899534334 -0.31065697034016604
v -0.3107184702743954 0.37501059899534334 -0.31065697034016604
vt 0.93359375 0.0234375
vt 0.94140625 0.0234375
vt 0.94140625 0
vt 0.93359375 0
vt 0.93359375 0.0234375
vt 0.93359375 0.0234375
vt 0.93359375 0
vt 0.93359375 0
vt 0.94140625 0.0234375
vt 0.94921875 0.0234375
vt 0.94921875 0
vt 0.94140625 0
vt 0.94140625 0.0234375
vt 0.94140625 0.0234375
vt 0.94140625 0
vt 0.94140625 0
vt 0.94140625 0.0234375
vt 0.93359375 0.0234375
vt 0.93359375 0.0234375
vt 0.94140625 0.0234375
vt 0.94921875 0.0234375
vt 0.94140625 0.0234375
vt 0.94140625 0.0234375
vt 0.94921875 0.0234375
vn 0.984807753012208 -0.17364817766693033 2.1510571102112408e-16
vn -0.029709108398377922 -0.16848872633677128 0.9852557627213282
vn -0.984807753012208 0.17364817766693033 -2.1510571102112408e-16
vn 0.029709108398377922 0.16848872633677128 -0.9852557627213282
vn 0.17108786773240012 0.9702875138279203 0.17108793652509216
vn -0.17108786773240012 -0.9702875138279203 -0.17108793652509216
usemtl m_f18e4d70-e62f-3225-0177-13cdc6e50965
f 404/1204/301 407/1203/301 405/1202/301 402/1201/301
f 403/1208/302 404/1207/302 402/1206/302 401/1205/302
f 408/1212/303 403/1211/303 401/1210/303 406/1209/303
f 407/1216/304 408/1215/304 406/1214/304 405/1213/304
f 406/1220/305 401/1219/305 402/1218/305 405/1217/305
f 407/1224/306 404/1223/306 403/1222/306 408/1221/306
o bone17
v -0.1875 0.7232415625717208 -0.24925249171453054
v -0.1875 0.7232415625717208 -0.24925249171453054
v -0.18749999999999997 0.35393865519214274 -0.3143705583396294
v -0.18749999999999997 0.35393865519214274 -0.3143705583396294
v 0.1875 0.7232415625717208 -0.24925249171453048
v 0.1875 0.7232415625717208 -0.24925249171453048
v 0.18750000000000003 0.35393865519214274 -0.31437055833962935
v 0.18750000000000003 0.35393865519214274 -0.31437055833962935
vt 0.953125 0.0234375
vt 0.9765625 0.0234375
vt 0.9765625 0
vt 0.953125 0
vt 0.953125 0.0234375
vt 0.953125 0.0234375
vt 0.953125 0
vt 0.953125 0
vt 0.9765625 0.0234375
vt 1 0.0234375
vt 1 0
vt 0.9765625 0
vt 0.9765625 0.0234375
vt 0.9765625 0.0234375
vt 0.9765625 0
vt 0.9765625 0
vt 0.9765625 0.0234375
vt 0.953125 0.0234375
vt 0.953125 0.0234375
vt 0.9765625 0.0234375
vt 1 0.0234375
vt 0.9765625 0.0234375
vt 0.9765625 0.0234375
vt 1 0.0234375
vn -1.2060416625018976e-16 -0.17364817766693033 0.984807753012208
vn -1 0 -1.2246467991473532e-16
vn 1.2060416625018976e-16 0.17364817766693033 -0.984807753012208
vn 1 0 1.2246467991473532e-16
vn -2.1265768495757713e-17 0.984807753012208 0.17364817766693033
vn 2.1265768495757713e-17 -0.984807753012208 -0.17364817766693033
usemtl m_f18e4d70-e62f-3225-0177-13cdc6e50965
f 412/1228/307 415/1227/307 413/1226/307 410/1225/307
f 411/1232/308 412/1231/308 410/1230/308 409/1229/308
f 416/1236/309 411/1235/309 409/1234/309 414/1233/309
f 415/1240/310 416/1239/310 414/1238/310 413/1237/310
f 414/1244/311 409/1243/311 410/1242/311 413/1241/311
f 415/1248/312 412/1247/312 411/1246/312 416/1245/312
o bone18
v -0.2464989941432565 0.738846710658605 -0.24643741890561882
v -0.2464989941432565 0.738846710658605 -0.24643741890561882
v -0.31065697034016604 0.374988892973135 -0.3105953693052689
v -0.31065697034016604 0.374988892973135 -0.3105953693052689
v -0.12334202380309045 0.7177856198665087 -0.250151057455416
v -0.12334202380309045 0.7177856198665087 -0.250151057455416
v -0.18749999999999997 0.35392780218103853 -0.3143090078550661
v -0.18749999999999997 0.35392780218103853 -0.3143090078550661
vt 0.93359375 0.0234375
vt 0.94140625 0.0234375
vt 0.94140625 0
vt 0.93359375 0
vt 0.93359375 0.0234375
vt 0.93359375 0.0234375
vt 0.93359375 0
vt 0.93359375 0
vt 0.94140625 0.0234375
vt 0.94921875 0.0234375
vt 0.94921875 0
vt 0.94140625 0
vt 0.94140625 0.0234375
vt 0.94140625 0.0234375
vt 0.94140625 0
vt 0.94140625 0
vt 0.94140625 0.0234375
vt 0.93359375 0.0234375
vt 0.93359375 0.0234375
vt 0.94140625 0.0234375
vt 0.94921875 0.0234375
vt 0.94140625 0.0234375
vt 0.94140625 0.0234375
vt 0.94921875 0.0234375
vn -1.214306433183765e-16 -0.17364817766693033 0.984807753012208
vn -0.9852557627213282 0.1684887263367713 0.029709108398377582
vn 1.214306433183765e-16 0.17364817766693033 -0.984807753012208
vn 0.9852557627213282 -0.1684887263367713 -0.029709108398377582
vn 0.1710879365250921 0.9702875138279203 0.17108786773240017
vn -0.1710879365250921 -0.9702875138279203 -0.17108786773240017
usemtl m_f18e4d70-e62f-3225-0177-13cdc6e50965
f 420/1252/313 423/1251/313 421/1250/313 418/1249/313
f 419/1256/314 420/1255/314 418/1254/314 417/1253/314
f 424/1260/315 419/1259/315 417/1258/315 422/1257/315
f 423/1264/316 424/1263/316 422/1262/316 421/1261/316
f 422/1268/317 417/1267/317 418/1266/317 421/1265/317
f 423/1272/318 420/1271/318 419/1270/318 424/1269/318
o bone19
v 0.12334202380309045 0.717807325888717 -0.2502741584245426
v 0.12334202380309045 0.717807325888717 -0.2502741584245426
v 0.1875 0.3539495082032469 -0.3144321088241926
v 0.1875 0.3539495082032469 -0.3144321088241926
v 0.2464989941432565 0.7388684166808135 -0.24656051987474537
v 0.2464989941432565 0.7388684166808135 -0.24656051987474537
v 0.31065697034016604 0.37501059899534334 -0.31071847027439536
v 0.31065697034016604 0.37501059899534334 -0.31071847027439536
vt 0.93359375 0.0234375
vt 0.94140625 0.0234375
vt 0.94140625 0
vt 0.93359375 0
vt 0.93359375 0.0234375
vt 0.93359375 0.0234375
vt 0.93359375 0
vt 0.93359375 0
vt 0.94140625 0.0234375
vt 0.94921875 0.0234375
vt 0.94921875 0
vt 0.94140625 0
vt 0.94140625 0.0234375
vt 0.94140625 0.0234375
vt 0.94140625 0
vt 0.94140625 0
vt 0.94140625 0.0234375
vt 0.93359375 0.0234375
vt 0.93359375 0.0234375
vt 0.94140625 0.0234375
vt 0.94921875 0.0234375
vt 0.94140625 0.0234375
vt 0.94140625 0.0234375
vt 0.94921875 0.0234375
vn -1.214306433183765e-16 -0.1736481776669303 0.984807753012208
vn -0.9852557627213282 -0.1684887263367713 -0.02970910839837783
vn 1.214306433183765e-16 0.1736481776669303 -0.984807753012208
vn 0.9852557627213282 0.1684887263367713 0.02970910839837783
vn -0.1710879365250922 0.9702875138279206 0.17108786773240017
vn 0.1710879365250922 -0.9702875138279206 -0.17108786773240017
usemtl m_f18e4d70-e62f-3225-0177-13cdc6e50965
f 428/1276/319 431/1275/319 429/1274/319 426/1273/319
f 427/1280/320 428/1279/320 426/1278/320 425/1277/320
f 432/1284/321 427/1283/321 425/1282/321 430/1281/321
f 431/1288/322 432/1287/322 430/1286/322 429/1285/322
f 430/1292/323 425/1291/323 426/1290/323 429/1289/323
f 431/1296/324 428/1295/324 427/1294/324 432/1293/324
o decoration4
v 0.03125 0.8125 0.328125
v 0.03125 0.8125 0.203125
v 0.03125 0.6875 0.328125
v 0.03125 0.6875 0.203125
v -0.03125 0.8125 0.203125
v -0.03125 0.8125 0.328125
v -0.03125 0.6875 0.203125
v -0.03125 0.6875 0.328125
vt 0.4765625 0.10546875
vt 0.48046875 0.10546875
vt 0.48046875 0.09765625
vt 0.4765625 0.09765625
vt 0.46875 0.10546875
vt 0.4765625 0.10546875
vt 0.4765625 0.09765625
vt 0.46875 0.09765625
vt 0.48828125 0.10546875
vt 0.4921875 0.10546875
vt 0.4921875 0.09765625
vt 0.48828125 0.09765625
vt 0.48046875 0.10546875
vt 0.48828125 0.10546875
vt 0.48828125 0.09765625
vt 0.48046875 0.09765625
vt 0.48046875 0.10546875
vt 0.4765625 0.10546875
vt 0.4765625 0.11328125
vt 0.48046875 0.11328125
vt 0.484375 0.11328125
vt 0.48046875 0.11328125
vt 0.48046875 0.10546875
vt 0.484375 0.10546875
vn 0 0 -1
vn 1 0 0
vn 0 0 1
vn -1 0 0
vn 0 1 0
vn 0 -1 0
usemtl m_f18e4d70-e62f-3225-0177-13cdc6e50965
f 436/1300/325 439/1299/325 437/1298/325 434/1297/325
f 435/1304/326 436/1303/326 434/1302/326 433/1301/326
f 440/1308/327 435/1307/327 433/1306/327 438/1305/327
f 439/1312/328 440/1311/328 438/1310/328 437/1309/328
f 438/1316/329 433/1315/329 434/1314/329 437/1313/329
f 439/1320/330 436/1319/330 435/1318/330 440/1317/330
o bone291
v 0.26196299233481013 0.702864467112161 0.4138893254519606
v 0.28645329414300125 0.6929697429030336 0.35724508876217
v 0.23855008024631563 0.6449154762017367 0.4138893254519606
v 0.26304038205450675 0.6350207519926093 0.35724508876217
v 0.02385518557783367 0.799066265618069 0.2251768819682014
v -0.0006351162303574187 0.8089609898271964 0.28182111865799203
v 0.0004422734893391733 0.7411172747076448 0.2251768819682014
v -0.024048028318851916 0.7510119989167722 0.28182111865799203
vt 0.07421875 0.1328125
vt 0.09375 0.1328125
vt 0.09375 0.12890625
vt 0.07421875 0.12890625
vt 0.0703125 0.1328125
vt 0.07421875 0.1328125
vt 0.07421875 0.12890625
vt 0.0703125 0.12890625
vt 0.09765625 0.1328125
vt 0.1171875 0.1328125
vt 0.1171875 0.12890625
vt 0.09765625 0.12890625
vt 0.09375 0.1328125
vt 0.09765625 0.1328125
vt 0.09765625 0.12890625
vt 0.09375 0.12890625
vt 0.09375 0.1328125
vt 0.07421875 0.1328125
vt 0.07421875 0.13671875
vt 0.09375 0.13671875
vt 0.11328125 0.13671875
vt 0.09375 0.13671875
vt 0.09375 0.1328125
vt 0.11328125 0.1328125
vn 0.39184482893105715 -0.15831558734603768 -0.9063077870366499
vn 0.8403139474085362 -0.3395088726881133 0.42261826174069944
vn -0.39184482893105715 0.15831558734603768 0.9063077870366499
vn -0.8403139474085362 0.3395088726881133 -0.42261826174069944
vn 0.37460659341591207 0.9271838545667875 0
vn -0.37460659341591207 -0.9271838545667875 0
usemtl m_f18e4d70-e62f-3225-0177-13cdc6e50965
f 444/1324/331 447/1323/331 445/1322/331 442/1321/331
f 443/1328/332 444/1327/332 442/1326/332 441/1325/332
f 448/1332/333 443/1331/333 441/1330/333 446/1329/333
f 447/1336/334 448/1335/334 446/1334/334 445/1333/334
f 446/1340/335 441/1339/335 442/1338/335 445/1337/335
f 447/1344/336 444/1343/336 443/1342/336 448/1341/336
o bone292
v 0.28645307568577333 0.692969831165483 0.3572450301509423
v 0.301451378177864 0.6869101236156696 0.2968746660078755
v 0.26304016359727883 0.6350208402550588 0.3572450301509423
v 0.2780384660893695 0.6289611327052453 0.2968746660078755
v 0.02157924353901791 0.7999858058902314 0.21599371441333776
v 0.0065809410469272744 0.8060455134400448 0.27636407855640455
v -0.0018336685494765859 0.7420368149798071 0.21599371441333776
v -0.016831971041567223 0.7480965225296206 0.27636407855640455
vt 0.00390625 0.1328125
vt 0.0234375 0.1328125
vt 0.0234375 0.12890625
vt 0.00390625 0.12890625
vt 0 0.1328125
vt 0.00390625 0.1328125
vt 0.00390625 0.12890625
vt 0 0.12890625
vt 0.02734375 0.1328125
vt 0.046875 0.1328125
vt 0.046875 0.12890625
vt 0.02734375 0.12890625
vt 0.0234375 0.1328125
vt 0.02734375 0.1328125
vt 0.02734375 0.12890625
vt 0.0234375 0.12890625
vt 0.0234375 0.1328125
vt 0.00390625 0.1328125
vt 0.00390625 0.13671875
vt 0.0234375 0.13671875
vt 0.04296875 0.13671875
vt 0.0234375 0.13671875
vt 0.0234375 0.1328125
vt 0.04296875 0.1328125
vn 0.2399728398734504 -0.09695532079701458 -0.9659258262890683
vn 0.8955908308443075 -0.36184218327859785 0.25881904510252074
vn -0.2399728398734504 0.09695532079701458 0.9659258262890683
vn -0.8955908308443075 0.36184218327859785 -0.25881904510252074
vn 0.374606593415912 0.9271838545667874 1.3877787807814457e-17
vn -0.374606593415912 -0.9271838545667874 -1.3877787807814457e-17
usemtl m_f18e4d70-e62f-3225-0177-13cdc6e50965
f 452/1348/337 455/1347/337 453/1346/337 450/1345/337
f 451/1352/338 452/1351/338 450/1350/338 449/1349/338
f 456/1356/339 451/1355/339 449/1354/339 454/1353/339
f 455/1360/340 456/1359/340 454/1358/340 453/1357/340
f 454/1364/341 449/1363/341 450/1362/341 453/1361/341
f 455/1368/342 452/1367/342 451/1366/342 456/1365/342
o bone295
v 0.27036141824633964 0.7558563438693215 0.4138896759008259
v 0.2963737770417636 0.7512696631818192 0.35724543921103535
v 0.2595084071421565 0.6943058593060585 0.4138896759008259
v 0.28552076593758047 0.6897191786185561 0.35724543921103535
v 0.01745535976394176 0.8004505055644012 0.22517723241706677
v -0.008556999031482201 0.8050371862519036 0.28182146910685735
v 0.006602348659758631 0.7389000210011382 0.22517723241706677
v -0.01941001013566533 0.7434867016886405 0.28182146910685735
vt 0.07421875 0.1328125
vt 0.09375 0.1328125
vt 0.09375 0.12890625
vt 0.07421875 0.12890625
vt 0.0703125 0.1328125
vt 0.07421875 0.1328125
vt 0.07421875 0.12890625
vt 0.0703125 0.12890625
vt 0.09765625 0.1328125
vt 0.1171875 0.1328125
vt 0.1171875 0.12890625
vt 0.09765625 0.12890625
vt 0.09375 0.1328125
vt 0.09765625 0.1328125
vt 0.09765625 0.12890625
vt 0.09375 0.12890625
vt 0.09375 0.1328125
vt 0.07421875 0.1328125
vt 0.07421875 0.13671875
vt 0.09375 0.13671875
vt 0.11328125 0.13671875
vt 0.09375 0.13671875
vt 0.09375 0.1328125
vt 0.11328125 0.1328125
vn 0.4161977407267835 -0.07338689100003826 -0.90630778703665
vn 0.8925389352890299 -0.15737869562426265 0.4226182617406994
vn -0.4161977407267835 0.07338689100003826 0.90630778703665
vn -0.8925389352890299 0.15737869562426265 -0.4226182617406994
vn 0.17364817766693036 0.9848077530122081 0
vn -0.17364817766693036 -0.9848077530122081 0
usemtl m_f18e4d70-e62f-3225-0177-13cdc6e50965
f 460/1372/343 463/1371/343 461/1370/343 458/1369/343
f 459/1376/344 460/1375/344 458/1374/344 457/1373/344
f 464/1380/345 459/1379/345 457/1378/345 462/1377/345
f 463/1384/346 464/1383/346 462/1382/346 461/1381/346
f 462/1388/347 457/1387/347 458/1386/347 461/1385/347
f 463/1392/348 460/1391/348 459/1390/348 464/1389/348
o bone296
v 0.29637387715431646 0.751269645529275 0.3572452289612919
v 0.3123043147945776 0.7484606795588032 0.2968748648182251
v 0.2855208660501333 0.6897191609660119 0.3572452289612919
v 0.30145130369039447 0.6869101949955402 0.2968748648182251
v 0.01503830149326587 0.8008766981514659 0.21599391322368738
v -0.0008921361469953065 0.8036856641219376 0.2763642773667542
v 0.0041852903890827395 0.7393262135882028 0.21599391322368738
v -0.011745147251178437 0.7421351795586746 0.2763642773667542
vt 0.00390625 0.1328125
vt 0.0234375 0.1328125
vt 0.0234375 0.12890625
vt 0.00390625 0.12890625
vt 0 0.1328125
vt 0.00390625 0.1328125
vt 0.00390625 0.12890625
vt 0 0.12890625
vt 0.02734375 0.1328125
vt 0.046875 0.1328125
vt 0.046875 0.12890625
vt 0.02734375 0.12890625
vt 0.0234375 0.1328125
vt 0.02734375 0.1328125
vt 0.02734375 0.12890625
vt 0.0234375 0.12890625
vt 0.0234375 0.1328125
vt 0.00390625 0.1328125
vt 0.00390625 0.13671875
vt 0.0234375 0.13671875
vt 0.04296875 0.13671875
vt 0.0234375 0.13671875
vt 0.0234375 0.1328125
vt 0.04296875 0.1328125
vn 0.2548870022441788 -0.04494345552754778 -0.9659258262890684
vn 0.9512512425641979 -0.16773125949652065 0.25881904510252074
vn -0.2548870022441788 0.04494345552754778 0.9659258262890684
vn -0.9512512425641979 0.16773125949652065 -0.25881904510252074
vn 0.17364817766693036 0.984807753012208 0
vn -0.17364817766693036 -0.984807753012208 0
usemtl m_f18e4d70-e62f-3225-0177-13cdc6e50965
f 468/1396/349 471/1395/349 469/1394/349 466/1393/349
f 467/1400/350 468/1399/350 466/1398/350 465/1397/350
f 472/1404/351 467/1403/351 465/1402/351 470/1401/351
f 471/1408/352 472/1407/352 470/1406/352 469/1405/352
f 470/1412/353 465/1411/353 466/1410/353 469/1409/353
f 471/1416/354 468/1415/354 467/1414/354 472/1413/354
o bone299
v 0.2686301515637713 0.8102075565416086 0.4138893115248249
v 0.29503976999704873 0.8106685381460909 0.3572450748350343
v 0.2697209269661015 0.7477170755943341 0.4138893115248249
v 0.29613054539937894 0.7481780571988164 0.3572450748350343
v 0.011861722506147476 0.8057256469408913 0.22517686804106574
v -0.014547895927129934 0.8052646653364091 0.2818211047308563
v 0.012952497908477717 0.7432351659936168 0.22517686804106574
v -0.013457120524799693 0.7427741843891346 0.2818211047308563
vt 0.07421875 0.1328125
vt 0.09375 0.1328125
vt 0.09375 0.12890625
vt 0.07421875 0.12890625
vt 0.0703125 0.1328125
vt 0.07421875 0.1328125
vt 0.07421875 0.12890625
vt 0.0703125 0.12890625
vt 0.09765625 0.1328125
vt 0.1171875 0.1328125
vt 0.1171875 0.12890625
vt 0.09765625 0.12890625
vt 0.09375 0.1328125
vt 0.09765625 0.1328125
vt 0.09765625 0.12890625
vt 0.09375 0.12890625
vt 0.09375 0.1328125
vt 0.07421875 0.1328125
vt 0.07421875 0.13671875
vt 0.09375 0.13671875
vt 0.11328125 0.13671875
vt 0.09375 0.13671875
vt 0.09375 0.1328125
vt 0.11328125 0.1328125
vn 0.42255389493243883 0.007375705671716951 -0.9063077870366499
vn 0.9061697519708839 0.015817251856638605 0.4226182617406995
vn -0.42255389493243883 -0.007375705671716951 0.9063077870366499
vn -0.9061697519708839 -0.015817251856638605 -0.4226182617406995
vn -0.01745240643728351 0.9998476951563913 -1.734723475976807e-18
vn 0.01745240643728351 -0.9998476951563913 1.734723475976807e-18
usemtl m_f18e4d70-e62f-3225-0177-13cdc6e50965
f 476/1420/355 479/1419/355 477/1418/355 474/1417/355
f 475/1424/356 476/1423/356 474/1422/356 473/1421/356
f 480/1428/357 475/1427/357 473/1426/357 478/1425/357
f 479/1432/358 480/1431/358 478/1430/358 477/1429/358
f 478/1436/359 473/1435/359 474/1434/359 477/1433/359
f 479/1440/360 476/1439/360 475/1438/360 480/1437/360
o bone300
v 0.2950400929438475 0.8106685437831482 0.3572455117346165
v 0.31121381955061833 0.8109508572312008 0.29687514759154976
v 0.29613086834617763 0.7481780628358737 0.3572455117346165
v 0.3123045949529485 0.7484603762839263 0.29687514759154976
v 0.009407972329631503 0.8056828165722427 0.21599419599701203
v -0.006765754277139352 0.8054005031241902 0.27636456014007876
v 0.010498747731961716 0.7431923356249682 0.21599419599701203
v -0.005674978874809111 0.7429100221769157 0.27636456014007876
vt 0.00390625 0.1328125
vt 0.0234375 0.1328125
vt 0.0234375 0.12890625
vt 0.00390625 0.12890625
vt 0 0.1328125
vt 0.00390625 0.1328125
vt 0.00390625 0.12890625
vt 0 0.12890625
vt 0.02734375 0.1328125
vt 0.046875 0.1328125
vt 0.046875 0.12890625
vt 0.02734375 0.12890625
vt 0.0234375 0.1328125
vt 0.02734375 0.1328125
vt 0.02734375 0.12890625
vt 0.0234375 0.12890625
vt 0.0234375 0.1328125
vt 0.00390625 0.1328125
vt 0.00390625 0.13671875
vt 0.0234375 0.13671875
vt 0.04296875 0.13671875
vt 0.0234375 0.13671875
vt 0.0234375 0.1328125
vt 0.04296875 0.1328125
vn 0.25877962570833346 0.004517015168838804 -0.9659258262890684
vn 0.9657787111071577 0.01685773010866573 0.2588190451025208
vn -0.25877962570833346 -0.004517015168838804 0.9659258262890684
vn -0.9657787111071577 -0.01685773010866573 -0.2588190451025208
vn -0.01745240643728351 0.9998476951563914 0
vn 0.01745240643728351 -0.9998476951563914 0
usemtl m_f18e4d70-e62f-3225-0177-13cdc6e50965
f 484/1444/361 487/1443/361 485/1442/361 482/1441/361
f 483/1448/362 484/1447/362 482/1446/362 481/1445/362
f 488/1452/363 483/1451/363 481/1450/363 486/1449/363
f 487/1456/364 488/1455/364 486/1454/364 485/1453/364
f 486/1460/365 481/1459/365 482/1458/365 485/1457/365
f 487/1464/366 484/1463/366 483/1462/366 488/1461/366
o bone303
v -0.2697209269661015 0.7477170755943343 0.4138893115248249
v -0.2961305453993789 0.7481780571988166 0.3572450748350343
v -0.26863015156377124 0.8102075565416087 0.4138893115248249
v -0.2950397699970487 0.810668538146091 0.3572450748350343
v -0.012952497908477661 0.7432351659936169 0.22517686804106574
v 0.013457120524799748 0.7427741843891347 0.2818211047308563
v -0.011861722506147448 0.8057256469408913 0.22517686804106574
v 0.014547895927129989 0.8052646653364091 0.2818211047308563
vt 0.07421875 0.1328125
vt 0.09375 0.1328125
vt 0.09375 0.12890625
vt 0.07421875 0.12890625
vt 0.0703125 0.1328125
vt 0.07421875 0.1328125
vt 0.07421875 0.12890625
vt 0.0703125 0.12890625
vt 0.09765625 0.1328125
vt 0.1171875 0.1328125
vt 0.1171875 0.12890625
vt 0.09765625 0.12890625
vt 0.09375 0.1328125
vt 0.09765625 0.1328125
vt 0.09765625 0.12890625
vt 0.09375 0.12890625
vt 0.09375 0.1328125
vt 0.07421875 0.1328125
vt 0.07421875 0.13671875
vt 0.09375 0.13671875
vt 0.11328125 0.13671875
vt 0.09375 0.13671875
vt 0.09375 0.1328125
vt 0.11328125 0.1328125
vn -0.42255389493243883 0.007375705671717106 -0.9063077870366499
vn -0.9061697519708839 0.015817251856638938 0.4226182617406995
vn 0.42255389493243883 -0.007375705671717106 0.9063077870366499
vn 0.9061697519708839 -0.015817251856638938 -0.4226182617406995
vn -0.01745240643728388 -0.9998476951563913 8.673617379884035e-19
vn 0.01745240643728388 0.9998476951563913 -8.673617379884035e-19
usemtl m_f18e4d70-e62f-3225-0177-13cdc6e50965
f 492/1468/367 495/1467/367 493/1466/367 490/1465/367
f 491/1472/368 492/1471/368 490/1470/368 489/1469/368
f 496/1476/369 491/1475/369 489/1474/369 494/1473/369
f 495/1480/370 496/1479/370 494/1478/370 493/1477/370
f 494/1484/371 489/1483/371 490/1482/371 493/1481/371
f 495/1488/372 492/1487/372 491/1486/372 496/1485/372
o bone304
v -0.29613086834617763 0.7481780628358741 0.3572455117346165
v -0.3123045949529485 0.7484603762839265 0.29687514759154976
v -0.2950400929438474 0.8106685437831485 0.3572455117346165
v -0.3112138195506183 0.8109508572312009 0.29687514759154976
v -0.010498747731961702 0.7431923356249683 0.21599419599701203
v 0.005674978874809153 0.7429100221769159 0.27636456014007876
v -0.009407972329631462 0.8056828165722427 0.21599419599701203
v 0.006765754277139394 0.8054005031241903 0.27636456014007876
vt 0.00390625 0.1328125
vt 0.0234375 0.1328125
vt 0.0234375 0.12890625
vt 0.00390625 0.12890625
vt 0 0.1328125
vt 0.00390625 0.1328125
vt 0.00390625 0.12890625
vt 0 0.12890625
vt 0.02734375 0.1328125
vt 0.046875 0.1328125
vt 0.046875 0.12890625
vt 0.02734375 0.12890625
vt 0.0234375 0.1328125
vt 0.02734375 0.1328125
vt 0.02734375 0.12890625
vt 0.0234375 0.12890625
vt 0.0234375 0.1328125
vt 0.00390625 0.1328125
vt 0.00390625 0.13671875
vt 0.0234375 0.13671875
vt 0.04296875 0.13671875
vt 0.0234375 0.13671875
vt 0.0234375 0.1328125
vt 0.04296875 0.1328125
vn -0.25877962570833346 0.0045170151688388996 -0.9659258262890684
vn -0.9657787111071577 0.016857730108666084 0.2588190451025208
vn 0.25877962570833346 -0.0045170151688388996 0.9659258262890684
vn 0.9657787111071577 -0.016857730108666084 -0.2588190451025208
vn -0.01745240643728388 -0.9998476951563914 0
vn 0.01745240643728388 0.9998476951563914 0
usemtl m_f18e4d70-e62f-3225-0177-13cdc6e50965
f 500/1492/373 503/1491/373 501/1490/373 498/1489/373
f 499/1496/374 500/1495/374 498/1494/374 497/1493/374
f 504/1500/375 499/1499/375 497/1498/375 502/1497/375
f 503/1504/376 504/1503/376 502/1502/376 501/1501/376
f 502/1508/377 497/1507/377 498/1506/377 501/1505/377
f 503/1512/378 500/1511/378 499/1510/378 504/1509/378
o bone307
v -0.25950840714215656 0.6943058593060585 0.4138896759008259
v -0.2855207659375806 0.689719178618556 0.35724543921103535
v -0.27036141824633975 0.7558563438693214 0.4138896759008259
v -0.2963737770417637 0.751269663181819 0.35724543921103535
v -0.006602348659758672 0.7389000210011382 0.22517723241706677
v 0.01941001013566529 0.7434867016886406 0.28182146910685735
v -0.017455359763941858 0.8004505055644011 0.22517723241706677
v 0.008556999031482104 0.8050371862519036 0.28182146910685735
vt 0.07421875 0.1328125
vt 0.09375 0.1328125
vt 0.09375 0.12890625
vt 0.07421875 0.12890625
vt 0.0703125 0.1328125
vt 0.07421875 0.1328125
vt 0.07421875 0.12890625
vt 0.0703125 0.12890625
vt 0.09765625 0.1328125
vt 0.1171875 0.1328125
vt 0.1171875 0.12890625
vt 0.09765625 0.12890625
vt 0.09375 0.1328125
vt 0.09765625 0.1328125
vt 0.09765625 0.12890625
vt 0.09375 0.12890625
vt 0.09375 0.1328125
vt 0.07421875 0.1328125
vt 0.07421875 0.13671875
vt 0.09375 0.13671875
vt 0.11328125 0.13671875
vt 0.09375 0.13671875
vt 0.09375 0.1328125
vt 0.11328125 0.1328125
vn -0.41619774072678345 -0.07338689100003841 -0.9063077870366502
vn -0.89253893528903 -0.157378695624263 0.42261826174069955
vn 0.41619774072678345 0.07338689100003841 0.9063077870366502
vn 0.89253893528903 0.157378695624263 -0.42261826174069955
vn 0.1736481776669307 -0.9848077530122081 0
vn -0.1736481776669307 0.9848077530122081 0
usemtl m_f18e4d70-e62f-3225-0177-13cdc6e50965
f 508/1516/379 511/1515/379 509/1514/379 506/1513/379
f 507/1520/380 508/1519/380 506/1518/380 505/1517/380
f 512/1524/381 507/1523/381 505/1522/381 510/1521/381
f 511/1528/382 512/1527/382 510/1526/382 509/1525/382
f 510/1532/383 505/1531/383 506/1530/383 509/1529/383
f 511/1536/384 508/1535/384 507/1534/384 512/1533/384
o bone308
v -0.28552086605013344 0.6897191609660116 0.3572452289612919
v -0.3014513036903946 0.68691019499554 0.2968748648182251
v -0.2963738771543166 0.7512696455292746 0.3572452289612919
v -0.31230431479457776 0.7484606795588029 0.2968748648182251
v -0.004185290389082774 0.7393262135882028 0.21599391322368738
v 0.011745147251178367 0.7421351795586745 0.2763642773667542
v -0.01503830149326596 0.8008766981514658 0.21599391322368738
v 0.0008921361469952094 0.8036856641219374 0.2763642773667542
vt 0.00390625 0.1328125
vt 0.0234375 0.1328125
vt 0.0234375 0.12890625
vt 0.00390625 0.12890625
vt 0 0.1328125
vt 0.00390625 0.1328125
vt 0.00390625 0.12890625
vt 0 0.12890625
vt 0.02734375 0.1328125
vt 0.046875 0.1328125
vt 0.046875 0.12890625
vt 0.02734375 0.12890625
vt 0.0234375 0.1328125
vt 0.02734375 0.1328125
vt 0.02734375 0.12890625
vt 0.0234375 0.12890625
vt 0.0234375 0.1328125
vt 0.00390625 0.1328125
vt 0.00390625 0.13671875
vt 0.0234375 0.13671875
vt 0.04296875 0.13671875
vt 0.0234375 0.13671875
vt 0.0234375 0.1328125
vt 0.04296875 0.1328125
vn -0.25488700224417876 -0.04494345552754787 -0.9659258262890683
vn -0.9512512425641978 -0.16773125949652098 0.25881904510252085
vn 0.25488700224417876 0.04494345552754787 0.9659258262890683
vn 0.9512512425641978 0.16773125949652098 -0.25881904510252085
vn 0.17364817766693072 -0.9848077530122081 -6.938893903907228e-18
vn -0.17364817766693072 0.9848077530122081 6.938893903907228e-18
usemtl m_f18e4d70-e62f-3225-0177-13cdc6e50965
f 516/1540/385 519/1539/385 517/1538/385 514/1537/385
f 515/1544/386 516/1543/386 514/1542/386 513/1541/386
f 520/1548/387 515/1547/387 513/1546/387 518/1545/387
f 519/1552/388 520/1551/388 518/1550/388 517/1549/388
f 518/1556/389 513/1555/389 514/1554/389 517/1553/389
f 519/1560/390 516/1559/390 515/1558/390 520/1557/390
o bone311
v -0.2385500802463156 0.6449154762017367 0.4138893254519606
v -0.2630403820545067 0.6350207519926094 0.35724508876217
v -0.26196299233481013 0.702864467112161 0.4138893254519606
v -0.28645329414300125 0.6929697429030337 0.35724508876217
v -0.0004422734893391178 0.7411172747076449 0.2251768819682014
v 0.024048028318851944 0.7510119989167723 0.28182111865799203
v -0.023855185577833726 0.7990662656180691 0.2251768819682014
v 0.000635116230357391 0.8089609898271966 0.28182111865799203
vt 0.07421875 0.1328125
vt 0.09375 0.1328125
vt 0.09375 0.12890625
vt 0.07421875 0.12890625
vt 0.0703125 0.1328125
vt 0.07421875 0.1328125
vt 0.07421875 0.12890625
vt 0.0703125 0.12890625
vt 0.09765625 0.1328125
vt 0.1171875 0.1328125
vt 0.1171875 0.12890625
vt 0.09765625 0.12890625
vt 0.09375 0.1328125
vt 0.09765625 0.1328125
vt 0.09765625 0.12890625
vt 0.09375 0.12890625
vt 0.09375 0.1328125
vt 0.07421875 0.1328125
vt 0.07421875 0.13671875
vt 0.09375 0.13671875
vt 0.11328125 0.13671875
vt 0.09375 0.13671875
vt 0.09375 0.1328125
vt 0.11328125 0.1328125
vn -0.39184482893105715 -0.15831558734603776 -0.90630778703665
vn -0.8403139474085362 -0.33950887268811347 0.4226182617406995
vn 0.39184482893105715 0.15831558734603776 0.90630778703665
vn 0.8403139474085362 0.33950887268811347 -0.4226182617406995
vn 0.3746065934159122 -0.9271838545667873 0
vn -0.3746065934159122 0.9271838545667873 0
usemtl m_f18e4d70-e62f-3225-0177-13cdc6e50965
f 524/1564/391 527/1563/391 525/1562/391 522/1561/391
f 523/1568/392 524/1567/392 522/1566/392 521/1565/392
f 528/1572/393 523/1571/393 521/1570/393 526/1569/393
f 527/1576/394 528/1575/394 526/1574/394 525/1573/394
f 526/1580/395 521/1579/395 522/1578/395 525/1577/395
f 527/1584/396 524/1583/396 523/1582/396 528/1581/396
o bone312
v -0.26304016359727883 0.6350208402550587 0.3572450301509423
v -0.2780384660893695 0.6289611327052452 0.2968746660078755
v -0.2864530756857734 0.6929698311654829 0.3572450301509423
v -0.301451378177864 0.6869101236156695 0.2968746660078755
v 0.0018336685494766414 0.7420368149798071 0.21599371441333776
v 0.01683197104156725 0.7480965225296206 0.27636407855640455
v -0.02157924353901791 0.7999858058902314 0.21599371441333776
v -0.006580941046927247 0.8060455134400448 0.27636407855640455
vt 0.00390625 0.1328125
vt 0.0234375 0.1328125
vt 0.0234375 0.12890625
vt 0.00390625 0.12890625
vt 0 0.1328125
vt 0.00390625 0.1328125
vt 0.00390625 0.12890625
vt 0 0.12890625
vt 0.02734375 0.1328125
vt 0.046875 0.1328125
vt 0.046875 0.12890625
vt 0.02734375 0.12890625
vt 0.0234375 0.1328125
vt 0.02734375 0.1328125
vt 0.02734375 0.12890625
vt 0.0234375 0.12890625
vt 0.0234375 0.1328125
vt 0.00390625 0.1328125
vt 0.00390625 0.13671875
vt 0.0234375 0.13671875
vt 0.04296875 0.13671875
vt 0.0234375 0.13671875
vt 0.0234375 0.1328125
vt 0.04296875 0.1328125
vn -0.2399728398734504 -0.09695532079701463 -0.9659258262890684
vn -0.8955908308443075 -0.3618421832785981 0.2588190451025208
vn 0.2399728398734504 0.09695532079701463 0.9659258262890684
vn 0.8955908308443075 0.3618421832785981 -0.2588190451025208
vn 0.37460659341591224 -0.9271838545667874 0
vn -0.37460659341591224 0.9271838545667874 0
usemtl m_f18e4d70-e62f-3225-0177-13cdc6e50965
f 532/1588/397 535/1587/397 533/1586/397 530/1585/397
f 531/1592/398 532/1591/398 530/1590/398 529/1589/398
f 536/1596/399 531/1595/399 529/1594/399 534/1593/399
f 535/1600/400 536/1599/400 534/1598/400 533/1597/400
f 534/1604/401 529/1603/401 530/1602/401 533/1601/401
f 535/1608/402 532/1607/402 531/1606/402 536/1605/402
o bone314
v 0.04617933619633785 0.6309087967579329 0.2940253702913276
v 0.04617933619633785 0.6309087967579329 0.2940253702913276
v -0.015912134415181356 0.5950602694859924 0.39641937582745146
v -0.015912134415181356 0.5950602694859924 0.39641937582745146
v -0.01632066380366215 0.7391619722309877 0.2940253702913276
v -0.01632066380366215 0.7391619722309877 0.2940253702913276
v -0.07841213441518147 0.7033134449590472 0.39641937582745146
v -0.07841213441518147 0.7033134449590472 0.39641937582745146
vt 0.4765625 0.03125
vt 0.46875 0.03125
vt 0.46875 0.0234375
vt 0.4765625 0.0234375
vt 0.4765625 0.03125
vt 0.4765625 0.03125
vt 0.4765625 0.0234375
vt 0.4765625 0.0234375
vt 0.484375 0.03125
vt 0.4765625 0.03125
vt 0.4765625 0.0234375
vt 0.484375 0.0234375
vt 0.46875 0.03125
vt 0.46875 0.03125
vt 0.46875 0.0234375
vt 0.46875 0.0234375
vt 0.46875 0.03125
vt 0.4765625 0.03125
vt 0.4765625 0.03125
vt 0.46875 0.03125
vt 0.4765625 0.03125
vt 0.484375 0.03125
vt 0.484375 0.03125
vt 0.4765625 0.03125
vn -0.7094064799162224 -0.40957602214449595 -0.5735764363510463
vn 0.5000000000000001 -0.8660254037844386 -5.551115123125783e-17
vn 0.7094064799162224 0.40957602214449595 0.5735764363510463
vn -0.5000000000000001 0.8660254037844386 5.551115123125783e-17
vn 0.4967317648921542 0.2867882181755232 -0.8191520442889917
vn -0.4967317648921542 -0.2867882181755232 0.8191520442889917
usemtl m_f18e4d70-e62f-3225-0177-13cdc6e50965
f 540/1612/403 543/1611/403 541/1610/403 538/1609/403
f 539/1616/404 540/1615/404 538/1614/404 537/1613/404
f 544/1620/405 539/1619/405 537/1618/405 542/1617/405
f 543/1624/406 544/1623/406 542/1622/406 541/1621/406
f 542/1628/407 537/1627/407 538/1626/407 541/1625/407
f 543/1632/408 540/1631/408 539/1630/408 544/1629/408
o bone315
v -0.01593913405793823 0.5950446812349786 0.39636548188412324
v -0.01593913405793823 0.5950446812349786 0.39636548188412324
v -0.10968913405793823 0.5409180934984512 0.45886548188412324
v -0.10968913405793823 0.5409180934984512 0.45886548188412324
v -0.07843913405793823 0.7032978567080335 0.39636548188412324
v -0.07843913405793823 0.7032978567080335 0.39636548188412324
v -0.17218913405793823 0.649171268971506 0.45886548188412324
v -0.17218913405793823 0.649171268971506 0.45886548188412324
vt 0.4765625 0.0390625
vt 0.46875 0.0390625
vt 0.46875 0.03125
vt 0.4765625 0.03125
vt 0.4765625 0.0390625
vt 0.4765625 0.0390625
vt 0.4765625 0.03125
vt 0.4765625 0.03125
vt 0.484375 0.0390625
vt 0.4765625 0.0390625
vt 0.4765625 0.03125
vt 0.484375 0.03125
vt 0.46875 0.0390625
vt 0.46875 0.0390625
vt 0.46875 0.03125
vt 0.46875 0.03125
vt 0.46875 0.0390625
vt 0.4765625 0.0390625
vt 0.4765625 0.0390625
vt 0.46875 0.0390625
vt 0.4765625 0.0390625
vt 0.484375 0.0390625
vt 0.484375 0.0390625
vt 0.4765625 0.0390625
vn -0.4330127018922192 -0.25 -0.8660254037844388
vn 0.5000000000000002 -0.8660254037844386 -2.7755575615628914e-17
vn 0.4330127018922192 0.25 0.8660254037844388
vn -0.5000000000000002 0.8660254037844386 2.7755575615628914e-17
vn 0.7500000000000001 0.4330127018922195 -0.4999999999999998
vn -0.7500000000000001 -0.4330127018922195 0.4999999999999998
usemtl m_f18e4d70-e62f-3225-0177-13cdc6e50965
f 548/1636/409 551/1635/409 549/1634/409 546/1633/409
f 547/1640/410 548/1639/410 546/1638/410 545/1637/410
f 552/1644/411 547/1643/411 545/1642/411 550/1641/411
f 551/1648/412 552/1647/412 550/1646/412 549/1645/412
f 550/1652/413 545/1651/413 546/1650/413 549/1649/413
f 551/1656/414 548/1655/414 547/1654/414 552/1653/414
o bone316
v -0.10966197909032688 0.5409337714263116 0.45891927689582107
v -0.10966197909032688 0.5409337714263116 0.45891927689582107
v -0.21750321854817944 0.4786716027955774 0.4698137447392783
v -0.21750321854817944 0.4786716027955774 0.4698137447392783
v -0.17216197909032693 0.6491869468993663 0.45891927689582107
v -0.17216197909032693 0.6491869468993663 0.45891927689582107
v -0.2800032185481795 0.5869247782686323 0.4698137447392783
v -0.2800032185481795 0.5869247782686323 0.4698137447392783
vt 0.4765625 0.03125
vt 0.46875 0.03125
vt 0.46875 0.0234375
vt 0.4765625 0.0234375
vt 0.4765625 0.03125
vt 0.4765625 0.03125
vt 0.4765625 0.0234375
vt 0.4765625 0.0234375
vt 0.484375 0.03125
vt 0.4765625 0.03125
vt 0.4765625 0.0234375
vt 0.484375 0.0234375
vt 0.46875 0.03125
vt 0.46875 0.03125
vt 0.46875 0.0234375
vt 0.46875 0.0234375
vt 0.46875 0.03125
vt 0.4765625 0.03125
vt 0.4765625 0.03125
vt 0.46875 0.03125
vt 0.4765625 0.03125
vt 0.484375 0.03125
vt 0.484375 0.03125
vt 0.4765625 0.03125
vn -0.07547908730517305 -0.04357787137382894 -0.9961946980917455
vn 0.5000000000000001 -0.8660254037844385 -4.163336342344337e-17
vn 0.07547908730517305 0.04357787137382894 0.9961946980917455
vn -0.5000000000000001 0.8660254037844385 4.163336342344337e-17
vn 0.8627299156628209 0.4980973490458729 -0.08715574274765796
vn -0.8627299156628209 -0.4980973490458729 0.08715574274765796
usemtl m_f18e4d70-e62f-3225-0177-13cdc6e50965
f 556/1660/415 559/1659/415 557/1658/415 554/1657/415
f 555/1664/416 556/1663/416 554/1662/416 553/1661/416
f 560/1668/417 555/1667/417 553/1666/417 558/1665/417
f 559/1672/418 560/1671/418 558/1670/418 557/1669/418
f 558/1676/419 553/1675/419 554/1674/419 557/1673/419
f 559/1680/420 556/1679/420 555/1678/420 560/1677/420
o bone317
v -0.21749880569245106 0.4786741505590201 0.46987638682475263
v -0.21749880569245106 0.4786741505590201 0.46987638682475263
v -0.31922351586112274 0.41994336175990077 0.42712386890904397
v -0.31922351586112274 0.41994336175990077 0.42712386890904397
v -0.27999880569245106 0.5869273260320749 0.46987638682475263
v -0.27999880569245106 0.5869273260320749 0.46987638682475263
v -0.38172351586112274 0.5281965372329556 0.42712386890904397
v -0.38172351586112274 0.5281965372329556 0.42712386890904397
vt 0.4765625 0.0390625
vt 0.46875 0.0390625
vt 0.46875 0.03125
vt 0.4765625 0.03125
vt 0.4765625 0.0390625
vt 0.4765625 0.0390625
vt 0.4765625 0.03125
vt 0.4765625 0.03125
vt 0.484375 0.0390625
vt 0.4765625 0.0390625
vt 0.4765625 0.03125
vt 0.484375 0.03125
vt 0.46875 0.0390625
vt 0.46875 0.0390625
vt 0.46875 0.03125
vt 0.46875 0.03125
vt 0.46875 0.0390625
vt 0.4765625 0.0390625
vt 0.4765625 0.0390625
vt 0.46875 0.0390625
vt 0.4765625 0.0390625
vt 0.484375 0.0390625
vt 0.484375 0.0390625
vt 0.4765625 0.0390625
vn 0.296198132726024 0.17101007166283452 -0.9396926207859083
vn 0.5000000000000001 -0.8660254037844385 -1.1102230246251565e-16
vn -0.296198132726024 -0.17101007166283452 0.9396926207859083
vn -0.5000000000000001 0.8660254037844385 1.1102230246251565e-16
vn 0.8137976813493736 0.46984631039295427 0.34202014332566893
vn -0.8137976813493736 -0.46984631039295427 -0.34202014332566893
usemtl m_f18e4d70-e62f-3225-0177-13cdc6e50965
f 564/1684/421 567/1683/421 565/1682/421 562/1681/421
f 563/1688/422 564/1687/422 562/1686/422 561/1685/422
f 568/1692/423 563/1691/423 561/1690/423 566/1689/423
f 567/1696/424 568/1695/424 566/1694/424 565/1693/424
f 566/1700/425 561/1699/425 562/1698/425 565/1697/425
f 567/1704/426 564/1703/426 563/1702/426 568/1701/426
o bone318
v -0.3192514361043901 0.41992724199993453 0.42712124236586085
v -0.3192514361043901 0.41992724199993453 0.42712124236586085
v -0.42586000259844553 0.3583767574366715 0.4488272645742271
v -0.42586000259844553 0.3583767574366715 0.4488272645742271
v -0.3817514361043901 0.5281804174729894 0.42712124236586085
v -0.3817514361043901 0.5281804174729894 0.42712124236586085
v -0.48836000259844553 0.4666299329097263 0.4488272645742271
v -0.48836000259844553 0.4666299329097263 0.4488272645742271
vt 0.4765625 0.03125
vt 0.46875 0.03125
vt 0.46875 0.0234375
vt 0.4765625 0.0234375
vt 0.4765625 0.03125
vt 0.4765625 0.03125
vt 0.4765625 0.0234375
vt 0.4765625 0.0234375
vt 0.484375 0.03125
vt 0.4765625 0.03125
vt 0.4765625 0.0234375
vt 0.484375 0.0234375
vt 0.46875 0.03125
vt 0.46875 0.03125
vt 0.46875 0.0234375
vt 0.46875 0.0234375
vt 0.46875 0.03125
vt 0.4765625 0.03125
vt 0.4765625 0.03125
vt 0.46875 0.03125
vt 0.4765625 0.03125
vt 0.484375 0.03125
vt 0.484375 0.03125
vt 0.4765625 0.03125
vn -0.15038373318043505 -0.08682408883346505 -0.9848077530122081
vn 0.5000000000000001 -0.8660254037844386 -4.163336342344337e-17
vn 0.15038373318043505 0.08682408883346505 0.9848077530122081
vn -0.5000000000000001 0.8660254037844386 4.163336342344337e-17
vn 0.8528685319524433 0.4924038765061042 -0.17364817766693008
vn -0.8528685319524433 -0.4924038765061042 0.17364817766693008
usemtl m_f18e4d70-e62f-3225-0177-13cdc6e50965
f 572/1708/427 575/1707/427 573/1706/427 570/1705/427
f 571/1712/428 572/1711/428 570/1710/428 569/1709/428
f 576/1716/429 571/1715/429 569/1714/429 574/1713/429
f 575/1720/430 576/1719/430 574/1718/430 573/1717/430
f 574/1724/431 569/1723/431 570/1722/431 573/1721/431
f 575/1728/432 572/1727/432 571/1726/432 576/1725/432
o bone320
v 0.01632066380366215 0.7391619722309877 0.2940253702913276
v 0.01632066380366215 0.7391619722309877 0.2940253702913276
v 0.07841213441518147 0.7033134449590472 0.39641937582745146
v 0.07841213441518147 0.7033134449590472 0.39641937582745146
v -0.04617933619633785 0.6309087967579329 0.2940253702913276
v -0.04617933619633785 0.6309087967579329 0.2940253702913276
v 0.015912134415181356 0.5950602694859924 0.39641937582745146
v 0.015912134415181356 0.5950602694859924 0.39641937582745146
vt 0.46875 0.0390625
vt 0.4765625 0.0390625
vt 0.4765625 0.03125
vt 0.46875 0.03125
vt 0.46875 0.0390625
vt 0.46875 0.0390625
vt 0.46875 0.03125
vt 0.46875 0.03125
vt 0.4765625 0.0390625
vt 0.484375 0.0390625
vt 0.484375 0.03125
vt 0.4765625 0.03125
vt 0.4765625 0.0390625
vt 0.4765625 0.0390625
vt 0.4765625 0.03125
vt 0.4765625 0.03125
vt 0.4765625 0.0390625
vt 0.46875 0.0390625
vt 0.46875 0.0390625
vt 0.4765625 0.0390625
vt 0.484375 0.0390625
vt 0.4765625 0.0390625
vt 0.4765625 0.0390625
vt 0.484375 0.0390625
vn 0.7094064799162224 -0.40957602214449595 -0.5735764363510463
vn 0.5000000000000001 0.8660254037844386 5.551115123125783e-17
vn -0.7094064799162224 0.40957602214449595 0.5735764363510463
vn -0.5000000000000001 -0.8660254037844386 -5.551115123125783e-17
vn -0.4967317648921542 0.2867882181755232 -0.8191520442889917
vn 0.4967317648921542 -0.2867882181755232 0.8191520442889917
usemtl m_f18e4d70-e62f-3225-0177-13cdc6e50965
f 580/1732/433 583/1731/433 581/1730/433 578/1729/433
f 579/1736/434 580/1735/434 578/1734/434 577/1733/434
f 584/1740/435 579/1739/435 577/1738/435 582/1737/435
f 583/1744/436 584/1743/436 582/1742/436 581/1741/436
f 582/1748/437 577/1747/437 578/1746/437 581/1745/437
f 583/1752/438 580/1751/438 579/1750/438 584/1749/438
o bone321
v 0.07843913405793823 0.7032978567080335 0.39636548188412324
v 0.07843913405793823 0.7032978567080335 0.39636548188412324
v 0.17218913405793823 0.649171268971506 0.45886548188412324
v 0.17218913405793823 0.649171268971506 0.45886548188412324
v 0.01593913405793823 0.5950446812349786 0.39636548188412324
v 0.01593913405793823 0.5950446812349786 0.39636548188412324
v 0.10968913405793823 0.5409180934984512 0.45886548188412324
v 0.10968913405793823 0.5409180934984512 0.45886548188412324
vt 0.46875 0.03125
vt 0.4765625 0.03125
vt 0.4765625 0.0234375
vt 0.46875 0.0234375
vt 0.46875 0.03125
vt 0.46875 0.03125
vt 0.46875 0.0234375
vt 0.46875 0.0234375
vt 0.4765625 0.03125
vt 0.484375 0.03125
vt 0.484375 0.0234375
vt 0.4765625 0.0234375
vt 0.4765625 0.03125
vt 0.4765625 0.03125
vt 0.4765625 0.0234375
vt 0.4765625 0.0234375
vt 0.4765625 0.03125
vt 0.46875 0.03125
vt 0.46875 0.03125
vt 0.4765625 0.03125
vt 0.484375 0.03125
vt 0.4765625 0.03125
vt 0.4765625 0.03125
vt 0.484375 0.03125
vn 0.4330127018922192 -0.25 -0.8660254037844388
vn 0.5000000000000002 0.8660254037844386 2.7755575615628914e-17
vn -0.4330127018922192 0.25 0.8660254037844388
vn -0.5000000000000002 -0.8660254037844386 -2.7755575615628914e-17
vn -0.7500000000000001 0.4330127018922195 -0.4999999999999998
vn 0.7500000000000001 -0.4330127018922195 0.4999999999999998
usemtl m_f18e4d70-e62f-3225-0177-13cdc6e50965
f 588/1756/439 591/1755/439 589/1754/439 586/1753/439
f 587/1760/440 588/1759/440 586/1758/440 585/1757/440
f 592/1764/441 587/1763/441 585/1762/441 590/1761/441
f 591/1768/442 592/1767/442 590/1766/442 589/1765/442
f 590/1772/443 585/1771/443 586/1770/443 589/1769/443
f 591/1776/444 588/1775/444 587/1774/444 592/1773/444
o bone322
v 0.17216197909032693 0.6491869468993663 0.45891927689582107
v 0.17216197909032693 0.6491869468993663 0.45891927689582107
v 0.2800032185481795 0.5869247782686323 0.4698137447392783
v 0.2800032185481795 0.5869247782686323 0.4698137447392783
v 0.10966197909032688 0.5409337714263116 0.45891927689582107
v 0.10966197909032688 0.5409337714263116 0.45891927689582107
v 0.21750321854817944 0.4786716027955774 0.4698137447392783
v 0.21750321854817944 0.4786716027955774 0.4698137447392783
vt 0.46875 0.0390625
vt 0.4765625 0.0390625
vt 0.4765625 0.03125
vt 0.46875 0.03125
vt 0.46875 0.0390625
vt 0.46875 0.0390625
vt 0.46875 0.03125
vt 0.46875 0.03125
vt 0.4765625 0.0390625
vt 0.484375 0.0390625
vt 0.484375 0.03125
vt 0.4765625 0.03125
vt 0.4765625 0.0390625
vt 0.4765625 0.0390625
vt 0.4765625 0.03125
vt 0.4765625 0.03125
vt 0.4765625 0.0390625
vt 0.46875 0.0390625
vt 0.46875 0.0390625
vt 0.4765625 0.0390625
vt 0.484375 0.0390625
vt 0.4765625 0.0390625
vt 0.4765625 0.0390625
vt 0.484375 0.0390625
vn 0.07547908730517305 -0.04357787137382894 -0.9961946980917455
vn 0.5000000000000001 0.8660254037844385 4.163336342344337e-17
vn -0.07547908730517305 0.04357787137382894 0.9961946980917455
vn -0.5000000000000001 -0.8660254037844385 -4.163336342344337e-17
vn -0.8627299156628209 0.4980973490458729 -0.08715574274765796
vn 0.8627299156628209 -0.4980973490458729 0.08715574274765796
usemtl m_f18e4d70-e62f-3225-0177-13cdc6e50965
f 596/1780/445 599/1779/445 597/1778/445 594/1777/445
f 595/1784/446 596/1783/446 594/1782/446 593/1781/446
f 600/1788/447 595/1787/447 593/1786/447 598/1785/447
f 599/1792/448 600/1791/448 598/1790/448 597/1789/448
f 598/1796/449 593/1795/449 594/1794/449 597/1793/449
f 599/1800/450 596/1799/450 595/1798/450 600/1797/450
o bone323
v 0.27999880569245106 0.5869273260320749 0.46987638682475263
v 0.27999880569245106 0.5869273260320749 0.46987638682475263
v 0.38172351586112274 0.5281965372329556 0.42712386890904397
v 0.38172351586112274 0.5281965372329556 0.42712386890904397
v 0.21749880569245106 0.4786741505590201 0.46987638682475263
v 0.21749880569245106 0.4786741505590201 0.46987638682475263
v 0.31922351586112274 0.41994336175990077 0.42712386890904397
v 0.31922351586112274 0.41994336175990077 0.42712386890904397
vt 0.46875 0.03125
vt 0.4765625 0.03125
vt 0.4765625 0.0234375
vt 0.46875 0.0234375
vt 0.46875 0.03125
vt 0.46875 0.03125
vt 0.46875 0.0234375
vt 0.46875 0.0234375
vt 0.4765625 0.03125
vt 0.484375 0.03125
vt 0.484375 0.0234375
vt 0.4765625 0.0234375
vt 0.4765625 0.03125
vt 0.4765625 0.03125
vt 0.4765625 0.0234375
vt 0.4765625 0.0234375
vt 0.4765625 0.03125
vt 0.46875 0.03125
vt 0.46875 0.03125
vt 0.4765625 0.03125
vt 0.484375 0.03125
vt 0.4765625 0.03125
vt 0.4765625 0.03125
vt 0.484375 0.03125
vn -0.296198132726024 0.17101007166283452 -0.9396926207859083
vn 0.5000000000000001 0.8660254037844385 1.1102230246251565e-16
vn 0.296198132726024 -0.17101007166283452 0.9396926207859083
vn -0.5000000000000001 -0.8660254037844385 -1.1102230246251565e-16
vn -0.8137976813493736 0.46984631039295427 0.34202014332566893
vn 0.8137976813493736 -0.46984631039295427 -0.34202014332566893
usemtl m_f18e4d70-e62f-3225-0177-13cdc6e50965
f 604/1804/451 607/1803/451 605/1802/451 602/1801/451
f 603/1808/452 604/1807/452 602/1806/452 601/1805/452
f 608/1812/453 603/1811/453 601/1810/453 606/1809/453
f 607/1816/454 608/1815/454 606/1814/454 605/1813/454
f 606/1820/455 601/1819/455 602/1818/455 605/1817/455
f 607/1824/456 604/1823/456 603/1822/456 608/1821/456
o bone324
v 0.3817491338498943 0.5281817466802422 0.42712067505218704
v 0.3817491338498943 0.5281817466802422 0.42712067505218704
v 0.4890761884000519 0.4662164428443791 0.4434364490796935
v 0.4890761884000519 0.4662164428443791 0.4434364490796935
v 0.31924913384989434 0.4199285712071874 0.42712067505218704
v 0.31924913384989434 0.4199285712071874 0.42712067505218704
v 0.4265761884000519 0.3579632673713242 0.4434364490796935
v 0.4265761884000519 0.3579632673713242 0.4434364490796935
vt 0.46875 0.0390625
vt 0.4765625 0.0390625
vt 0.4765625 0.03125
vt 0.46875 0.03125
vt 0.46875 0.0390625
vt 0.46875 0.0390625
vt 0.46875 0.03125
vt 0.46875 0.03125
vt 0.4765625 0.0390625
vt 0.484375 0.0390625
vt 0.484375 0.03125
vt 0.4765625 0.03125
vt 0.4765625 0.0390625
vt 0.4765625 0.0390625
vt 0.4765625 0.03125
vt 0.4765625 0.03125
vt 0.4765625 0.0390625
vt 0.46875 0.0390625
vt 0.46875 0.0390625
vt 0.4765625 0.0390625
vt 0.484375 0.0390625
vt 0.4765625 0.0390625
vt 0.4765625 0.0390625
vt 0.484375 0.0390625
vn 0.1130389983218153 -0.06526309611002573 -0.9914448613738105
vn 0.5000000000000003 0.8660254037844387 4.163336342344338e-17
vn -0.1130389983218153 0.06526309611002573 0.9914448613738105
vn -0.5000000000000003 -0.8660254037844387 -4.163336342344338e-17
vn -0.858616436401261 0.49572243068690536 -0.1305261922200515
vn 0.858616436401261 -0.49572243068690536 0.1305261922200515
usemtl m_f18e4d70-e62f-3225-0177-13cdc6e50965
f 612/1828/457 615/1827/457 613/1826/457 610/1825/457
f 611/1832/458 612/1831/458 610/1830/458 609/1829/458
f 616/1836/459 611/1835/459 609/1834/459 614/1833/459
f 615/1840/460 616/1839/460 614/1838/460 613/1837/460
f 614/1844/461 609/1843/461 610/1842/461 613/1841/461
f 615/1848/462 612/1847/462 611/1846/462 616/1845/462
o back
v 0.1875 1.1249458734122635 0.18746875000000007
v 0.1875 1.1249458734122635 0.18746875000000007
v 0.1875 1.0311958734122635 0.3498485132095823
v 0.1875 1.0311958734122635 0.3498485132095823
v -0.1875 1.1249458734122635 0.18746875000000007
v -0.1875 1.1249458734122635 0.18746875000000007
v -0.1875 1.0311958734122635 0.3498485132095823
v -0.1875 1.0311958734122635 0.3498485132095823
vt 0.109375 0.4453125
vt 0.1328125 0.4453125
vt 0.1328125 0.43359375
vt 0.109375 0.43359375
vt 0.109375 0.4453125
vt 0.109375 0.4453125
vt 0.109375 0.43359375
vt 0.109375 0.43359375
vt 0.1328125 0.4453125
vt 0.15625 0.4453125
vt 0.15625 0.43359375
vt 0.1328125 0.43359375
vt 0.1328125 0.4453125
vt 0.1328125 0.4453125
vt 0.1328125 0.43359375
vt 0.1328125 0.43359375
vt 0.1328125 0.4453125
vt 0.109375 0.4453125
vt 0.109375 0.4453125
vt 0.1328125 0.4453125
vt 0.15625 0.4453125
vt 0.1328125 0.4453125
vt 0.1328125 0.4453125
vt 0.15625 0.4453125
vn 0 -0.8660254037844386 -0.5000000000000001
vn 1 0 0
vn 0 0.8660254037844386 0.5000000000000001
vn -1 0 0
vn 0 0.5000000000000001 -0.8660254037844386
vn 0 -0.5000000000000001 0.8660254037844386
usemtl m_f18e4d70-e62f-3225-0177-13cdc6e50965
f 620/1852/463 623/1851/463 621/1850/463 618/1849/463
f 619/1856/464 620/1855/464 618/1854/464 617/1853/464
f 624/1860/465 619/1859/465 617/1858/465 622/1857/465
f 623/1864/466 624/1863/466 622/1862/466 621/1861/466
f 622/1868/467 617/1867/467 618/1866/467 621/1865/467
f 623/1872/468 620/1871/468 619/1870/468 624/1869/468
o bone267
v 0.028708245117048004 1.1128140729302407 -0.140625
v 0.028708245117048004 1.1128140729302407 -0.203125
v 0.004287549586468431 1.0552825195894633 -0.140625
v 0.004287549586468431 1.0552825195894633 -0.203125
v -0.14388641490528453 1.1860761595219795 -0.203125
v -0.14388641490528453 1.1860761595219795 -0.140625
v -0.1683071104358641 1.1285446061812021 -0.203125
v -0.1683071104358641 1.1285446061812021 -0.140625
vt 0.53515625 0.5859375
vt 0.546875 0.5859375
vt 0.546875 0.58203125
vt 0.53515625 0.58203125
vt 0.53125 0.5859375
vt 0.53515625 0.5859375
vt 0.53515625 0.58203125
vt 0.53125 0.58203125
vt 0.55078125 0.5859375
vt 0.5625 0.5859375
vt 0.5625 0.58203125
vt 0.55078125 0.58203125
vt 0.546875 0.5859375
vt 0.55078125 0.5859375
vt 0.55078125 0.58203125
vt 0.546875 0.58203125
vt 0.546875 0.5859375
vt 0.53515625 0.5859375
vt 0.53515625 0.58984375
vt 0.546875 0.58984375
vt 0.55859375 0.58984375
vt 0.546875 0.58984375
vt 0.546875 0.5859375
vt 0.55859375 0.5859375
vn 0 0 -1
vn 0.9205048534524403 -0.39073112848927377 0
vn 0 0 1
vn -0.9205048534524403 0.39073112848927377 0
vn 0.39073112848927377 0.9205048534524403 0
vn -0.39073112848927377 -0.9205048534524403 0
usemtl m_f18e4d70-e62f-3225-0177-13cdc6e50965
f 628/1876/469 631/1875/469 629/1874/469 626/1873/469
f 627/1880/470 628/1879/470 626/1878/470 625/1877/470
f 632/1884/471 627/1883/471 625/1882/471 630/1881/471
f 631/1888/472 632/1887/472 630/1886/472 629/1885/472
f 630/1892/473 625/1891/473 626/1890/473 629/1889/473
f 631/1896/474 628/1895/474 627/1894/474 632/1893/474
o bone268
v 0.14388641490528453 1.1860761595219795 -0.140625
v 0.14388641490528453 1.1860761595219795 -0.203125
v 0.1683071104358641 1.1285446061812021 -0.140625
v 0.1683071104358641 1.1285446061812021 -0.203125
v -0.028708245117048004 1.1128140729302407 -0.203125
v -0.028708245117048004 1.1128140729302407 -0.140625
v -0.004287549586468431 1.0552825195894633 -0.203125
v -0.004287549586468431 1.0552825195894633 -0.140625
vt 0.53515625 0.5859375
vt 0.546875 0.5859375
vt 0.546875 0.58203125
vt 0.53515625 0.58203125
vt 0.53125 0.5859375
vt 0.53515625 0.5859375
vt 0.53515625 0.58203125
vt 0.53125 0.58203125
vt 0.55078125 0.5859375
vt 0.5625 0.5859375
vt 0.5625 0.58203125
vt 0.55078125 0.58203125
vt 0.546875 0.5859375
vt 0.55078125 0.5859375
vt 0.55078125 0.58203125
vt 0.546875 0.58203125
vt 0.546875 0.5859375
vt 0.53515625 0.5859375
vt 0.53515625 0.58984375
vt 0.546875 0.58984375
vt 0.55859375 0.58984375
vt 0.546875 0.58984375
vt 0.546875 0.5859375
vt 0.55859375 0.5859375
vn 0 0 -1
vn 0.9205048534524403 0.39073112848927377 0
vn 0 0 1
vn -0.9205048534524403 -0.39073112848927377 0
vn -0.39073112848927377 0.9205048534524403 0
vn 0.39073112848927377 -0.9205048534524403 0
usemtl m_f18e4d70-e62f-3225-0177-13cdc6e50965
f 636/1900/475 639/1899/475 637/1898/475 634/1897/475
f 635/1904/476 636/1903/476 634/1902/476 633/1901/476
f 640/1908/477 635/1907/477 633/1906/477 638/1905/477
f 639/1912/478 640/1911/478 638/1910/478 637/1909/478
f 638/1916/479 633/1915/479 634/1914/479 637/1913/479
f 639/1920/480 636/1919/480 635/1918/480 640/1917/480
o bone270
v 0.028708245117048004 1.0503140729302407 -0.146875
v 0.028708245117048004 1.0503140729302407 -0.209375
v 0.0042875495864683755 0.9927825195894633 -0.146875
v 0.0042875495864683755 0.9927825195894633 -0.209375
v -0.2014179682460621 1.1479968550525594 -0.209375
v -0.2014179682460621 1.1479968550525594 -0.146875
v -0.22583866377664172 1.0904653017117818 -0.209375
v -0.22583866377664172 1.0904653017117818 -0.146875
vt 0.52734375 0.57421875
vt 0.54296875 0.57421875
vt 0.54296875 0.5703125
vt 0.52734375 0.5703125
vt 0.5234375 0.57421875
vt 0.52734375 0.57421875
vt 0.52734375 0.5703125
vt 0.5234375 0.5703125
vt 0.546875 0.57421875
vt 0.5625 0.57421875
vt 0.5625 0.5703125
vt 0.546875 0.5703125
vt 0.54296875 0.57421875
vt 0.546875 0.57421875
vt 0.546875 0.5703125
vt 0.54296875 0.5703125
vt 0.54296875 0.57421875
vt 0.52734375 0.57421875
vt 0.52734375 0.578125
vt 0.54296875 0.578125
vt 0.55859375 0.578125
vt 0.54296875 0.578125
vt 0.54296875 0.57421875
vt 0.55859375 0.57421875
vn 0 0 -1
vn 0.9205048534524403 -0.39073112848927377 0
vn 0 0 1
vn -0.9205048534524403 0.39073112848927377 0
vn 0.39073112848927377 0.9205048534524403 0
vn -0.39073112848927377 -0.9205048534524403 0
usemtl m_f18e4d70-e62f-3225-0177-13cdc6e50965
f 644/1924/481 647/1923/481 645/1922/481 642/1921/481
f 643/1928/482 644/1927/482 642/1926/482 641/1925/482
f 648/1932/483 643/1931/483 641/1930/483 646/1929/483
f 647/1936/484 648/1935/484 646/1934/484 645/1933/484
f 646/1940/485 641/1939/485 642/1938/485 645/1937/485
f 647/1944/486 644/1943/486 643/1942/486 648/1941/486
o bone271
v 0.2014179682460621 1.1479968550525594 -0.146875
v 0.2014179682460621 1.1479968550525594 -0.209375
v 0.22583866377664172 1.0904653017117818 -0.146875
v 0.22583866377664172 1.0904653017117818 -0.209375
v 0.028823308223729527 1.0747347684608204 -0.209375
v 0.028823308223729527 1.0747347684608204 -0.146875
v 0.053244003754309155 1.017203215120043 -0.209375
v 0.053244003754309155 1.017203215120043 -0.146875
vt 0.52734375 0.57421875
vt 0.5390625 0.57421875
vt 0.5390625 0.5703125
vt 0.52734375 0.5703125
vt 0.5234375 0.57421875
vt 0.52734375 0.57421875
vt 0.52734375 0.5703125
vt 0.5234375 0.5703125
vt 0.54296875 0.57421875
vt 0.5546875 0.57421875
vt 0.5546875 0.5703125
vt 0.54296875 0.5703125
vt 0.5390625 0.57421875
vt 0.54296875 0.57421875
vt 0.54296875 0.5703125
vt 0.5390625 0.5703125
vt 0.5390625 0.57421875
vt 0.52734375 0.57421875
vt 0.52734375 0.578125
vt 0.5390625 0.578125
vt 0.55078125 0.578125
vt 0.5390625 0.578125
vt 0.5390625 0.57421875
vt 0.55078125 0.57421875
vn 0 0 -1
vn 0.9205048534524403 0.39073112848927377 0
vn 0 0 1
vn -0.9205048534524403 -0.39073112848927377 0
vn -0.39073112848927377 0.9205048534524403 0
vn 0.39073112848927377 -0.9205048534524403 0
usemtl m_f18e4d70-e62f-3225-0177-13cdc6e50965
f 652/1948/487 655/1947/487 653/1946/487 650/1945/487
f 651/1952/488 652/1951/488 650/1950/488 649/1949/488
f 656/1956/489 651/1955/489 649/1954/489 654/1953/489
f 655/1960/490 656/1959/490 654/1958/490 653/1957/490
f 654/1964/491 649/1963/491 650/1962/491 653/1961/491
f 655/1968/492 652/1967/492 651/1966/492 656/1965/492
o bone78
v 0.03125 1.125 -0.15625
v 0.03125 1.125 -0.21875
v 0.03125 0.875 -0.15625
v 0.03125 0.875 -0.21875
v -0.03125 1.125 -0.21875
v -0.03125 1.125 -0.15625
v -0.03125 0.875 -0.21875
v -0.03125 0.875 -0.15625
vt 0.47265625 0.60546875
vt 0.4765625 0.60546875
vt 0.4765625 0.58984375
vt 0.47265625 0.58984375
vt 0.46875 0.60546875
vt 0.47265625 0.60546875
vt 0.47265625 0.58984375
vt 0.46875 0.58984375
vt 0.48046875 0.60546875
vt 0.484375 0.60546875
vt 0.484375 0.58984375
vt 0.48046875 0.58984375
vt 0.4765625 0.60546875
vt 0.48046875 0.60546875
vt 0.48046875 0.58984375
vt 0.4765625 0.58984375
vt 0.4765625 0.60546875
vt 0.47265625 0.60546875
vt 0.47265625 0.609375
vt 0.4765625 0.609375
vt 0.48046875 0.609375
vt 0.4765625 0.609375
vt 0.4765625 0.60546875
vt 0.48046875 0.60546875
vn 0 0 -1
vn 1 0 0
vn 0 0 1
vn -1 0 0
vn 0 1 0
vn 0 -1 0
usemtl m_f18e4d70-e62f-3225-0177-13cdc6e50965
f 660/1972/493 663/1971/493 661/1970/493 658/1969/493
f 659/1976/494 660/1975/494 658/1974/494 657/1973/494
f 664/1980/495 659/1979/495 657/1978/495 662/1977/495
f 663/1984/496 664/1983/496 662/1982/496 661/1981/496
f 662/1988/497 657/1987/497 658/1986/497 661/1985/497
f 663/1992/498 660/1991/498 659/1990/498 664/1989/498
o bone79
v 0.05831330520528316 1.0301278573728212 -0.15
v 0.05831330520528316 1.0301278573728212 -0.2125
v -0.03543669479471678 0.867748094163239 -0.15
v -0.03543669479471678 0.867748094163239 -0.2125
v -0.022876576399507964 1.0770028573728212 -0.2125
v -0.022876576399507964 1.0770028573728212 -0.15
v -0.11662657639950791 0.914623094163239 -0.2125
v -0.11662657639950791 0.914623094163239 -0.15
vt 0.53515625 0.60546875
vt 0.5390625 0.60546875
vt 0.5390625 0.59375
vt 0.53515625 0.59375
vt 0.53125 0.60546875
vt 0.53515625 0.60546875
vt 0.53515625 0.59375
vt 0.53125 0.59375
vt 0.54296875 0.60546875
vt 0.546875 0.60546875
vt 0.546875 0.59375
vt 0.54296875 0.59375
vt 0.5390625 0.60546875
vt 0.54296875 0.60546875
vt 0.54296875 0.59375
vt 0.5390625 0.59375
vt 0.5390625 0.60546875
vt 0.53515625 0.60546875
vt 0.53515625 0.609375
vt 0.5390625 0.609375
vt 0.54296875 0.609375
vt 0.5390625 0.609375
vt 0.5390625 0.60546875
vt 0.54296875 0.60546875
vn 0 0 -1
vn 0.8660254037844387 -0.49999999999999994 0
vn 0 0 1
vn -0.8660254037844387 0.49999999999999994 0
vn 0.49999999999999994 0.8660254037844387 0
vn -0.49999999999999994 -0.8660254037844387 0
usemtl m_f18e4d70-e62f-3225-0177-13cdc6e50965
f 668/1996/499 671/1995/499 669/1994/499 666/1993/499
f 667/2000/500 668/1999/500 666/1998/500 665/1997/500
f 672/2004/501 667/2003/501 665/2002/501 670/2001/501
f 671/2008/502 672/2007/502 670/2006/502 669/2005/502
f 670/2012/503 665/2011/503 666/2010/503 669/2009/503
f 671/2016/504 668/2015/504 667/2014/504 672/2013/504
o bone80
v 0.022876576399507964 1.0770028573728212 -0.15
v 0.022876576399507964 1.0770028573728212 -0.2125
v 0.11662657639950791 0.914623094163239 -0.15
v 0.11662657639950791 0.914623094163239 -0.2125
v -0.05831330520528316 1.0301278573728212 -0.2125
v -0.05831330520528316 1.0301278573728212 -0.15
v 0.03543669479471678 0.867748094163239 -0.2125
v 0.03543669479471678 0.867748094163239 -0.15
vt 0.55078125 0.60546875
vt 0.5546875 0.60546875
vt 0.5546875 0.59375
vt 0.55078125 0.59375
vt 0.546875 0.60546875
vt 0.55078125 0.60546875
vt 0.55078125 0.59375
vt 0.546875 0.59375
vt 0.55859375 0.60546875
vt 0.5625 0.60546875
vt 0.5625 0.59375
vt 0.55859375 0.59375
vt 0.5546875 0.60546875
vt 0.55859375 0.60546875
vt 0.55859375 0.59375
vt 0.5546875 0.59375
vt 0.5546875 0.60546875
vt 0.55078125 0.60546875
vt 0.55078125 0.609375
vt 0.5546875 0.609375
vt 0.55859375 0.609375
vt 0.5546875 0.609375
vt 0.5546875 0.60546875
vt 0.55859375 0.60546875
vn 0 0 -1
vn 0.8660254037844387 0.49999999999999994 0
vn 0 0 1
vn -0.8660254037844387 -0.49999999999999994 0
vn -0.49999999999999994 0.8660254037844387 0
vn 0.49999999999999994 -0.8660254037844387 0
usemtl m_f18e4d70-e62f-3225-0177-13cdc6e50965
f 676/2020/505 679/2019/505 677/2018/505 674/2017/505
f 675/2024/506 676/2023/506 674/2022/506 673/2021/506
f 680/2028/507 675/2027/507 673/2026/507 678/2025/507
f 679/2032/508 680/2031/508 678/2030/508 677/2029/508
f 678/2036/509 673/2035/509 674/2034/509 677/2033/509
f 679/2040/510 676/2039/510 675/2038/510 680/2037/510
o legLeft
v -0.03125 0.5625 0.09375
v -0.03125 0.5625 -0.09375
v -0.03125 0 0.09375
v -0.03125 0 -0.09375
v -0.21875 0.5625 -0.09375
v -0.21875 0.5625 0.09375
v -0.21875 0 -0.09375
v -0.21875 0 0.09375
vt 0.01171875 0.5
vt 0.0234375 0.5
vt 0.0234375 0.46484375
vt 0.01171875 0.46484375
vt 0 0.5
vt 0.01171875 0.5
vt 0.01171875 0.46484375
vt 0 0.46484375
vt 0.03515625 0.5
vt 0.046875 0.5
vt 0.046875 0.46484375
vt 0.03515625 0.46484375
vt 0.0234375 0.5
vt 0.03515625 0.5
vt 0.03515625 0.46484375
vt 0.0234375 0.46484375
vt 0.0234375 0.5
vt 0.01171875 0.5
vt 0.01171875 0.51171875
vt 0.0234375 0.51171875
vt 0.03515625 0.51171875
vt 0.0234375 0.51171875
vt 0.0234375 0.5
vt 0.03515625 0.5
vn 0 0 -1
vn 1 0 0
vn 0 0 1
vn -1 0 0
vn 0 1 0
vn 0 -1 0
usemtl m_f18e4d70-e62f-3225-0177-13cdc6e50965
f 684/2044/511 687/2043/511 685/2042/511 682/2041/511
f 683/2048/512 684/2047/512 682/2046/512 681/2045/512
f 688/2052/513 683/2051/513 681/2050/513 686/2049/513
f 687/2056/514 688/2055/514 686/2054/514 685/2053/514
f 686/2060/515 681/2059/515 682/2058/515 685/2057/515
f 687/2064/516 684/2063/516 683/2062/516 688/2061/516
o legRight
v 0.21875 0.5625 0.09375
v 0.21875 0.5625 -0.09375
v 0.21875 0 0.09375
v 0.21875 0 -0.09375
v 0.03125 0.5625 -0.09375
v 0.03125 0.5625 0.09375
v 0.03125 0 -0.09375
v 0.03125 0 0.09375
vt 0.01171875 0.5
vt 0.0234375 0.5
vt 0.0234375 0.46484375
vt 0.01171875 0.46484375
vt 0 0.5
vt 0.01171875 0.5
vt 0.01171875 0.46484375
vt 0 0.46484375
vt 0.03515625 0.5
vt 0.046875 0.5
vt 0.046875 0.46484375
vt 0.03515625 0.46484375
vt 0.0234375 0.5
vt 0.03515625 0.5
vt 0.03515625 0.46484375
vt 0.0234375 0.46484375
vt 0.0234375 0.5
vt 0.01171875 0.5
vt 0.01171875 0.51171875
vt 0.0234375 0.51171875
vt 0.03515625 0.51171875
vt 0.0234375 0.51171875
vt 0.0234375 0.5
vt 0.03515625 0.5
vn 0 0 -1
vn 1 0 0
vn 0 0 1
vn -1 0 0
vn 0 1 0
vn 0 -1 0
usemtl m_f18e4d70-e62f-3225-0177-13cdc6e50965
f 692/2068/517 695/2067/517 693/2066/517 690/2065/517
f 691/2072/518 692/2071/518 690/2070/518 689/2069/518
f 696/2076/519 691/2075/519 689/2074/519 694/2073/519
f 695/2080/520 696/2079/520 694/2078/520 693/2077/520
f 694/2084/521 689/2083/521 690/2082/521 693/2081/521
f 695/2088/522 692/2087/522 691/2086/522 696/2085/522
o bone53
v 0.1875 0.875 0.1875
v 0.09375 0.8125 0.13337341226347257
v 0.21456329386826367 0.8208734122634725 0.203125
v 0.12081329386826367 0.7583734122634725 0.14899841226347257
v 0.0625 0.8125 0.18749999999999997
v 0.15625 0.875 0.2416265877365274
v 0.08956329386826367 0.7583734122634725 0.20312499999999997
v 0.18331329386826367 0.8208734122634725 0.2572515877365274
vt 0.7265625 0.3125
vt 0.73046875 0.3125
vt 0.73046875 0.30859375
vt 0.7265625 0.30859375
vt 0.71875 0.3125
vt 0.7265625 0.3125
vt 0.7265625 0.30859375
vt 0.71875 0.30859375
vt 0.73828125 0.3125
vt 0.7421875 0.3125
vt 0.7421875 0.30859375
vt 0.73828125 0.30859375
vt 0.73046875 0.3125
vt 0.73828125 0.3125
vt 0.73828125 0.30859375
vt 0.73046875 0.30859375
vt 0.73046875 0.3125
vt 0.7265625 0.3125
vt 0.7265625 0.3203125
vt 0.73046875 0.3203125
vt 0.734375 0.3203125
vt 0.73046875 0.3203125
vt 0.73046875 0.3125
vt 0.734375 0.3125
vn -0.75 -0.4999999999999999 -0.43301270189221946
vn 0.5000000000000001 2.7755575615628914e-17 -0.8660254037844386
vn 0.75 0.4999999999999999 0.43301270189221946
vn -0.5000000000000001 -2.7755575615628914e-17 0.8660254037844386
vn -0.43301270189221924 0.8660254037844388 -0.25
vn 0.43301270189221924 -0.8660254037844388 0.25
usemtl m_f18e4d70-e62f-3225-0177-13cdc6e50965
f 700/2092/523 703/2091/523 701/2090/523 698/2089/523
f 699/2096/524 700/2095/524 698/2094/524 697/2093/524
f 704/2100/525 699/2099/525 697/2098/525 702/2097/525
f 703/2104/526 704/2103/526 702/2102/526 701/2101/526
f 702/2108/527 697/2107/527 698/2106/527 701/2105/527
f 703/2112/528 700/2111/528 699/2110/528 704/2109/528
o bone54
v 0.29110959863653607 0.9976501654111003 0.24731902966343317
v 0.17628976694357462 0.8650676439386227 0.1810277689271943
v 0.3293828758675232 0.9534559915869412 0.26941611657551284
v 0.21456304417456173 0.8208734701144635 0.20312485583927398
v 0.14503976694357462 0.8650676439386227 0.23515435666372178
v 0.25985959863653607 0.9976501654111003 0.3014456173999606
v 0.18331304417456173 0.8208734701144635 0.25725144357580143
v 0.2981328758675232 0.9534559915869412 0.32354270431204024
vt 0.71484375 0.36328125
vt 0.71875 0.36328125
vt 0.71875 0.359375
vt 0.71484375 0.359375
vt 0.703125 0.36328125
vt 0.71484375 0.36328125
vt 0.71484375 0.359375
vt 0.703125 0.359375
vt 0.73046875 0.36328125
vt 0.734375 0.36328125
vt 0.734375 0.359375
vt 0.73046875 0.359375
vt 0.71875 0.36328125
vt 0.73046875 0.36328125
vt 0.73046875 0.359375
vt 0.71875 0.359375
vt 0.71875 0.36328125
vt 0.71484375 0.36328125
vt 0.71484375 0.375
vt 0.71875 0.375
vt 0.72265625 0.375
vt 0.71875 0.375
vt 0.71875 0.36328125
vt 0.72265625 0.36328125
vn -0.6123724356957945 -0.7071067811865477 -0.3535533905932738
vn 0.5000000000000001 0 -0.8660254037844388
vn 0.6123724356957945 0.7071067811865477 0.3535533905932738
vn -0.5000000000000001 0 0.8660254037844388
vn -0.6123724356957946 0.7071067811865475 -0.35355339059327384
vn 0.6123724356957946 -0.7071067811865475 0.35355339059327384
usemtl m_f18e4d70-e62f-3225-0177-13cdc6e50965
f 708/2116/529 711/2115/529 709/2114/529 706/2113/529
f 707/2120/530 708/2119/530 706/2118/530 705/2117/530
f 712/2124/531 707/2123/531 705/2122/531 710/2121/531
f 711/2128/532 712/2127/532 710/2126/532 709/2125/532
f 710/2132/533 705/2131/533 706/2130/533 709/2129/533
f 711/2136/534 708/2135/534 707/2134/534 712/2133/534
o bone55
v 0.3907612283890264 1.2012124567780527 0.3048529249262184
v 0.2825080529159715 0.984706105831943 0.2423529249262184
v 0.43763622838902644 1.1699624567780527 0.3319162187944822
v 0.3293830529159716 0.953456105831943 0.2694162187944822
v 0.2512580529159715 0.984706105831943 0.29647951266274586
v 0.3595112283890264 1.2012124567780527 0.35897951266274586
v 0.2981330529159716 0.953456105831943 0.32354280653100953
v 0.40638622838902644 1.1699624567780527 0.3860428065310096
vt 0.8828125 0.39453125
vt 0.88671875 0.39453125
vt 0.88671875 0.390625
vt 0.8828125 0.390625
vt 0.8671875 0.39453125
vt 0.8828125 0.39453125
vt 0.8828125 0.390625
vt 0.8671875 0.390625
vt 0.90234375 0.39453125
vt 0.90625 0.39453125
vt 0.90625 0.390625
vt 0.90234375 0.390625
vt 0.88671875 0.39453125
vt 0.90234375 0.39453125
vt 0.90234375 0.390625
vt 0.88671875 0.390625
vt 0.88671875 0.39453125
vt 0.8828125 0.39453125
vt 0.8828125 0.41015625
vt 0.88671875 0.41015625
vt 0.890625 0.41015625
vt 0.88671875 0.41015625
vt 0.88671875 0.39453125
vt 0.890625 0.39453125
vn -0.4330127018922194 -0.8660254037844386 -0.2500000000000001
vn 0.5000000000000001 -2.7755575615628914e-17 -0.8660254037844386
vn 0.4330127018922194 0.8660254037844386 0.2500000000000001
vn -0.5000000000000001 2.7755575615628914e-17 0.8660254037844386
vn -0.7499999999999999 0.5000000000000001 -0.4330127018922194
vn 0.7499999999999999 -0.5000000000000001 0.4330127018922194
usemtl m_f18e4d70-e62f-3225-0177-13cdc6e50965
f 716/2140/535 719/2139/535 717/2138/535 714/2137/535
f 715/2144/536 716/2143/536 714/2142/536 713/2141/536
f 720/2148/537 715/2147/537 713/2146/537 718/2145/537
f 719/2152/538 720/2151/538 718/2150/538 717/2149/538
f 718/2156/539 713/2155/539 714/2154/539 717/2153/539
f 719/2160/540 716/2159/540 715/2158/540 720/2157/540
o bone56
v 0.4553992244140902 1.4879904629968064 0.342171689331167
v 0.3853542656509611 1.1861386422814726 0.3017312135338981
v 0.5076814933977032 1.4718142726778989 0.3723568714027004
v 0.4376365346345741 1.169962451962565 0.3319163956054315
v 0.3541042656509611 1.1861386422814726 0.35585780127042554
v 0.4241492244140902 1.4879904629968064 0.39629827706769444
v 0.4063865346345741 1.169962451962565 0.3860429833419589
v 0.4764314933977032 1.4718142726778989 0.4264834591392278
vt 0.83203125 0.453125
vt 0.8359375 0.453125
vt 0.8359375 0.44921875
vt 0.83203125 0.44921875
vt 0.8125 0.453125
vt 0.83203125 0.453125
vt 0.83203125 0.44921875
vt 0.8125 0.44921875
vt 0.85546875 0.453125
vt 0.859375 0.453125
vt 0.859375 0.44921875
vt 0.85546875 0.44921875
vt 0.8359375 0.453125
vt 0.85546875 0.453125
vt 0.85546875 0.44921875
vt 0.8359375 0.44921875
vt 0.8359375 0.453125
vt 0.83203125 0.453125
vt 0.83203125 0.47265625
vt 0.8359375 0.47265625
vt 0.83984375 0.47265625
vt 0.8359375 0.47265625
vt 0.8359375 0.453125
vt 0.83984375 0.453125
vn -0.22414386804201336 -0.9659258262890683 -0.1294095225512604
vn 0.5000000000000001 -1.3877787807814457e-17 -0.8660254037844386
vn 0.22414386804201336 0.9659258262890683 0.1294095225512604
vn -0.5000000000000001 1.3877787807814457e-17 0.8660254037844386
vn -0.8365163037378078 0.25881904510252074 -0.48296291314453427
vn 0.8365163037378078 -0.25881904510252074 0.48296291314453427
usemtl m_f18e4d70-e62f-3225-0177-13cdc6e50965
f 724/2164/541 727/2163/541 725/2162/541 722/2161/541
f 723/2168/542 724/2167/542 722/2166/542 721/2165/542
f 728/2172/543 723/2171/543 721/2170/543 726/2169/543
f 727/2176/544 728/2175/544 726/2174/544 725/2173/544
f 726/2180/545 721/2179/545 722/2178/545 725/2177/545
f 727/2184/546 724/2183/546 723/2182/546 728/2181/546
o bone57
v 0.4666091017895731 1.3573169535791463 0.3486437150514847
v 0.8416091017895732 1.1073169535791463 0.5651500659975945
v 0.4936723956578368 1.4114435413156738 0.3642687150514847
v 0.8686723956578368 1.1614435413156738 0.5807750659975945
v 0.8103591017895732 1.1073169535791463 0.6192766537341219
v 0.4353591017895731 1.3573169535791463 0.4027703027880122
v 0.8374223956578368 1.1614435413156738 0.6349016537341219
v 0.4624223956578368 1.4114435413156738 0.4183953027880122
vt 0.9609375 0.5625
vt 0.96484375 0.5625
vt 0.96484375 0.55859375
vt 0.9609375 0.55859375
vt 0.9296875 0.5625
vt 0.9609375 0.5625
vt 0.9609375 0.55859375
vt 0.9296875 0.55859375
vt 0.99609375 0.5625
vt 1 0.5625
vt 1 0.55859375
vt 0.99609375 0.55859375
vt 0.96484375 0.5625
vt 0.99609375 0.5625
vt 0.99609375 0.55859375
vt 0.96484375 0.55859375
vt 0.96484375 0.5625
vt 0.9609375 0.5625
vt 0.9609375 0.59375
vt 0.96484375 0.59375
vt 0.96875 0.59375
vt 0.96484375 0.59375
vt 0.96484375 0.5625
vt 0.96875 0.5625
vn 0.75 -0.4999999999999999 0.4330127018922195
vn 0.5000000000000001 -2.7755575615628907e-17 -0.8660254037844386
vn -0.75 0.4999999999999999 -0.4330127018922195
vn -0.5000000000000001 2.7755575615628907e-17 0.8660254037844386
vn -0.43301270189221924 -0.8660254037844388 -0.25
vn 0.43301270189221924 0.8660254037844388 0.25
usemtl m_f18e4d70-e62f-3225-0177-13cdc6e50965
f 732/2188/547 735/2187/547 733/2186/547 730/2185/547
f 731/2192/548 732/2191/548 730/2190/548 729/2189/548
f 736/2196/549 731/2195/549 729/2194/549 734/2193/549
f 735/2200/550 736/2199/550 734/2198/550 733/2197/550
f 734/2204/551 729/2203/551 730/2202/551 733/2201/551
f 735/2208/552 732/2207/552 731/2206/552 736/2205/552
o bone58
v 0.8303988287269883 1.1172497644392547 0.558677811827222
v 1.0600384921129113 0.8520847214942994 0.6912603332996996
v 0.8686721059579755 1.1614439382634139 0.5807748987393015
v 1.0983117693438984 0.8962788953184586 0.7133574202117792
v 1.0287884921129113 0.8520847214942994 0.745386921036227
v 0.7991488287269883 1.1172497644392547 0.6128043995637493
v 1.0670617693438984 0.8962788953184586 0.7674840079483066
v 0.8374221059579755 1.1614439382634139 0.634901486475829
vt 0.859375 0.4765625
vt 0.86328125 0.4765625
vt 0.86328125 0.47265625
vt 0.859375 0.47265625
vt 0.8359375 0.4765625
vt 0.859375 0.4765625
vt 0.859375 0.47265625
vt 0.8359375 0.47265625
vt 0.88671875 0.4765625
vt 0.890625 0.4765625
vt 0.890625 0.47265625
vt 0.88671875 0.47265625
vt 0.86328125 0.4765625
vt 0.88671875 0.4765625
vt 0.88671875 0.47265625
vt 0.86328125 0.47265625
vt 0.86328125 0.4765625
vt 0.859375 0.4765625
vt 0.859375 0.5
vt 0.86328125 0.5
vt 0.8671875 0.5
vt 0.86328125 0.5
vt 0.86328125 0.4765625
vt 0.8671875 0.4765625
vn 0.6123724356957945 -0.7071067811865477 0.3535533905932738
vn 0.5000000000000002 2.7755575615628914e-17 -0.8660254037844387
vn -0.6123724356957945 0.7071067811865477 -0.3535533905932738
vn -0.5000000000000002 -2.7755575615628914e-17 0.8660254037844387
vn -0.6123724356957946 -0.7071067811865475 -0.3535533905932739
vn 0.6123724356957946 0.7071067811865475 0.3535533905932739
usemtl m_f18e4d70-e62f-3225-0177-13cdc6e50965
f 740/2212/553 743/2211/553 741/2210/553 738/2209/553
f 739/2216/554 740/2215/554 738/2214/554 737/2213/554
f 744/2220/555 739/2219/555 737/2218/555 742/2217/555
f 743/2224/556 744/2223/556 742/2222/556 741/2221/556
f 742/2228/557 737/2227/557 738/2226/557 741/2225/557
f 743/2232/558 740/2231/558 739/2230/558 744/2229/558
o bone59
v 1.0514368021882303 0.8650288956235395 0.6862941453061993
v 1.159689977661285 0.6485225446774296 0.7487941453061993
v 1.0983118021882303 0.8962788956235394 0.713357439174463
v 1.206564977661285 0.6797725446774296 0.775857439174463
v 1.128439977661285 0.6485225446774296 0.8029207330427267
v 1.0201868021882303 0.8650288956235395 0.7404207330427267
v 1.175314977661285 0.6797725446774296 0.8299840269109904
v 1.0670618021882303 0.8962788956235394 0.7674840269109904
vt 0.921875 0.39453125
vt 0.92578125 0.39453125
vt 0.92578125 0.390625
vt 0.921875 0.390625
vt 0.90625 0.39453125
vt 0.921875 0.39453125
vt 0.921875 0.390625
vt 0.90625 0.390625
vt 0.94140625 0.39453125
vt 0.9453125 0.39453125
vt 0.9453125 0.390625
vt 0.94140625 0.390625
vt 0.92578125 0.39453125
vt 0.94140625 0.39453125
vt 0.94140625 0.390625
vt 0.92578125 0.390625
vt 0.92578125 0.39453125
vt 0.921875 0.39453125
vt 0.921875 0.41015625
vt 0.92578125 0.41015625
vt 0.9296875 0.41015625
vt 0.92578125 0.41015625
vt 0.92578125 0.39453125
vt 0.9296875 0.39453125
vn 0.43301270189221913 -0.8660254037844388 0.24999999999999994
vn 0.5000000000000001 2.7755575615628914e-17 -0.8660254037844387
vn -0.43301270189221913 0.8660254037844388 -0.24999999999999994
vn -0.5000000000000001 -2.7755575615628914e-17 0.8660254037844387
vn -0.7500000000000001 -0.49999999999999983 -0.4330127018922195
vn 0.7500000000000001 0.49999999999999983 0.4330127018922195
usemtl m_f18e4d70-e62f-3225-0177-13cdc6e50965
f 748/2236/559 751/2235/559 749/2234/559 746/2233/559
f 747/2240/560 748/2239/560 746/2238/560 745/2237/560
f 752/2244/561 747/2243/561 745/2242/561 750/2241/561
f 751/2248/562 752/2247/562 750/2246/562 749/2245/562
f 750/2252/563 745/2251/563 746/2250/563 749/2249/563
f 751/2256/564 748/2255/564 747/2254/564 752/2253/564
o bone60
v 1.1542826189281468 0.6635960228721385 0.7456722052860171
v 1.1823006024333984 0.5428552945860049 0.7618483956049247
v 1.2065648879117596 0.679772213191046 0.7758573873575505
v 1.2345828714170113 0.5590314849049125 0.792033577676458
v 1.1510506024333984 0.5428552945860049 0.815974983341452
v 1.1230326189281468 0.6635960228721385 0.7997987930225445
v 1.2033328714170113 0.5590314849049125 0.8461601654129856
v 1.1753148879117596 0.679772213191046 0.829983975094078
vt 0.703125 0.3125
vt 0.70703125 0.3125
vt 0.70703125 0.30859375
vt 0.703125 0.30859375
vt 0.6953125 0.3125
vt 0.703125 0.3125
vt 0.703125 0.30859375
vt 0.6953125 0.30859375
vt 0.71484375 0.3125
vt 0.71875 0.3125
vt 0.71875 0.30859375
vt 0.71484375 0.30859375
vt 0.70703125 0.3125
vt 0.71484375 0.3125
vt 0.71484375 0.30859375
vt 0.70703125 0.30859375
vt 0.70703125 0.3125
vt 0.703125 0.3125
vt 0.703125 0.3203125
vt 0.70703125 0.3203125
vt 0.7109375 0.3203125
vt 0.70703125 0.3203125
vt 0.70703125 0.3125
vt 0.7109375 0.3125
vn 0.22414386804201336 -0.9659258262890683 0.1294095225512604
vn 0.5000000000000001 1.3877787807814457e-17 -0.8660254037844386
vn -0.22414386804201336 0.9659258262890683 -0.1294095225512604
vn -0.5000000000000001 -1.3877787807814457e-17 0.8660254037844386
vn -0.8365163037378078 -0.25881904510252074 -0.48296291314453427
vn 0.8365163037378078 0.25881904510252074 0.48296291314453427
usemtl m_f18e4d70-e62f-3225-0177-13cdc6e50965
f 756/2260/565 759/2259/565 757/2258/565 754/2257/565
f 755/2264/566 756/2263/566 754/2262/566 753/2261/566
f 760/2268/567 755/2267/567 753/2266/567 758/2265/567
f 759/2272/568 760/2271/568 758/2270/568 757/2269/568
f 758/2276/569 753/2275/569 754/2274/569 757/2273/569
f 759/2280/570 756/2279/570 755/2278/570 760/2277/570
o bone61
v 0.4666090548858724 1.3573172892146206 0.3486436879716205
v 0.7101523545474309 1.0221728453500678 0.48925347759055093
v 0.508072426646431 1.3974915148200293 0.3725825768190886
v 0.7516157263079895 1.0623470709554765 0.513192366438019
v 0.6789023545474308 1.0221728453500678 0.5433800653270784
v 0.4353590548858724 1.3573172892146206 0.4027702757081479
v 0.7203657263079895 1.0623470709554765 0.5673189541745465
v 0.47682242664643104 1.3974915148200293 0.42670916455561597
vt 0.76171875 0.51953125
vt 0.765625 0.51953125
vt 0.765625 0.515625
vt 0.76171875 0.515625
vt 0.734375 0.51953125
vt 0.76171875 0.51953125
vt 0.76171875 0.515625
vt 0.734375 0.515625
vt 0.79296875 0.51953125
vt 0.796875 0.51953125
vt 0.796875 0.515625
vt 0.79296875 0.515625
vt 0.765625 0.51953125
vt 0.79296875 0.51953125
vt 0.79296875 0.515625
vt 0.765625 0.515625
vt 0.765625 0.51953125
vt 0.76171875 0.51953125
vt 0.76171875 0.546875
vt 0.765625 0.546875
vt 0.76953125 0.546875
vt 0.765625 0.546875
vt 0.765625 0.51953125
vt 0.76953125 0.51953125
vn 0.5566703992264193 -0.7660444431189781 0.3213938048432697
vn 0.5000000000000001 0 -0.8660254037844388
vn -0.5566703992264193 0.7660444431189781 -0.3213938048432697
vn -0.5000000000000001 0 0.8660254037844388
vn -0.6634139481689384 -0.6427876096865393 -0.3830222215594891
vn 0.6634139481689384 0.6427876096865393 0.3830222215594891
usemtl m_f18e4d70-e62f-3225-0177-13cdc6e50965
f 764/2284/571 767/2283/571 765/2282/571 762/2281/571
f 763/2288/572 764/2287/572 762/2286/572 761/2285/572
f 768/2292/573 763/2291/573 761/2290/573 766/2289/573
f 767/2296/574 768/2295/574 766/2294/574 765/2293/574
f 766/2300/575 761/2299/575 762/2298/575 765/2297/575
f 767/2304/576 764/2303/576 763/2302/576 768/2301/576
o bone62
v 0.7025604192473445 1.0359331828351976 0.4848702717013759
v 0.8169348413631778 0.7527119993862446 0.5509043750983602
v 0.7516157671986817 1.0623468241939913 0.5131923900462713
v 0.865990189314515 0.7791256407450382 0.5792264934432556
v 0.7856848413631778 0.7527119993862446 0.6050309628348877
v 0.6713104192473445 1.0359331828351976 0.5389968594379033
v 0.834740189314515 0.7791256407450382 0.633353081179783
v 0.7203657671986816 1.0623468241939913 0.5673189777827986
vt 0.73828125 0.453125
vt 0.7421875 0.453125
vt 0.7421875 0.44921875
vt 0.73828125 0.44921875
vt 0.71875 0.453125
vt 0.73828125 0.453125
vt 0.73828125 0.44921875
vt 0.71875 0.44921875
vt 0.76171875 0.453125
vt 0.765625 0.453125
vt 0.765625 0.44921875
vt 0.76171875 0.44921875
vt 0.7421875 0.453125
vt 0.76171875 0.453125
vt 0.76171875 0.44921875
vt 0.7421875 0.44921875
vt 0.7421875 0.453125
vt 0.73828125 0.453125
vt 0.73828125 0.47265625
vt 0.7421875 0.47265625
vt 0.74609375 0.47265625
vt 0.7421875 0.47265625
vt 0.7421875 0.453125
vt 0.74609375 0.453125
vn 0.36599815077066683 -0.90630778703665 0.2113091308703498
vn 0.5000000000000002 0 -0.8660254037844387
vn -0.36599815077066683 0.90630778703665 -0.2113091308703498
vn -0.5000000000000002 0 0.8660254037844387
vn -0.7848855672213958 -0.4226182617406995 -0.45315389351832513
vn 0.7848855672213958 0.4226182617406995 0.45315389351832513
usemtl m_f18e4d70-e62f-3225-0177-13cdc6e50965
f 772/2308/577 775/2307/577 773/2306/577 770/2305/577
f 771/2312/578 772/2311/578 770/2310/578 769/2309/578
f 776/2316/579 771/2315/579 769/2314/579 774/2313/579
f 775/2320/580 776/2319/580 774/2318/580 773/2317/580
f 774/2324/581 769/2323/581 770/2322/581 773/2321/581
f 775/2328/582 772/2327/582 771/2326/582 776/2325/582
o bone63
v 0.8126859320891333 0.7682724855232391 0.5484512661852282
v 0.8502818653842421 0.5220705472701871 0.5701572883935946
v 0.8659902153361609 0.7791254966274224 0.5792265084668597
v 0.9035861486312697 0.5329235583743703 0.600932530675226
v 0.8190318653842421 0.5220705472701871 0.6242838761301219
v 0.7814359320891333 0.7682724855232391 0.6025778539217557
v 0.8723361486312697 0.5329235583743703 0.6550591184117535
v 0.8347402153361609 0.7791254966274224 0.6333530962033872
vt 0.8046875 0.39453125
vt 0.80859375 0.39453125
vt 0.80859375 0.390625
vt 0.8046875 0.390625
vt 0.7890625 0.39453125
vt 0.8046875 0.39453125
vt 0.8046875 0.390625
vt 0.7890625 0.390625
vt 0.82421875 0.39453125
vt 0.828125 0.39453125
vt 0.828125 0.390625
vt 0.82421875 0.390625
vt 0.80859375 0.39453125
vt 0.82421875 0.39453125
vt 0.82421875 0.390625
vt 0.80859375 0.390625
vt 0.80859375 0.39453125
vt 0.8046875 0.39453125
vt 0.8046875 0.41015625
vt 0.80859375 0.41015625
vt 0.8125 0.41015625
vt 0.80859375 0.41015625
vt 0.80859375 0.39453125
vt 0.8125 0.39453125
vn 0.15038373318043524 -0.9848077530122082 0.08682408883346517
vn 0.5000000000000002 -1.3877787807814457e-17 -0.8660254037844387
vn -0.15038373318043524 0.9848077530122082 -0.08682408883346517
vn -0.5000000000000002 1.3877787807814457e-17 0.8660254037844387
vn -0.8528685319524433 -0.1736481776669303 -0.4924038765061042
vn 0.8528685319524433 0.1736481776669303 0.4924038765061042
usemtl m_f18e4d70-e62f-3225-0177-13cdc6e50965
f 780/2332/583 783/2331/583 781/2330/583 778/2329/583
f 779/2336/584 780/2335/584 778/2334/584 777/2333/584
f 784/2340/585 779/2339/585 777/2338/585 782/2337/585
f 783/2344/586 784/2343/586 782/2342/586 781/2341/586
f 782/2348/587 777/2347/587 778/2346/587 781/2345/587
f 783/2352/588 780/2351/588 779/2350/588 784/2349/588
o bone64
v 0.466609252883671 1.3573169784180863 0.34864380228570285
v 0.5776835526559299 1.0049322456233707 0.4127725791592657
v 0.5174716079680068 1.3786932373759406 0.3780091966852625
v 0.6285459077402656 1.026308504581225 0.44213797355882534
v 0.5464335526559299 1.0049322456233707 0.46689916689579314
v 0.43535925288367094 1.3573169784180863 0.4027703900222303
v 0.5972959077402656 1.026308504581225 0.4962645612953528
v 0.48622160796800684 1.3786932373759406 0.4321357844217899
vt 0.8046875 0.4765625
vt 0.80859375 0.4765625
vt 0.80859375 0.47265625
vt 0.8046875 0.47265625
vt 0.78125 0.4765625
vt 0.8046875 0.4765625
vt 0.8046875 0.47265625
vt 0.78125 0.47265625
vt 0.83203125 0.4765625
vt 0.8359375 0.4765625
vt 0.8359375 0.47265625
vt 0.83203125 0.47265625
vt 0.80859375 0.4765625
vt 0.83203125 0.4765625
vt 0.83203125 0.47265625
vt 0.80859375 0.47265625
vt 0.80859375 0.4765625
vt 0.8046875 0.4765625
vt 0.8046875 0.5
vt 0.80859375 0.5
vt 0.8125 0.5
vt 0.80859375 0.5
vt 0.80859375 0.4765625
vt 0.8125 0.4765625
vn 0.29619813272602363 -0.9396926207859085 0.1710100716628343
vn 0.5000000000000001 0 -0.8660254037844386
vn -0.29619813272602363 0.9396926207859085 -0.1710100716628343
vn -0.5000000000000001 0 0.8660254037844386
vn -0.8137976813493737 -0.34202014332566855 -0.4698463103929544
vn 0.8137976813493737 0.34202014332566855 0.4698463103929544
usemtl m_f18e4d70-e62f-3225-0177-13cdc6e50965
f 788/2356/589 791/2355/589 789/2354/589 786/2353/589
f 787/2360/590 788/2359/590 786/2358/590 785/2357/590
f 792/2364/591 787/2363/591 785/2362/591 790/2361/591
f 791/2368/592 792/2367/592 790/2366/592 789/2365/592
f 790/2372/593 785/2371/593 786/2370/593 789/2369/593
f 791/2376/594 788/2375/594 787/2374/594 792/2373/594
o bone65
v 0.5746251739815682 1.020861320048581 0.41100682340833905
v 0.5934949458078616 0.7718126455256445 0.4219012912517963
v 0.6285457937104945 1.0263085539703096 0.4421379077237061
v 0.6474155655367878 0.7772598794473732 0.4530323755671634
v 0.5622449458078616 0.7718126455256445 0.47602787898832377
v 0.5433751739815682 1.020861320048581 0.4651334111448665
v 0.6161655655367878 0.7772598794473732 0.5071589633036908
v 0.5972957937104945 1.0263085539703096 0.49626449546023355
vt 0.84375 0.39453125
vt 0.84765625 0.39453125
vt 0.84765625 0.390625
vt 0.84375 0.390625
vt 0.828125 0.39453125
vt 0.84375 0.39453125
vt 0.84375 0.390625
vt 0.828125 0.390625
vt 0.86328125 0.39453125
vt 0.8671875 0.39453125
vt 0.8671875 0.390625
vt 0.86328125 0.390625
vt 0.84765625 0.39453125
vt 0.86328125 0.39453125
vt 0.86328125 0.390625
vt 0.84765625 0.390625
vt 0.84765625 0.39453125
vt 0.84375 0.39453125
vt 0.84375 0.41015625
vt 0.84765625 0.41015625
vt 0.8515625 0.41015625
vt 0.84765625 0.41015625
vt 0.84765625 0.39453125
vt 0.8515625 0.39453125
vn 0.07547908730517348 -0.9961946980917455 0.04357787137382919
vn 0.5000000000000001 0 -0.8660254037844386
vn -0.07547908730517348 0.9961946980917455 -0.04357787137382919
vn -0.5000000000000001 0 0.8660254037844386
vn -0.8627299156628209 -0.08715574274765836 -0.4980973490458729
vn 0.8627299156628209 0.08715574274765836 0.4980973490458729
usemtl m_f18e4d70-e62f-3225-0177-13cdc6e50965
f 796/2380/595 799/2379/595 797/2378/595 794/2377/595
f 795/2384/596 796/2383/596 794/2382/596 793/2381/596
f 800/2388/597 795/2387/597 793/2386/597 798/2385/597
f 799/2392/598 800/2391/598 798/2390/598 797/2389/598
f 798/2396/599 793/2395/599 794/2394/599 797/2393/599
f 799/2400/600 796/2399/600 795/2398/600 800/2397/600
o bone66
v 0.5941110958341055 0.7881131580338834 0.4222570256353096
v 0.5565151625389966 0.5419112197808313 0.4005510034269433
v 0.6474153790811331 0.7772601469297001 0.45303226791694107
v 0.6098194457860243 0.5310582086766482 0.43132624570857475
v 0.5252651625389966 0.5419112197808313 0.4546775911634706
v 0.5628610958341055 0.7881131580338834 0.476383613371837
v 0.5785694457860243 0.5310582086766482 0.48545283344510215
v 0.6161653790811331 0.7772601469297001 0.5071588556534685
vt 0.765625 0.39453125
vt 0.76953125 0.39453125
vt 0.76953125 0.390625
vt 0.765625 0.390625
vt 0.75 0.39453125
vt 0.765625 0.39453125
vt 0.765625 0.390625
vt 0.75 0.390625
vt 0.78515625 0.39453125
vt 0.7890625 0.39453125
vt 0.7890625 0.390625
vt 0.78515625 0.390625
vt 0.76953125 0.39453125
vt 0.78515625 0.39453125
vt 0.78515625 0.390625
vt 0.76953125 0.390625
vt 0.76953125 0.39453125
vt 0.765625 0.39453125
vt 0.765625 0.41015625
vt 0.76953125 0.41015625
vt 0.7734375 0.41015625
vt 0.76953125 0.41015625
vt 0.76953125 0.39453125
vt 0.7734375 0.39453125
vn -0.15038373318043546 -0.9848077530122081 -0.08682408883346529
vn 0.5000000000000001 0 -0.8660254037844387
vn 0.15038373318043546 0.9848077530122081 0.08682408883346529
vn -0.5000000000000001 0 0.8660254037844387
vn -0.8528685319524433 0.17364817766693055 -0.4924038765061042
vn 0.8528685319524433 -0.17364817766693055 0.4924038765061042
usemtl m_f18e4d70-e62f-3225-0177-13cdc6e50965
f 804/2404/601 807/2403/601 805/2402/601 802/2401/601
f 803/2408/602 804/2407/602 802/2406/602 801/2405/602
f 808/2412/603 803/2411/603 801/2410/603 806/2409/603
f 807/2416/604 808/2415/604 806/2414/604 805/2413/604
f 806/2420/605 801/2419/605 802/2418/605 805/2417/605
f 807/2424/606 804/2423/606 803/2422/606 808/2421/606
o bone67
v 0.4666089352808056 1.357317249614844 0.3486436189176029
v 0.44302172049793886 1.0460064064611734 0.3350255341132813
v 0.5205295550097319 1.3518700156931152 0.37977470323296997
v 0.4969423402268651 1.040559172539445 0.36615661842864833
v 0.41177172049793886 1.0460064064611734 0.38915212184980874
v 0.4353589352808056 1.357317249614844 0.4027702066541303
v 0.4656923402268651 1.040559172539445 0.4202832061651758
v 0.48927955500973186 1.3518700156931152 0.43390129096949737
vt 0.78515625 0.453125
vt 0.7890625 0.453125
vt 0.7890625 0.44921875
vt 0.78515625 0.44921875
vt 0.765625 0.453125
vt 0.78515625 0.453125
vt 0.78515625 0.44921875
vt 0.765625 0.44921875
vt 0.80859375 0.453125
vt 0.8125 0.453125
vt 0.8125 0.44921875
vt 0.80859375 0.44921875
vt 0.7890625 0.453125
vt 0.80859375 0.453125
vt 0.80859375 0.44921875
vt 0.7890625 0.44921875
vt 0.7890625 0.453125
vt 0.78515625 0.453125
vt 0.78515625 0.47265625
vt 0.7890625 0.47265625
vt 0.79296875 0.47265625
vt 0.7890625 0.47265625
vt 0.7890625 0.453125
vt 0.79296875 0.453125
vn -0.07547908730517358 -0.9961946980917454 -0.04357787137382924
vn 0.5000000000000001 0 -0.8660254037844387
vn 0.07547908730517358 0.9961946980917454 0.04357787137382924
vn -0.5000000000000001 0 0.8660254037844387
vn -0.8627299156628208 0.08715574274765847 -0.49809734904587283
vn 0.8627299156628208 -0.08715574274765847 0.49809734904587283
usemtl m_f18e4d70-e62f-3225-0177-13cdc6e50965
f 812/2428/607 815/2427/607 813/2426/607 810/2425/607
f 811/2432/608 812/2431/608 810/2430/608 809/2429/608
f 816/2436/609 811/2435/609 809/2434/609 814/2433/609
f 815/2440/610 816/2439/610 814/2438/610 813/2437/610
f 814/2444/611 809/2443/611 810/2442/611 813/2441/611
f 815/2448/612 812/2447/612 811/2446/612 816/2445/612
o bone68
v 0.4436379956609951 1.0514123734762637 0.33538134074456677
v 0.41544104568966345 0.8667609197864747 0.319101824088292
v 0.4969422789080228 1.0405593623720806 0.36615658302619825
v 0.4687453289366912 0.8559079086822916 0.3498770663699235
v 0.38419104568966345 0.8667609197864747 0.3732284118248194
v 0.4123879956609951 1.0514123734762637 0.38950792848109417
v 0.4374953289366912 0.8559079086822916 0.40400365410645095
v 0.4656922789080228 1.0405593623720806 0.4202831707627257
vt 0.71484375 0.37890625
vt 0.71875 0.37890625
vt 0.71875 0.375
vt 0.71484375 0.375
vt 0.703125 0.37890625
vt 0.71484375 0.37890625
vt 0.71484375 0.375
vt 0.703125 0.375
vt 0.73046875 0.37890625
vt 0.734375 0.37890625
vt 0.734375 0.375
vt 0.73046875 0.375
vt 0.71875 0.37890625
vt 0.73046875 0.37890625
vt 0.73046875 0.375
vt 0.71875 0.375
vt 0.71875 0.37890625
vt 0.71484375 0.37890625
vt 0.71484375 0.390625
vt 0.71875 0.390625
vt 0.72265625 0.390625
vt 0.71875 0.390625
vt 0.71875 0.37890625
vt 0.72265625 0.37890625
vn -0.15038373318043546 -0.9848077530122081 -0.08682408883346529
vn 0.5000000000000001 0 -0.8660254037844387
vn 0.15038373318043546 0.9848077530122081 0.08682408883346529
vn -0.5000000000000001 0 0.8660254037844387
vn -0.8528685319524433 0.17364817766693055 -0.4924038765061042
vn 0.8528685319524433 -0.17364817766693055 0.4924038765061042
usemtl m_f18e4d70-e62f-3225-0177-13cdc6e50965
f 820/2452/613 823/2451/613 821/2450/613 818/2449/613
f 819/2456/614 820/2455/614 818/2454/614 817/2453/614
f 824/2460/615 819/2459/615 817/2458/615 822/2457/615
f 823/2464/616 824/2463/616 822/2462/616 821/2461/616
f 822/2468/617 817/2467/617 818/2466/617 821/2465/617
f 823/2472/618 820/2471/618 819/2470/618 824/2469/618
o bone69
v 0.41969006050488544 0.8823212627424087 0.3215549939356512
v 0.32819052281221883 0.6557443159832462 0.26872771121806377
v 0.4687454084562227 0.855907621383615 0.34987711228054647
v 0.3772458707635561 0.6293306746244525 0.29704982956295906
v 0.29694052281221883 0.6557443159832462 0.32285429895459117
v 0.38844006050488544 0.8823212627424087 0.3756815816721786
v 0.3459958707635561 0.6293306746244525 0.35117641729948645
v 0.4374954084562227 0.855907621383615 0.4040037000170739
vt 0.7265625 0.39453125
vt 0.73046875 0.39453125
vt 0.73046875 0.390625
vt 0.7265625 0.390625
vt 0.7109375 0.39453125
vt 0.7265625 0.39453125
vt 0.7265625 0.390625
vt 0.7109375 0.390625
vt 0.74609375 0.39453125
vt 0.75 0.39453125
vt 0.75 0.390625
vt 0.74609375 0.390625
vt 0.73046875 0.39453125
vt 0.74609375 0.39453125
vt 0.74609375 0.390625
vt 0.73046875 0.390625
vt 0.73046875 0.39453125
vt 0.7265625 0.39453125
vt 0.7265625 0.41015625
vt 0.73046875 0.41015625
vt 0.734375 0.41015625
vt 0.73046875 0.41015625
vt 0.73046875 0.39453125
vt 0.734375 0.39453125
vn -0.36599815077066666 -0.90630778703665 -0.2113091308703497
vn 0.5000000000000001 -2.7755575615628914e-17 -0.8660254037844386
vn 0.36599815077066666 0.90630778703665 0.2113091308703497
vn -0.5000000000000001 2.7755575615628914e-17 0.8660254037844386
vn -0.7848855672213958 0.42261826174069933 -0.45315389351832513
vn 0.7848855672213958 -0.42261826174069933 0.45315389351832513
usemtl m_f18e4d70-e62f-3225-0177-13cdc6e50965
f 828/2476/619 831/2475/619 829/2474/619 826/2473/619
f 827/2480/620 828/2479/620 826/2478/620 825/2477/620
f 832/2484/621 827/2483/621 825/2482/621 830/2481/621
f 831/2488/622 832/2487/622 830/2486/622 829/2485/622
f 830/2492/623 825/2491/623 826/2490/623 829/2489/623
f 831/2496/624 828/2495/624 827/2494/624 832/2493/624
o bone70
v 1.3086337325509008 0.7860174651018017 0.8708712541101842
v 0.4180087325509009 1.3797674651018017 0.35666867061317364
v 1.0109374999999998 0.19062500000000016 0.6989962541101842
v 0.12031250000000004 0.784375 0.18479367061317362
v 0.4180087325509009 1.3797674651018017 0.35666867061317364
v 1.3086337325509008 0.7860174651018017 0.8708712541101842
v 0.12031250000000004 0.784375 0.18479367061317362
v 1.0109374999999998 0.19062500000000016 0.6989962541101842
vt 0.76171875 1
vt 0.76171875 1
vt 0.76171875 0.95703125
vt 0.76171875 0.95703125
vt 0.6875 1
vt 0.76171875 1
vt 0.76171875 0.95703125
vt 0.6875 0.95703125
vt 0.8359375 1
vt 0.8359375 1
vt 0.8359375 0.95703125
vt 0.8359375 0.95703125
vt 0.76171875 1
vt 0.8359375 1
vt 0.8359375 0.95703125
vt 0.76171875 0.95703125
vt 0.76171875 1
vt 0.76171875 1
vt 0.76171875 1.07421875
vt 0.76171875 1.07421875
vt 0.76171875 1.07421875
vt 0.76171875 1.07421875
vt 0.76171875 1
vt 0.76171875 1
vn -0.75 0.4999999999999999 -0.43301270189221946
vn 0.5000000000000001 -2.7755575615628914e-17 -0.8660254037844386
vn 0.75 -0.4999999999999999 0.43301270189221946
vn -0.5000000000000001 2.7755575615628914e-17 0.8660254037844386
vn 0.43301270189221924 0.8660254037844388 0.25
vn -0.43301270189221924 -0.8660254037844388 -0.25
usemtl m_f18e4d70-e62f-3225-0177-13cdc6e50965
f 836/2500/625 839/2499/625 837/2498/625 834/2497/625
f 835/2504/626 836/2503/626 834/2502/626 833/2501/626
f 840/2508/627 835/2507/627 833/2506/627 838/2505/627
f 839/2512/628 840/2511/628 838/2510/628 837/2509/628
f 838/2516/629 833/2515/629 834/2514/629 837/2513/629
f 839/2520/630 836/2519/630 835/2518/630 840/2517/630
o bone45
v -0.15625 0.875 0.2416265877365274
v -0.0625 0.8125 0.18749999999999997
v -0.18331329386826367 0.8208734122634725 0.2572515877365274
v -0.08956329386826367 0.7583734122634725 0.20312499999999997
v -0.09375 0.8125 0.13337341226347257
v -0.1875 0.875 0.1875
v -0.12081329386826367 0.7583734122634725 0.14899841226347257
v -0.21456329386826367 0.8208734122634725 0.203125
vt 0.6953125 0.61328125
vt 0.69921875 0.61328125
vt 0.69921875 0.609375
vt 0.6953125 0.609375
vt 0.6875 0.61328125
vt 0.6953125 0.61328125
vt 0.6953125 0.609375
vt 0.6875 0.609375
vt 0.70703125 0.61328125
vt 0.7109375 0.61328125
vt 0.7109375 0.609375
vt 0.70703125 0.609375
vt 0.69921875 0.61328125
vt 0.70703125 0.61328125
vt 0.70703125 0.609375
vt 0.69921875 0.609375
vt 0.69921875 0.61328125
vt 0.6953125 0.61328125
vt 0.6953125 0.62109375
vt 0.69921875 0.62109375
vt 0.703125 0.62109375
vt 0.69921875 0.62109375
vt 0.69921875 0.61328125
vt 0.703125 0.61328125
vn 0.75 -0.4999999999999999 -0.43301270189221946
vn 0.5000000000000001 -2.7755575615628914e-17 0.8660254037844386
vn -0.75 0.4999999999999999 0.43301270189221946
vn -0.5000000000000001 2.7755575615628914e-17 -0.8660254037844386
vn 0.43301270189221924 0.8660254037844388 -0.25
vn -0.43301270189221924 -0.8660254037844388 0.25
usemtl m_f18e4d70-e62f-3225-0177-13cdc6e50965
f 844/2524/631 847/2523/631 845/2522/631 842/2521/631
f 843/2528/632 844/2527/632 842/2526/632 841/2525/632
f 848/2532/633 843/2531/633 841/2530/633 846/2529/633
f 847/2536/634 848/2535/634 846/2534/634 845/2533/634
f 846/2540/635 841/2539/635 842/2538/635 845/2537/635
f 847/2544/636 844/2543/636 843/2542/636 848/2541/636
o bone46
v -0.25985959863653607 0.9976501654111003 0.3014456173999607
v -0.14503976694357462 0.8650676439386227 0.23515435666372184
v -0.2981328758675232 0.9534559915869412 0.3235427043120403
v -0.18331304417456173 0.8208734701144635 0.25725144357580143
v -0.17628976694357462 0.8650676439386227 0.18102776892719435
v -0.29110959863653607 0.9976501654111003 0.24731902966343322
v -0.21456304417456173 0.8208734701144635 0.20312485583927403
v -0.3293828758675232 0.9534559915869412 0.2694161165755129
vt 0.69921875 0.6640625
vt 0.703125 0.6640625
vt 0.703125 0.66015625
vt 0.69921875 0.66015625
vt 0.6875 0.6640625
vt 0.69921875 0.6640625
vt 0.69921875 0.66015625
vt 0.6875 0.66015625
vt 0.71484375 0.6640625
vt 0.71875 0.6640625
vt 0.71875 0.66015625
vt 0.71484375 0.66015625
vt 0.703125 0.6640625
vt 0.71484375 0.6640625
vt 0.71484375 0.66015625
vt 0.703125 0.66015625
vt 0.703125 0.6640625
vt 0.69921875 0.6640625
vt 0.69921875 0.67578125
vt 0.703125 0.67578125
vt 0.70703125 0.67578125
vt 0.703125 0.67578125
vt 0.703125 0.6640625
vt 0.70703125 0.6640625
vn 0.6123724356957945 -0.7071067811865477 -0.3535533905932738
vn 0.5000000000000001 0 0.8660254037844388
vn -0.6123724356957945 0.7071067811865477 0.3535533905932738
vn -0.5000000000000001 0 -0.8660254037844388
vn 0.6123724356957946 0.7071067811865475 -0.35355339059327384
vn -0.6123724356957946 -0.7071067811865475 0.35355339059327384
usemtl m_f18e4d70-e62f-3225-0177-13cdc6e50965
f 852/2548/637 855/2547/637 853/2546/637 850/2545/637
f 851/2552/638 852/2551/638 850/2550/638 849/2549/638
f 856/2556/639 851/2555/639 849/2554/639 854/2553/639
f 855/2560/640 856/2559/640 854/2558/640 853/2557/640
f 854/2564/641 849/2563/641 850/2562/641 853/2561/641
f 855/2568/642 852/2567/642 851/2566/642 856/2565/642
o bone47
v -0.3595112283890264 1.2012124567780527 0.35897951266274586
v -0.2512580529159715 0.984706105831943 0.29647951266274586
v -0.40638622838902644 1.1699624567780527 0.3860428065310096
v -0.2981330529159716 0.953456105831943 0.32354280653100953
v -0.2825080529159715 0.984706105831943 0.2423529249262184
v -0.3907612283890264 1.2012124567780527 0.3048529249262184
v -0.3293830529159716 0.953456105831943 0.2694162187944822
v -0.43763622838902644 1.1699624567780527 0.3319162187944822
vt 0.703125 0.6953125
vt 0.70703125 0.6953125
vt 0.70703125 0.69140625
vt 0.703125 0.69140625
vt 0.6875 0.6953125
vt 0.703125 0.6953125
vt 0.703125 0.69140625
vt 0.6875 0.69140625
vt 0.72265625 0.6953125
vt 0.7265625 0.6953125
vt 0.7265625 0.69140625
vt 0.72265625 0.69140625
vt 0.70703125 0.6953125
vt 0.72265625 0.6953125
vt 0.72265625 0.69140625
vt 0.70703125 0.69140625
vt 0.70703125 0.6953125
vt 0.703125 0.6953125
vt 0.703125 0.7109375
vt 0.70703125 0.7109375
vt 0.7109375 0.7109375
vt 0.70703125 0.7109375
vt 0.70703125 0.6953125
vt 0.7109375 0.6953125
vn 0.4330127018922194 -0.8660254037844386 -0.2500000000000001
vn 0.5000000000000001 2.7755575615628914e-17 0.8660254037844386
vn -0.4330127018922194 0.8660254037844386 0.2500000000000001
vn -0.5000000000000001 -2.7755575615628914e-17 -0.8660254037844386
vn 0.7499999999999999 0.5000000000000001 -0.4330127018922194
vn -0.7499999999999999 -0.5000000000000001 0.4330127018922194
usemtl m_f18e4d70-e62f-3225-0177-13cdc6e50965
f 860/2572/643 863/2571/643 861/2570/643 858/2569/643
f 859/2576/644 860/2575/644 858/2574/644 857/2573/644
f 864/2580/645 859/2579/645 857/2578/645 862/2577/645
f 863/2584/646 864/2583/646 862/2582/646 861/2581/646
f 862/2588/647 857/2587/647 858/2586/647 861/2585/647
f 863/2592/648 860/2591/648 859/2590/648 864/2589/648
o bone48
v -0.4241492244140902 1.4879904629968064 0.39629827706769455
v -0.3541042656509611 1.1861386422814726 0.35585780127042566
v -0.4764314933977032 1.4718142726778989 0.4264834591392279
v -0.4063865346345741 1.169962451962565 0.386042983341959
v -0.3853542656509611 1.1861386422814726 0.3017312135338982
v -0.4553992244140902 1.4879904629968064 0.3421716893311671
v -0.4376365346345741 1.169962451962565 0.3319163956054316
v -0.5076814933977032 1.4718142726778989 0.3723568714027005
vt 0.70703125 0.75390625
vt 0.7109375 0.75390625
vt 0.7109375 0.75
vt 0.70703125 0.75
vt 0.6875 0.75390625
vt 0.70703125 0.75390625
vt 0.70703125 0.75
vt 0.6875 0.75
vt 0.73046875 0.75390625
vt 0.734375 0.75390625
vt 0.734375 0.75
vt 0.73046875 0.75
vt 0.7109375 0.75390625
vt 0.73046875 0.75390625
vt 0.73046875 0.75
vt 0.7109375 0.75
vt 0.7109375 0.75390625
vt 0.70703125 0.75390625
vt 0.70703125 0.7734375
vt 0.7109375 0.7734375
vt 0.71484375 0.7734375
vt 0.7109375 0.7734375
vt 0.7109375 0.75390625
vt 0.71484375 0.75390625
vn 0.22414386804201336 -0.9659258262890683 -0.1294095225512604
vn 0.5000000000000001 1.3877787807814457e-17 0.8660254037844386
vn -0.22414386804201336 0.9659258262890683 0.1294095225512604
vn -0.5000000000000001 -1.3877787807814457e-17 -0.8660254037844386
vn 0.8365163037378078 0.25881904510252074 -0.48296291314453427
vn -0.8365163037378078 -0.25881904510252074 0.48296291314453427
usemtl m_f18e4d70-e62f-3225-0177-13cdc6e50965
f 868/2596/649 871/2595/649 869/2594/649 866/2593/649
f 867/2600/650 868/2599/650 866/2598/650 865/2597/650
f 872/2604/651 867/2603/651 865/2602/651 870/2601/651
f 871/2608/652 872/2607/652 870/2606/652 869/2605/652
f 870/2612/653 865/2611/653 866/2610/653 869/2609/653
f 871/2616/654 868/2615/654 867/2614/654 872/2613/654
o bone49
v -0.4353591017895731 1.3573169535791463 0.40277030278801207
v -0.8103591017895732 1.1073169535791463 0.6192766537341218
v -0.4624223956578368 1.4114435413156738 0.41839530278801207
v -0.8374223956578368 1.1614435413156738 0.6349016537341218
v -0.8416091017895732 1.1073169535791463 0.5651500659975943
v -0.4666091017895731 1.3573169535791463 0.3486437150514846
v -0.8686723956578368 1.1614435413156738 0.5807750659975943
v -0.4936723956578368 1.4114435413156738 0.3642687150514846
vt 0.90625 0.86328125
vt 0.91015625 0.86328125
vt 0.91015625 0.859375
vt 0.90625 0.859375
vt 0.875 0.86328125
vt 0.90625 0.86328125
vt 0.90625 0.859375
vt 0.875 0.859375
vt 0.94140625 0.86328125
vt 0.9453125 0.86328125
vt 0.9453125 0.859375
vt 0.94140625 0.859375
vt 0.91015625 0.86328125
vt 0.94140625 0.86328125
vt 0.94140625 0.859375
vt 0.91015625 0.859375
vt 0.91015625 0.86328125
vt 0.90625 0.86328125
vt 0.90625 0.89453125
vt 0.91015625 0.89453125
vt 0.9140625 0.89453125
vt 0.91015625 0.89453125
vt 0.91015625 0.86328125
vt 0.9140625 0.86328125
vn -0.75 -0.4999999999999999 0.4330127018922195
vn 0.5000000000000001 2.7755575615628907e-17 0.8660254037844386
vn 0.75 0.4999999999999999 -0.4330127018922195
vn -0.5000000000000001 -2.7755575615628907e-17 -0.8660254037844386
vn 0.43301270189221924 -0.8660254037844388 -0.25
vn -0.43301270189221924 0.8660254037844388 0.25
usemtl m_f18e4d70-e62f-3225-0177-13cdc6e50965
f 876/2620/655 879/2619/655 877/2618/655 874/2617/655
f 875/2624/656 876/2623/656 874/2622/656 873/2621/656
f 880/2628/657 875/2627/657 873/2626/657 878/2625/657
f 879/2632/658 880/2631/658 878/2630/658 877/2629/658
f 878/2636/659 873/2635/659 874/2634/659 877/2633/659
f 879/2640/660 876/2639/660 875/2638/660 880/2637/660
o bone50
v -0.7991488287269883 1.1172497644392547 0.6128043995637493
v -1.0287884921129113 0.8520847214942994 0.745386921036227
v -0.8374221059579755 1.1614439382634139 0.634901486475829
v -1.0670617693438984 0.8962788953184586 0.7674840079483066
v -1.0600384921129113 0.8520847214942994 0.6912603332996996
v -0.8303988287269883 1.1172497644392547 0.558677811827222
v -1.0983117693438984 0.8962788953184586 0.7133574202117792
v -0.8686721059579755 1.1614439382634139 0.5807748987393015
vt 0.765625 0.77734375
vt 0.76953125 0.77734375
vt 0.76953125 0.7734375
vt 0.765625 0.7734375
vt 0.7421875 0.77734375
vt 0.765625 0.77734375
vt 0.765625 0.7734375
vt 0.7421875 0.7734375
vt 0.79296875 0.77734375
vt 0.796875 0.77734375
vt 0.796875 0.7734375
vt 0.79296875 0.7734375
vt 0.76953125 0.77734375
vt 0.79296875 0.77734375
vt 0.79296875 0.7734375
vt 0.76953125 0.7734375
vt 0.76953125 0.77734375
vt 0.765625 0.77734375
vt 0.765625 0.80078125
vt 0.76953125 0.80078125
vt 0.7734375 0.80078125
vt 0.76953125 0.80078125
vt 0.76953125 0.77734375
vt 0.7734375 0.77734375
vn -0.6123724356957945 -0.7071067811865477 0.3535533905932738
vn 0.5000000000000002 -2.7755575615628914e-17 0.8660254037844387
vn 0.6123724356957945 0.7071067811865477 -0.3535533905932738
vn -0.5000000000000002 2.7755575615628914e-17 -0.8660254037844387
vn 0.6123724356957946 -0.7071067811865475 -0.3535533905932739
vn -0.6123724356957946 0.7071067811865475 0.3535533905932739
usemtl m_f18e4d70-e62f-3225-0177-13cdc6e50965
f 884/2644/661 887/2643/661 885/2642/661 882/2641/661
f 883/2648/662 884/2647/662 882/2646/662 881/2645/662
f 888/2652/663 883/2651/663 881/2650/663 886/2649/663
f 887/2656/664 888/2655/664 886/2654/664 885/2653/664
f 886/2660/665 881/2659/665 882/2658/665 885/2657/665
f 887/2664/666 884/2663/666 883/2662/666 888/2661/666
o bone51
v -1.0201868021882303 0.8650288956235395 0.7404207330427268
v -1.128439977661285 0.6485225446774296 0.8029207330427268
v -1.0670618021882303 0.8962788956235394 0.7674840269109906
v -1.175314977661285 0.6797725446774296 0.8299840269109905
v -1.159689977661285 0.6485225446774296 0.7487941453061994
v -1.0514368021882303 0.8650288956235395 0.6862941453061994
v -1.206564977661285 0.6797725446774296 0.775857439174463
v -1.0983118021882303 0.8962788956235394 0.7133574391744631
vt 0.84375 0.734375
vt 0.84765625 0.734375
vt 0.84765625 0.73046875
vt 0.84375 0.73046875
vt 0.828125 0.734375
vt 0.84375 0.734375
vt 0.84375 0.73046875
vt 0.828125 0.73046875
vt 0.86328125 0.734375
vt 0.8671875 0.734375
vt 0.8671875 0.73046875
vt 0.86328125 0.73046875
vt 0.84765625 0.734375
vt 0.86328125 0.734375
vt 0.86328125 0.73046875
vt 0.84765625 0.73046875
vt 0.84765625 0.734375
vt 0.84375 0.734375
vt 0.84375 0.75
vt 0.84765625 0.75
vt 0.8515625 0.75
vt 0.84765625 0.75
vt 0.84765625 0.734375
vt 0.8515625 0.734375
vn -0.43301270189221913 -0.8660254037844388 0.24999999999999994
vn 0.5000000000000001 -2.7755575615628914e-17 0.8660254037844387
vn 0.43301270189221913 0.8660254037844388 -0.24999999999999994
vn -0.5000000000000001 2.7755575615628914e-17 -0.8660254037844387
vn 0.7500000000000001 -0.49999999999999983 -0.4330127018922195
vn -0.7500000000000001 0.49999999999999983 0.4330127018922195
usemtl m_f18e4d70-e62f-3225-0177-13cdc6e50965
f 892/2668/667 895/2667/667 893/2666/667 890/2665/667
f 891/2672/668 892/2671/668 890/2670/668 889/2669/668
f 896/2676/669 891/2675/669 889/2674/669 894/2673/669
f 895/2680/670 896/2679/670 894/2678/670 893/2677/670
f 894/2684/671 889/2683/671 890/2682/671 893/2681/671
f 895/2688/672 892/2687/672 891/2686/672 896/2685/672
o bone52
v -1.1230326189281468 0.6635960228721385 0.7997987930225446
v -1.1510506024333984 0.5428552945860049 0.8159749833414522
v -1.1753148879117596 0.679772213191046 0.8299839750940781
v -1.2033328714170113 0.5590314849049125 0.8461601654129856
v -1.1823006024333984 0.5428552945860049 0.7618483956049248
v -1.1542826189281468 0.6635960228721385 0.7456722052860172
v -1.2345828714170113 0.5590314849049125 0.7920335776764582
v -1.2065648879117596 0.679772213191046 0.7758573873575506
vt 0.7734375 0.6484375
vt 0.77734375 0.6484375
vt 0.77734375 0.64453125
vt 0.7734375 0.64453125
vt 0.765625 0.6484375
vt 0.7734375 0.6484375
vt 0.7734375 0.64453125
vt 0.765625 0.64453125
vt 0.78515625 0.6484375
vt 0.7890625 0.6484375
vt 0.7890625 0.64453125
vt 0.78515625 0.64453125
vt 0.77734375 0.6484375
vt 0.78515625 0.6484375
vt 0.78515625 0.64453125
vt 0.77734375 0.64453125
vt 0.77734375 0.6484375
vt 0.7734375 0.6484375
vt 0.7734375 0.65625
vt 0.77734375 0.65625
vt 0.78125 0.65625
vt 0.77734375 0.65625
vt 0.77734375 0.6484375
vt 0.78125 0.6484375
vn -0.22414386804201336 -0.9659258262890683 0.1294095225512604
vn 0.5000000000000001 -1.3877787807814457e-17 0.8660254037844386
vn 0.22414386804201336 0.9659258262890683 -0.1294095225512604
vn -0.5000000000000001 1.3877787807814457e-17 -0.8660254037844386
vn 0.8365163037378078 -0.25881904510252074 -0.48296291314453427
vn -0.8365163037378078 0.25881904510252074 0.48296291314453427
usemtl m_f18e4d70-e62f-3225-0177-13cdc6e50965
f 900/2692/673 903/2691/673 901/2690/673 898/2689/673
f 899/2696/674 900/2695/674 898/2694/674 897/2693/674
f 904/2700/675 899/2699/675 897/2698/675 902/2697/675
f 903/2704/676 904/2703/676 902/2702/676 901/2701/676
f 902/2708/677 897/2707/677 898/2706/677 901/2705/677
f 903/2712/678 900/2711/678 899/2710/678 904/2709/678
o bone20
v -0.4353590548858724 1.3573172892146206 0.402770275708148
v -0.6789023545474308 1.0221728453500678 0.5433800653270785
v -0.47682242664643104 1.3974915148200293 0.4267091645556161
v -0.7203657263079895 1.0623470709554765 0.5673189541745466
v -0.7101523545474309 1.0221728453500678 0.48925347759055104
v -0.4666090548858724 1.3573172892146206 0.3486436879716206
v -0.7516157263079895 1.0623470709554765 0.5131923664380191
v -0.508072426646431 1.3974915148200293 0.3725825768190887
vt 0.71484375 0.8203125
vt 0.71875 0.8203125
vt 0.71875 0.81640625
vt 0.71484375 0.81640625
vt 0.6875 0.8203125
vt 0.71484375 0.8203125
vt 0.71484375 0.81640625
vt 0.6875 0.81640625
vt 0.74609375 0.8203125
vt 0.75 0.8203125
vt 0.75 0.81640625
vt 0.74609375 0.81640625
vt 0.71875 0.8203125
vt 0.74609375 0.8203125
vt 0.74609375 0.81640625
vt 0.71875 0.81640625
vt 0.71875 0.8203125
vt 0.71484375 0.8203125
vt 0.71484375 0.84765625
vt 0.71875 0.84765625
vt 0.72265625 0.84765625
vt 0.71875 0.84765625
vt 0.71875 0.8203125
vt 0.72265625 0.8203125
vn -0.5566703992264193 -0.7660444431189781 0.3213938048432697
vn 0.5000000000000001 0 0.8660254037844388
vn 0.5566703992264193 0.7660444431189781 -0.3213938048432697
vn -0.5000000000000001 0 -0.8660254037844388
vn 0.6634139481689384 -0.6427876096865393 -0.3830222215594891
vn -0.6634139481689384 0.6427876096865393 0.3830222215594891
usemtl m_f18e4d70-e62f-3225-0177-13cdc6e50965
f 908/2716/679 911/2715/679 909/2714/679 906/2713/679
f 907/2720/680 908/2719/680 906/2718/680 905/2717/680
f 912/2724/681 907/2723/681 905/2722/681 910/2721/681
f 911/2728/682 912/2727/682 910/2726/682 909/2725/682
f 910/2732/683 905/2731/683 906/2730/683 909/2729/683
f 911/2736/684 908/2735/684 907/2734/684 912/2733/684
o bone40
v -0.6713104192473445 1.0359331828351976 0.5389968594379033
v -0.7856848413631778 0.7527119993862446 0.6050309628348877
v -0.7203657671986816 1.0623468241939913 0.5673189777827986
v -0.834740189314515 0.7791256407450382 0.633353081179783
v -0.8169348413631778 0.7527119993862446 0.5509043750983602
v -0.7025604192473445 1.0359331828351976 0.4848702717013759
v -0.865990189314515 0.7791256407450382 0.5792264934432556
v -0.7516157671986817 1.0623468241939913 0.5131923900462713
vt 0.97265625 0.78125
vt 0.9765625 0.78125
vt 0.9765625 0.77734375
vt 0.97265625 0.77734375
vt 0.953125 0.78125
vt 0.97265625 0.78125
vt 0.97265625 0.77734375
vt 0.953125 0.77734375
vt 0.99609375 0.78125
vt 1 0.78125
vt 1 0.77734375
vt 0.99609375 0.77734375
vt 0.9765625 0.78125
vt 0.99609375 0.78125
vt 0.99609375 0.77734375
vt 0.9765625 0.77734375
vt 0.9765625 0.78125
vt 0.97265625 0.78125
vt 0.97265625 0.80078125
vt 0.9765625 0.80078125
vt 0.98046875 0.80078125
vt 0.9765625 0.80078125
vt 0.9765625 0.78125
vt 0.98046875 0.78125
vn -0.36599815077066683 -0.90630778703665 0.2113091308703498
vn 0.5000000000000002 0 0.8660254037844387
vn 0.36599815077066683 0.90630778703665 -0.2113091308703498
vn -0.5000000000000002 0 -0.8660254037844387
vn 0.7848855672213958 -0.4226182617406995 -0.45315389351832513
vn -0.7848855672213958 0.4226182617406995 0.45315389351832513
usemtl m_f18e4d70-e62f-3225-0177-13cdc6e50965
f 916/2740/685 919/2739/685 917/2738/685 914/2737/685
f 915/2744/686 916/2743/686 914/2742/686 913/2741/686
f 920/2748/687 915/2747/687 913/2746/687 918/2745/687
f 919/2752/688 920/2751/688 918/2750/688 917/2749/688
f 918/2756/689 913/2755/689 914/2754/689 917/2753/689
f 919/2760/690 916/2759/690 915/2758/690 920/2757/690
o bone41
v -0.7814359320891333 0.7682724855232391 0.6025778539217557
v -0.8190318653842421 0.5220705472701871 0.6242838761301219
v -0.8347402153361609 0.7791254966274224 0.6333530962033872
v -0.8723361486312697 0.5329235583743703 0.6550591184117535
v -0.8502818653842421 0.5220705472701871 0.5701572883935946
v -0.8126859320891333 0.7682724855232391 0.5484512661852282
v -0.9035861486312697 0.5329235583743703 0.600932530675226
v -0.8659902153361609 0.7791254966274224 0.5792265084668597
vt 0.8046875 0.71484375
vt 0.80859375 0.71484375
vt 0.80859375 0.7109375
vt 0.8046875 0.7109375
vt 0.7890625 0.71484375
vt 0.8046875 0.71484375
vt 0.8046875 0.7109375
vt 0.7890625 0.7109375
vt 0.82421875 0.71484375
vt 0.828125 0.71484375
vt 0.828125 0.7109375
vt 0.82421875 0.7109375
vt 0.80859375 0.71484375
vt 0.82421875 0.71484375
vt 0.82421875 0.7109375
vt 0.80859375 0.7109375
vt 0.80859375 0.71484375
vt 0.8046875 0.71484375
vt 0.8046875 0.73046875
vt 0.80859375 0.73046875
vt 0.8125 0.73046875
vt 0.80859375 0.73046875
vt 0.80859375 0.71484375
vt 0.8125 0.71484375
vn -0.15038373318043524 -0.9848077530122082 0.08682408883346517
vn 0.5000000000000002 1.3877787807814457e-17 0.8660254037844387
vn 0.15038373318043524 0.9848077530122082 -0.08682408883346517
vn -0.5000000000000002 -1.3877787807814457e-17 -0.8660254037844387
vn 0.8528685319524433 -0.1736481776669303 -0.4924038765061042
vn -0.8528685319524433 0.1736481776669303 0.4924038765061042
usemtl m_f18e4d70-e62f-3225-0177-13cdc6e50965
f 924/2764/691 927/2763/691 925/2762/691 922/2761/691
f 923/2768/692 924/2767/692 922/2766/692 921/2765/692
f 928/2772/693 923/2771/693 921/2770/693 926/2769/693
f 927/2776/694 928/2775/694 926/2774/694 925/2773/694
f 926/2780/695 921/2779/695 922/2778/695 925/2777/695
f 927/2784/696 924/2783/696 923/2782/696 928/2781/696
o bone42
v -0.43535925288367094 1.3573169784180863 0.4027703900222303
v -0.5464335526559299 1.0049322456233707 0.46689916689579314
v -0.48622160796800684 1.3786932373759406 0.4321357844217899
v -0.5972959077402656 1.026308504581225 0.4962645612953528
v -0.5776835526559299 1.0049322456233707 0.4127725791592657
v -0.466609252883671 1.3573169784180863 0.34864380228570285
v -0.6285459077402656 1.026308504581225 0.44213797355882534
v -0.5174716079680068 1.3786932373759406 0.3780091966852625
vt 0.7109375 0.77734375
vt 0.71484375 0.77734375
vt 0.71484375 0.7734375
vt 0.7109375 0.7734375
vt 0.6875 0.77734375
vt 0.7109375 0.77734375
vt 0.7109375 0.7734375
vt 0.6875 0.7734375
vt 0.73828125 0.77734375
vt 0.7421875 0.77734375
vt 0.7421875 0.7734375
vt 0.73828125 0.7734375
vt 0.71484375 0.77734375
vt 0.73828125 0.77734375
vt 0.73828125 0.7734375
vt 0.71484375 0.7734375
vt 0.71484375 0.77734375
vt 0.7109375 0.77734375
vt 0.7109375 0.80078125
vt 0.71484375 0.80078125
vt 0.71875 0.80078125
vt 0.71484375 0.80078125
vt 0.71484375 0.77734375
vt 0.71875 0.77734375
vn -0.29619813272602363 -0.9396926207859085 0.1710100716628343
vn 0.5000000000000001 0 0.8660254037844386
vn 0.29619813272602363 0.9396926207859085 -0.1710100716628343
vn -0.5000000000000001 0 -0.8660254037844386
vn 0.8137976813493737 -0.34202014332566855 -0.4698463103929544
vn -0.8137976813493737 0.34202014332566855 0.4698463103929544
usemtl m_f18e4d70-e62f-3225-0177-13cdc6e50965
f 932/2788/697 935/2787/697 933/2786/697 930/2785/697
f 931/2792/698 932/2791/698 930/2790/698 929/2789/698
f 936/2796/699 931/2795/699 929/2794/699 934/2793/699
f 935/2800/700 936/2799/700 934/2798/700 933/2797/700
f 934/2804/701 929/2803/701 930/2802/701 933/2801/701
f 935/2808/702 932/2807/702 931/2806/702 936/2805/702
o bone43
v -0.5433751739815682 1.020861320048581 0.4651334111448665
v -0.5622449458078616 0.7718126455256445 0.47602787898832377
v -0.5972957937104945 1.0263085539703096 0.49626449546023355
v -0.6161655655367878 0.7772598794473732 0.5071589633036908
v -0.5934949458078616 0.7718126455256445 0.4219012912517963
v -0.5746251739815682 1.020861320048581 0.41100682340833905
v -0.6474155655367878 0.7772598794473732 0.4530323755671634
v -0.6285457937104945 1.0263085539703096 0.4421379077237061
vt 0.8046875 0.734375
vt 0.80859375 0.734375
vt 0.80859375 0.73046875
vt 0.8046875 0.73046875
vt 0.7890625 0.734375
vt 0.8046875 0.734375
vt 0.8046875 0.73046875
vt 0.7890625 0.73046875
vt 0.82421875 0.734375
vt 0.828125 0.734375
vt 0.828125 0.73046875
vt 0.82421875 0.73046875
vt 0.80859375 0.734375
vt 0.82421875 0.734375
vt 0.82421875 0.73046875
vt 0.80859375 0.73046875
vt 0.80859375 0.734375
vt 0.8046875 0.734375
vt 0.8046875 0.75
vt 0.80859375 0.75
vt 0.8125 0.75
vt 0.80859375 0.75
vt 0.80859375 0.734375
vt 0.8125 0.734375
vn -0.07547908730517348 -0.9961946980917455 0.04357787137382919
vn 0.5000000000000001 0 0.8660254037844386
vn 0.07547908730517348 0.9961946980917455 -0.04357787137382919
vn -0.5000000000000001 0 -0.8660254037844386
vn 0.8627299156628209 -0.08715574274765836 -0.4980973490458729
vn -0.8627299156628209 0.08715574274765836 0.4980973490458729
usemtl m_f18e4d70-e62f-3225-0177-13cdc6e50965
f 940/2812/703 943/2811/703 941/2810/703 938/2809/703
f 939/2816/704 940/2815/704 938/2814/704 937/2813/704
f 944/2820/705 939/2819/705 937/2818/705 942/2817/705
f 943/2824/706 944/2823/706 942/2822/706 941/2821/706
f 942/2828/707 937/2827/707 938/2826/707 941/2825/707
f 943/2832/708 940/2831/708 939/2830/708 944/2829/708
o bone44
v -0.5628610958341055 0.7881131580338834 0.476383613371837
v -0.5252651625389966 0.5419112197808313 0.4546775911634706
v -0.6161653790811331 0.7772601469297001 0.5071588556534685
v -0.5785694457860243 0.5310582086766482 0.48545283344510215
v -0.5565151625389966 0.5419112197808313 0.4005510034269433
v -0.5941110958341055 0.7881131580338834 0.4222570256353096
v -0.6098194457860243 0.5310582086766482 0.43132624570857475
v -0.6474153790811331 0.7772601469297001 0.45303226791694107
vt 0.765625 0.71484375
vt 0.76953125 0.71484375
vt 0.76953125 0.7109375
vt 0.765625 0.7109375
vt 0.75 0.71484375
vt 0.765625 0.71484375
vt 0.765625 0.7109375
vt 0.75 0.7109375
vt 0.78515625 0.71484375
vt 0.7890625 0.71484375
vt 0.7890625 0.7109375
vt 0.78515625 0.7109375
vt 0.76953125 0.71484375
vt 0.78515625 0.71484375
vt 0.78515625 0.7109375
vt 0.76953125 0.7109375
vt 0.76953125 0.71484375
vt 0.765625 0.71484375
vt 0.765625 0.73046875
vt 0.76953125 0.73046875
vt 0.7734375 0.73046875
vt 0.76953125 0.73046875
vt 0.76953125 0.71484375
vt 0.7734375 0.71484375
vn 0.15038373318043546 -0.9848077530122081 -0.08682408883346529
vn 0.5000000000000001 0 0.8660254037844387
vn -0.15038373318043546 0.9848077530122081 0.08682408883346529
vn -0.5000000000000001 0 -0.8660254037844387
vn 0.8528685319524433 0.17364817766693055 -0.4924038765061042
vn -0.8528685319524433 -0.17364817766693055 0.4924038765061042
usemtl m_f18e4d70-e62f-3225-0177-13cdc6e50965
f 948/2836/709 951/2835/709 949/2834/709 946/2833/709
f 947/2840/710 948/2839/710 946/2838/710 945/2837/710
f 952/2844/711 947/2843/711 945/2842/711 950/2841/711
f 951/2848/712 952/2847/712 950/2846/712 949/2845/712
f 950/2852/713 945/2851/713 946/2850/713 949/2849/713
f 951/2856/714 948/2855/714 947/2854/714 952/2853/714
o bone71
v -0.4353589352808056 1.357317249614844 0.40277020665413044
v -0.41177172049793886 1.0460064064611734 0.38915212184980885
v -0.48927955500973186 1.3518700156931152 0.4339012909694975
v -0.4656923402268651 1.040559172539445 0.4202832061651759
v -0.44302172049793886 1.0460064064611734 0.3350255341132814
v -0.4666089352808056 1.357317249614844 0.34864361891760304
v -0.4969423402268651 1.040559172539445 0.36615661842864844
v -0.5205295550097319 1.3518700156931152 0.3797747032329701
vt 0.92578125 0.78125
vt 0.9296875 0.78125
vt 0.9296875 0.77734375
vt 0.92578125 0.77734375
vt 0.90625 0.78125
vt 0.92578125 0.78125
vt 0.92578125 0.77734375
vt 0.90625 0.77734375
vt 0.94921875 0.78125
vt 0.953125 0.78125
vt 0.953125 0.77734375
vt 0.94921875 0.77734375
vt 0.9296875 0.78125
vt 0.94921875 0.78125
vt 0.94921875 0.77734375
vt 0.9296875 0.77734375
vt 0.9296875 0.78125
vt 0.92578125 0.78125
vt 0.92578125 0.80078125
vt 0.9296875 0.80078125
vt 0.93359375 0.80078125
vt 0.9296875 0.80078125
vt 0.9296875 0.78125
vt 0.93359375 0.78125
vn 0.07547908730517358 -0.9961946980917454 -0.04357787137382924
vn 0.5000000000000001 0 0.8660254037844387
vn -0.07547908730517358 0.9961946980917454 0.04357787137382924
vn -0.5000000000000001 0 -0.8660254037844387
vn 0.8627299156628208 0.08715574274765847 -0.49809734904587283
vn -0.8627299156628208 -0.08715574274765847 0.49809734904587283
usemtl m_f18e4d70-e62f-3225-0177-13cdc6e50965
f 956/2860/715 959/2859/715 957/2858/715 954/2857/715
f 955/2864/716 956/2863/716 954/2862/716 953/2861/716
f 960/2868/717 955/2867/717 953/2866/717 958/2865/717
f 959/2872/718 960/2871/718 958/2870/718 957/2869/718
f 958/2876/719 953/2875/719 954/2874/719 957/2873/719
f 959/2880/720 956/2879/720 955/2878/720 960/2877/720
o bone72
v -0.4123879956609951 1.0514123734762637 0.38950792848109417
v -0.38419104568966345 0.8667609197864747 0.3732284118248194
v -0.4656922789080228 1.0405593623720806 0.4202831707627257
v -0.4374953289366912 0.8559079086822916 0.40400365410645095
v -0.41544104568966345 0.8667609197864747 0.319101824088292
v -0.4436379956609951 1.0514123734762637 0.33538134074456677
v -0.4687453289366912 0.8559079086822916 0.3498770663699235
v -0.4969422789080228 1.0405593623720806 0.36615658302619825
vt 0.69921875 0.6796875
vt 0.703125 0.6796875
vt 0.703125 0.67578125
vt 0.69921875 0.67578125
vt 0.6875 0.6796875
vt 0.69921875 0.6796875
vt 0.69921875 0.67578125
vt 0.6875 0.67578125
vt 0.71484375 0.6796875
vt 0.71875 0.6796875
vt 0.71875 0.67578125
vt 0.71484375 0.67578125
vt 0.703125 0.6796875
vt 0.71484375 0.6796875
vt 0.71484375 0.67578125
vt 0.703125 0.67578125
vt 0.703125 0.6796875
vt 0.69921875 0.6796875
vt 0.69921875 0.69140625
vt 0.703125 0.69140625
vt 0.70703125 0.69140625
vt 0.703125 0.69140625
vt 0.703125 0.6796875
vt 0.70703125 0.6796875
vn 0.15038373318043546 -0.9848077530122081 -0.08682408883346529
vn 0.5000000000000001 0 0.8660254037844387
vn -0.15038373318043546 0.9848077530122081 0.08682408883346529
vn -0.5000000000000001 0 -0.8660254037844387
vn 0.8528685319524433 0.17364817766693055 -0.4924038765061042
vn -0.8528685319524433 -0.17364817766693055 0.4924038765061042
usemtl m_f18e4d70-e62f-3225-0177-13cdc6e50965
f 964/2884/721 967/2883/721 965/2882/721 962/2881/721
f 963/2888/722 964/2887/722 962/2886/722 961/2885/722
f 968/2892/723 963/2891/723 961/2890/723 966/2889/723
f 967/2896/724 968/2895/724 966/2894/724 965/2893/724
f 966/2900/725 961/2899/725 962/2898/725 965/2897/725
f 967/2904/726 964/2903/726 963/2902/726 968/2901/726
o bone73
v -0.38844006050488544 0.8823212627424087 0.3756815816721786
v -0.29694052281221883 0.6557443159832462 0.32285429895459117
v -0.4374954084562227 0.855907621383615 0.4040037000170739
v -0.3459958707635561 0.6293306746244525 0.35117641729948645
v -0.32819052281221883 0.6557443159832462 0.26872771121806377
v -0.41969006050488544 0.8823212627424087 0.3215549939356512
v -0.3772458707635561 0.6293306746244525 0.29704982956295906
v -0.4687454084562227 0.855907621383615 0.34987711228054647
vt 0.765625 0.734375
vt 0.76953125 0.734375
vt 0.76953125 0.73046875
vt 0.765625 0.73046875
vt 0.75 0.734375
vt 0.765625 0.734375
vt 0.765625 0.73046875
vt 0.75 0.73046875
vt 0.78515625 0.734375
vt 0.7890625 0.734375
vt 0.7890625 0.73046875
vt 0.78515625 0.73046875
vt 0.76953125 0.734375
vt 0.78515625 0.734375
vt 0.78515625 0.73046875
vt 0.76953125 0.73046875
vt 0.76953125 0.734375
vt 0.765625 0.734375
vt 0.765625 0.75
vt 0.76953125 0.75
vt 0.7734375 0.75
vt 0.76953125 0.75
vt 0.76953125 0.734375
vt 0.7734375 0.734375
vn 0.36599815077066666 -0.90630778703665 -0.2113091308703497
vn 0.5000000000000001 2.7755575615628914e-17 0.8660254037844386
vn -0.36599815077066666 0.90630778703665 0.2113091308703497
vn -0.5000000000000001 -2.7755575615628914e-17 -0.8660254037844386
vn 0.7848855672213958 0.42261826174069933 -0.45315389351832513
vn -0.7848855672213958 -0.42261826174069933 0.45315389351832513
usemtl m_f18e4d70-e62f-3225-0177-13cdc6e50965
f 972/2908/727 975/2907/727 973/2906/727 970/2905/727
f 971/2912/728 972/2911/728 970/2910/728 969/2909/728
f 976/2916/729 971/2915/729 969/2914/729 974/2913/729
f 975/2920/730 976/2919/730 974/2918/730 973/2917/730
f 974/2924/731 969/2923/731 970/2922/731 973/2921/731
f 975/2928/732 972/2927/732 971/2926/732 976/2925/732
o bone74
v -1.3086337325509008 0.7860174651018017 0.8708712541101842
v -0.4180087325509009 1.3797674651018017 0.35666867061317364
v -1.0109374999999998 0.19062500000000016 0.6989962541101842
v -0.12031250000000004 0.784375 0.18479367061317364
v -0.4180087325509009 1.3797674651018017 0.35666867061317364
v -1.3086337325509008 0.7860174651018017 0.8708712541101842
v -0.12031250000000004 0.784375 0.18479367061317364
v -1.0109374999999998 0.19062500000000016 0.6989962541101842
vt 0.76171875 1
vt 0.76171875 1
vt 0.76171875 0.95703125
vt 0.76171875 0.95703125
vt 0.6875 1
vt 0.76171875 1
vt 0.76171875 0.95703125
vt 0.6875 0.95703125
vt 0.8359375 1
vt 0.8359375 1
vt 0.8359375 0.95703125
vt 0.8359375 0.95703125
vt 0.76171875 1
vt 0.8359375 1
vt 0.8359375 0.95703125
vt 0.76171875 0.95703125
vt 0.76171875 1
vt 0.76171875 1
vt 0.76171875 1.07421875
vt 0.76171875 1.07421875
vt 0.76171875 1.07421875
vt 0.76171875 1.07421875
vt 0.76171875 1
vt 0.76171875 1
vn 0.75 0.4999999999999999 -0.43301270189221946
vn 0.5000000000000001 2.7755575615628914e-17 0.8660254037844386
vn -0.75 -0.4999999999999999 0.43301270189221946
vn -0.5000000000000001 -2.7755575615628914e-17 -0.8660254037844386
vn -0.43301270189221924 0.8660254037844388 0.25
vn 0.43301270189221924 -0.8660254037844388 -0.25
usemtl m_f18e4d70-e62f-3225-0177-13cdc6e50965
f 980/2932/733 983/2931/733 981/2930/733 978/2929/733
f 979/2936/734 980/2935/734 978/2934/734 977/2933/734
f 984/2940/735 979/2939/735 977/2938/735 982/2937/735
f 983/2944/736 984/2943/736 982/2942/736 981/2941/736
f 982/2948/737 977/2947/737 978/2946/737 981/2945/737
f 983/2952/738 980/2951/738 979/2950/738 984/2949/738